seed,method,scenario,regime,n_cells,positive_cells,tp,fp,fn,tn,precision,recall,f1,clean_channel_fpr,average_precision,top1_localization,localization_rows,bystander_fpr,bystander_cells,clean_row_alarm_rate,score_coverage,common_complete_row_fraction
42,single_marginal,observed,all,5646,154,88,2385,66,3107,0.03558431055398301,0.5714285714285714,0.06699657403882756,0.4342680262199563,0.08647866880680698,0.42857142857142855,154,0.43506493506493504,308,0.6834490740740741,0.9934027777777777,0.9802083333333333
42,single_marginal,observed,warehouse,1860,50,37,25,13,1785,0.5967741935483871,0.74,0.6607142857142857,0.013812154696132596,0.7750558274797481,0.9,50,0.01,100,0.04035087719298246,0.9895833333333334,0.96875
42,single_marginal,observed,transit_smooth,1866,43,18,1056,25,767,0.01675977653631285,0.4186046511627907,0.03222918531781558,0.5792649478880966,0.27470517656638305,0.27906976744186046,43,0.5348837209302325,86,1.0,0.990625,0.971875
42,single_marginal,observed,transit_rough,1920,61,33,1304,28,555,0.02468212415856395,0.5409836065573771,0.04721030042918455,0.7014523937600861,0.08810377205396758,0.14754098360655737,61,0.7131147540983607,122,1.0,1.0,1.0
42,single_marginal,clean,all,5760,0,0,2491,0,3269,0.0,,0.0,0.43246527777777777,,,0,,0,0.6796875,1.0,1.0
42,single_marginal,clean,warehouse,1920,0,0,26,0,1894,0.0,,0.0,0.013541666666666667,,,0,,0,0.0390625,1.0,1.0
42,single_marginal,clean,transit_smooth,1920,0,0,1120,0,800,0.0,,0.0,0.5833333333333334,,,0,,0,1.0,1.0,1.0
42,single_marginal,clean,transit_rough,1920,0,0,1345,0,575,0.0,,0.0,0.7005208333333334,,,0,,0,1.0,1.0,1.0
42,pooled_marginal,observed,all,5646,154,56,64,98,5428,0.4666666666666667,0.36363636363636365,0.40875912408759124,0.011653313911143482,0.38978923295467616,0.6363636363636364,154,0.012987012987012988,308,0.030671296296296297,0.9934027777777777,0.9802083333333333
42,pooled_marginal,observed,warehouse,1860,50,18,12,32,1798,0.6,0.36,0.45,0.0066298342541436465,0.45037282986105076,0.62,50,0.0,100,0.021052631578947368,0.9895833333333334,0.96875
42,pooled_marginal,observed,transit_smooth,1866,43,16,4,27,1819,0.8,0.37209302325581395,0.5079365079365079,0.0021941854086670325,0.5650150588445672,0.8372093023255814,43,0.0,86,0.0069084628670120895,0.990625,0.971875
42,pooled_marginal,observed,transit_rough,1920,61,22,48,39,1811,0.3142857142857143,0.36065573770491804,0.33587786259541985,0.025820333512641205,0.30243651937752164,0.5081967213114754,61,0.03278688524590164,122,0.06390328151986183,1.0,1.0
42,pooled_marginal,clean,all,5760,0,0,67,0,5693,0.0,,0.0,0.011631944444444445,,,0,,0,0.030729166666666665,1.0,1.0
42,pooled_marginal,clean,warehouse,1920,0,0,13,0,1907,0.0,,0.0,0.0067708333333333336,,,0,,0,0.0203125,1.0,1.0
42,pooled_marginal,clean,transit_smooth,1920,0,0,4,0,1916,0.0,,0.0,0.0020833333333333333,,,0,,0,0.00625,1.0,1.0
42,pooled_marginal,clean,transit_rough,1920,0,0,50,0,1870,0.0,,0.0,0.026041666666666668,,,0,,0,0.065625,1.0,1.0
42,regime_marginal,observed,all,5646,154,100,73,54,5419,0.5780346820809249,0.6493506493506493,0.6116207951070336,0.013292061179898033,0.6966077381290425,0.8831168831168831,154,0.00974025974025974,308,0.03819444444444445,0.9934027777777777,0.9802083333333333
42,regime_marginal,observed,warehouse,1860,50,37,25,13,1785,0.5967741935483871,0.74,0.6607142857142857,0.013812154696132596,0.7750558274797481,0.9,50,0.01,100,0.04035087719298246,0.9895833333333334,0.96875
42,regime_marginal,observed,transit_smooth,1866,43,33,21,10,1802,0.6111111111111112,0.7674418604651163,0.6804123711340206,0.01151947339550192,0.7801321820463067,0.9302325581395349,43,0.0,86,0.031088082901554404,0.990625,0.971875
42,regime_marginal,observed,transit_rough,1920,61,30,27,31,1832,0.5263157894736842,0.4918032786885246,0.5084745762711864,0.014523937600860678,0.5597628020074426,0.8360655737704918,61,0.01639344262295082,122,0.04317789291882556,1.0,1.0
42,regime_marginal,clean,all,5760,0,0,75,0,5685,0.0,,0.0,0.013020833333333334,,,0,,0,0.03697916666666667,1.0,1.0
42,regime_marginal,clean,warehouse,1920,0,0,26,0,1894,0.0,,0.0,0.013541666666666667,,,0,,0,0.0390625,1.0,1.0
42,regime_marginal,clean,transit_smooth,1920,0,0,21,0,1899,0.0,,0.0,0.0109375,,,0,,0,0.028125,1.0,1.0
42,regime_marginal,clean,transit_rough,1920,0,0,28,0,1892,0.0,,0.0,0.014583333333333334,,,0,,0,0.04375,1.0,1.0
42,pooled_conditional,observed,all,5646,154,84,122,70,5370,0.4077669902912621,0.5454545454545454,0.4666666666666667,0.02221412964311726,0.41658986172445955,0.7532467532467533,154,0.22077922077922077,308,0.02488425925925926,0.9802083333333333,0.9802083333333333
42,pooled_conditional,observed,warehouse,1860,50,26,16,24,1794,0.6190476190476191,0.52,0.5652173913043478,0.008839779005524863,0.4356140392225566,0.72,50,0.16,100,0.0,0.96875,0.96875
42,pooled_conditional,observed,transit_smooth,1866,43,22,31,21,1792,0.41509433962264153,0.5116279069767442,0.4583333333333333,0.017004936917169502,0.4407743823614954,0.8604651162790697,43,0.19767441860465115,86,0.022452504317789293,0.971875,0.971875
42,pooled_conditional,observed,transit_rough,1920,61,36,75,25,1784,0.32432432432432434,0.5901639344262295,0.4186046511627907,0.04034427111350188,0.43488631796069255,0.7049180327868853,61,0.28688524590163933,122,0.05181347150259067,1.0,1.0
42,pooled_conditional,clean,all,5760,0,0,61,0,5699,0.0,,0.0,0.010590277777777778,,,0,,0,0.025,1.0,1.0
42,pooled_conditional,clean,warehouse,1920,0,0,0,0,1920,,,,0.0,,,0,,0,0.0,1.0,1.0
42,pooled_conditional,clean,transit_smooth,1920,0,0,14,0,1906,0.0,,0.0,0.007291666666666667,,,0,,0,0.0203125,1.0,1.0
42,pooled_conditional,clean,transit_rough,1920,0,0,47,0,1873,0.0,,0.0,0.024479166666666666,,,0,,0,0.0546875,1.0,1.0
42,regime_conditional,observed,all,5646,154,108,162,46,5330,0.4,0.7012987012987013,0.5094339622641509,0.029497450837581936,0.5887787729779307,0.8636363636363636,154,0.30844155844155846,308,0.03761574074074074,0.9802083333333333,0.9802083333333333
42,regime_conditional,observed,warehouse,1860,50,38,69,12,1741,0.35514018691588783,0.76,0.4840764331210191,0.03812154696132597,0.6852306346248915,0.9,50,0.49,100,0.03333333333333333,0.96875,0.96875
42,regime_conditional,observed,transit_smooth,1866,43,35,50,8,1773,0.4117647058823529,0.813953488372093,0.546875,0.027427317608337904,0.6828151239281471,0.9069767441860465,43,0.313953488372093,86,0.037996545768566495,0.971875,0.971875
42,regime_conditional,observed,transit_rough,1920,61,35,43,26,1816,0.44871794871794873,0.5737704918032787,0.5035971223021583,0.023130715438407747,0.5796593139690869,0.8032786885245902,61,0.1557377049180328,122,0.04145077720207254,1.0,1.0
42,regime_conditional,clean,all,5760,0,0,76,0,5684,0.0,,0.0,0.013194444444444444,,,0,,0,0.03802083333333333,1.0,1.0
42,regime_conditional,clean,warehouse,1920,0,0,23,0,1897,0.0,,0.0,0.011979166666666667,,,0,,0,0.0328125,1.0,1.0
42,regime_conditional,clean,transit_smooth,1920,0,0,25,0,1895,0.0,,0.0,0.013020833333333334,,,0,,0,0.0375,1.0,1.0
42,regime_conditional,clean,transit_rough,1920,0,0,28,0,1892,0.0,,0.0,0.014583333333333334,,,0,,0,0.04375,1.0,1.0
43,single_marginal,observed,all,5646,154,101,2351,53,3141,0.04119086460032626,0.6558441558441559,0.07751343054489639,0.4280772032046613,0.1956510034782354,0.4025974025974026,154,0.5292207792207793,308,0.6660879629629629,0.9934027777777777,0.9802083333333333
43,single_marginal,observed,warehouse,1869,28,23,18,5,1823,0.5609756097560976,0.8214285714285714,0.6666666666666666,0.00977729494839761,0.8214713959437814,0.8571428571428571,28,0.0,56,0.030252100840336135,0.9911458333333333,0.9734375
43,single_marginal,observed,transit_smooth,1857,54,39,999,15,804,0.03757225433526012,0.7222222222222222,0.07142857142857142,0.5540765391014975,0.2671892962310232,0.3333333333333333,54,0.5277777777777778,108,1.0,0.9890625,0.9671875
43,single_marginal,observed,transit_rough,1920,72,39,1334,33,514,0.028404952658412235,0.5416666666666666,0.05397923875432526,0.7218614718614719,0.23158614526266202,0.2777777777777778,72,0.7361111111111112,144,1.0,1.0,1.0
43,single_marginal,clean,all,5760,0,0,2464,0,3296,0.0,,0.0,0.42777777777777776,,,0,,0,0.6760416666666667,1.0,1.0
43,single_marginal,clean,warehouse,1920,0,0,18,0,1902,0.0,,0.0,0.009375,,,0,,0,0.028125,1.0,1.0
43,single_marginal,clean,transit_smooth,1920,0,0,1066,0,854,0.0,,0.0,0.5552083333333333,,,0,,0,1.0,1.0,1.0
43,single_marginal,clean,transit_rough,1920,0,0,1380,0,540,0.0,,0.0,0.71875,,,0,,0,1.0,1.0,1.0
43,pooled_marginal,observed,all,5646,154,51,105,103,5387,0.3269230769230769,0.33116883116883117,0.32903225806451614,0.019118718135469774,0.3057485360004718,0.6558441558441559,154,0.025974025974025976,308,0.047453703703703706,0.9934027777777777,0.9802083333333333
43,pooled_marginal,observed,warehouse,1869,28,12,2,16,1839,0.8571428571428571,0.42857142857142855,0.5714285714285714,0.0010863661053775121,0.46168393968832766,0.6428571428571429,28,0.0,56,0.0033613445378151263,0.9911458333333333,0.9734375
43,pooled_marginal,observed,transit_smooth,1857,54,10,7,44,1796,0.5882352941176471,0.18518518518518517,0.28169014084507044,0.003882418191902385,0.4146681697382572,0.8333333333333334,54,0.0,108,0.012389380530973451,0.9890625,0.9671875
43,pooled_marginal,observed,transit_rough,1920,72,29,96,43,1752,0.232,0.4027777777777778,0.29441624365482233,0.05194805194805195,0.3478333624359427,0.5277777777777778,72,0.05555555555555555,144,0.12852112676056338,1.0,1.0
43,pooled_marginal,clean,all,5760,0,0,109,0,5651,0.0,,0.0,0.01892361111111111,,,0,,0,0.04739583333333333,1.0,1.0
43,pooled_marginal,clean,warehouse,1920,0,0,2,0,1918,0.0,,0.0,0.0010416666666666667,,,0,,0,0.003125,1.0,1.0
43,pooled_marginal,clean,transit_smooth,1920,0,0,7,0,1913,0.0,,0.0,0.0036458333333333334,,,0,,0,0.0109375,1.0,1.0
43,pooled_marginal,clean,transit_rough,1920,0,0,100,0,1820,0.0,,0.0,0.052083333333333336,,,0,,0,0.128125,1.0,1.0
43,regime_marginal,observed,all,5646,154,88,82,66,5410,0.5176470588235295,0.5714285714285714,0.5432098765432098,0.014930808448652586,0.60440005012986,0.8181818181818182,154,0.012987012987012988,308,0.04050925925925926,0.9934027777777777,0.9802083333333333
43,regime_marginal,observed,warehouse,1869,28,23,18,5,1823,0.5609756097560976,0.8214285714285714,0.6666666666666666,0.00977729494839761,0.8214713959437814,0.8571428571428571,28,0.0,56,0.030252100840336135,0.9911458333333333,0.9734375
43,regime_marginal,observed,transit_smooth,1857,54,30,20,24,1783,0.6,0.5555555555555556,0.5769230769230769,0.011092623405435386,0.6350347281638318,0.9074074074074074,54,0.009259259259259259,108,0.033628318584070796,0.9890625,0.9671875
43,regime_marginal,observed,transit_rough,1920,72,35,44,37,1804,0.4430379746835443,0.4861111111111111,0.46357615894039733,0.023809523809523808,0.5062402305347826,0.7361111111111112,72,0.020833333333333332,144,0.058098591549295774,1.0,1.0
43,regime_marginal,clean,all,5760,0,0,85,0,5675,0.0,,0.0,0.014756944444444444,,,0,,0,0.03958333333333333,1.0,1.0
43,regime_marginal,clean,warehouse,1920,0,0,18,0,1902,0.0,,0.0,0.009375,,,0,,0,0.028125,1.0,1.0
43,regime_marginal,clean,transit_smooth,1920,0,0,20,0,1900,0.0,,0.0,0.010416666666666666,,,0,,0,0.03125,1.0,1.0
43,regime_marginal,clean,transit_rough,1920,0,0,47,0,1873,0.0,,0.0,0.024479166666666666,,,0,,0,0.059375,1.0,1.0
43,pooled_conditional,observed,all,5646,154,78,108,76,5384,0.41935483870967744,0.5064935064935064,0.4588235294117647,0.019664967225054626,0.40910914676854976,0.7012987012987013,154,0.16233766233766234,308,0.028935185185185185,0.9802083333333333,0.9802083333333333
43,pooled_conditional,observed,warehouse,1869,28,19,13,9,1828,0.59375,0.6785714285714286,0.6333333333333333,0.007061379684953829,0.5451712158948822,0.6428571428571429,28,0.21428571428571427,56,0.0016806722689075631,0.9734375,0.9734375
43,pooled_conditional,observed,transit_smooth,1857,54,23,42,31,1761,0.35384615384615387,0.42592592592592593,0.3865546218487395,0.02329450915141431,0.3752847930034614,0.7592592592592593,54,0.14814814814814814,108,0.04070796460176991,0.9671875,0.9671875
43,pooled_conditional,observed,transit_rough,1920,72,36,53,36,1795,0.4044943820224719,0.5,0.4472049689440994,0.02867965367965368,0.41148381101833864,0.6805555555555556,72,0.1527777777777778,144,0.045774647887323945,1.0,1.0
43,pooled_conditional,clean,all,5760,0,0,70,0,5690,0.0,,0.0,0.012152777777777778,,,0,,0,0.03125,1.0,1.0
43,pooled_conditional,clean,warehouse,1920,0,0,1,0,1919,0.0,,0.0,0.0005208333333333333,,,0,,0,0.0015625,1.0,1.0
43,pooled_conditional,clean,transit_smooth,1920,0,0,30,0,1890,0.0,,0.0,0.015625,,,0,,0,0.0421875,1.0,1.0
43,pooled_conditional,clean,transit_rough,1920,0,0,39,0,1881,0.0,,0.0,0.0203125,,,0,,0,0.05,1.0,1.0
43,regime_conditional,observed,all,5646,154,99,139,55,5353,0.41596638655462187,0.6428571428571429,0.5051020408163265,0.02530954115076475,0.5012404314587352,0.8571428571428571,154,0.20454545454545456,308,0.041666666666666664,0.9802083333333333,0.9802083333333333
43,regime_conditional,observed,warehouse,1869,28,24,50,4,1791,0.32432432432432434,0.8571428571428571,0.47058823529411764,0.027159152634437807,0.6272090372054195,0.8571428571428571,28,0.44642857142857145,56,0.03865546218487395,0.9734375,0.9734375
43,regime_conditional,observed,transit_smooth,1857,54,36,51,18,1752,0.41379310344827586,0.6666666666666666,0.5106382978723404,0.028286189683860232,0.5712083816165253,0.9444444444444444,54,0.2037037037037037,108,0.047787610619469026,0.9671875,0.9671875
43,regime_conditional,observed,transit_rough,1920,72,39,38,33,1810,0.5064935064935064,0.5416666666666666,0.5234899328859061,0.020562770562770564,0.5554933028015447,0.7916666666666666,72,0.1111111111111111,144,0.03873239436619718,1.0,1.0
43,regime_conditional,clean,all,5760,0,0,83,0,5677,0.0,,0.0,0.014409722222222223,,,0,,0,0.040625,1.0,1.0
43,regime_conditional,clean,warehouse,1920,0,0,28,0,1892,0.0,,0.0,0.014583333333333334,,,0,,0,0.040625,1.0,1.0
43,regime_conditional,clean,transit_smooth,1920,0,0,31,0,1889,0.0,,0.0,0.016145833333333335,,,0,,0,0.04375,1.0,1.0
43,regime_conditional,clean,transit_rough,1920,0,0,24,0,1896,0.0,,0.0,0.0125,,,0,,0,0.0375,1.0,1.0
44,single_marginal,observed,all,5646,154,113,2384,41,3108,0.04525430516619944,0.7337662337662337,0.08525084873632592,0.4340859431900947,0.10118555641516733,0.5454545454545454,154,0.38311688311688313,308,0.6782407407407407,0.9934027777777777,0.9802083333333333
44,single_marginal,observed,warehouse,1854,45,36,17,9,1792,0.6792452830188679,0.8,0.7346938775510204,0.009397457158651189,0.8291146003233723,0.8666666666666667,45,0.0,90,0.029668411867364748,0.9885416666666667,0.965625
44,single_marginal,observed,transit_smooth,1920,63,42,1031,21,826,0.0391425908667288,0.6666666666666666,0.07394366197183098,0.5551965535810447,0.16276464020586046,0.49206349206349204,63,0.4365079365079365,126,1.0,1.0,1.0
44,single_marginal,observed,transit_rough,1872,46,35,1336,11,490,0.025528811086797956,0.7608695652173914,0.04940014114326041,0.7316538882803943,0.08817488561809804,0.30434782608695654,46,0.6847826086956522,92,1.0,0.9916666666666667,0.975
44,single_marginal,clean,all,5760,0,0,2498,0,3262,0.0,,0.0,0.43368055555555557,,,0,,0,0.6770833333333334,1.0,1.0
44,single_marginal,clean,warehouse,1920,0,0,20,0,1900,0.0,,0.0,0.010416666666666666,,,0,,0,0.03125,1.0,1.0
44,single_marginal,clean,transit_smooth,1920,0,0,1075,0,845,0.0,,0.0,0.5598958333333334,,,0,,0,1.0,1.0,1.0
44,single_marginal,clean,transit_rough,1920,0,0,1403,0,517,0.0,,0.0,0.7307291666666667,,,0,,0,1.0,1.0,1.0
44,pooled_marginal,observed,all,5646,154,47,49,107,5443,0.4895833333333333,0.3051948051948052,0.376,0.008922068463219229,0.31767882175333817,0.6233766233766234,154,0.003246753246753247,308,0.024305555555555556,0.9934027777777777,0.9802083333333333
44,pooled_marginal,observed,warehouse,1854,45,11,0,34,1809,1.0,0.24444444444444444,0.39285714285714285,0.0,0.28194048174732084,0.4222222222222222,45,0.0,90,0.0,0.9885416666666667,0.965625
44,pooled_marginal,observed,transit_smooth,1920,63,21,1,42,1856,0.9545454545454546,0.3333333333333333,0.49411764705882355,0.0005385029617662897,0.5218344146103658,0.8095238095238095,63,0.0,126,0.0017331022530329288,1.0,1.0
44,pooled_marginal,observed,transit_rough,1872,46,15,48,31,1778,0.23809523809523808,0.32608695652173914,0.27522935779816515,0.02628696604600219,0.25954533392033174,0.5652173913043478,46,0.010869565217391304,92,0.07093425605536333,0.9916666666666667,0.975
44,pooled_marginal,clean,all,5760,0,0,51,0,5709,0.0,,0.0,0.008854166666666666,,,0,,0,0.0234375,1.0,1.0
44,pooled_marginal,clean,warehouse,1920,0,0,0,0,1920,,,,0.0,,,0,,0,0.0,1.0,1.0
44,pooled_marginal,clean,transit_smooth,1920,0,0,1,0,1919,0.0,,0.0,0.0005208333333333333,,,0,,0,0.0015625,1.0,1.0
44,pooled_marginal,clean,transit_rough,1920,0,0,50,0,1870,0.0,,0.0,0.026041666666666668,,,0,,0,0.06875,1.0,1.0
44,regime_marginal,observed,all,5646,154,102,54,52,5438,0.6538461538461539,0.6623376623376623,0.6580645161290323,0.009832483612527313,0.6993943542096035,0.8311688311688312,154,0.003246753246753247,308,0.029513888888888888,0.9934027777777777,0.9802083333333333
44,regime_marginal,observed,warehouse,1854,45,36,17,9,1792,0.6792452830188679,0.8,0.7346938775510204,0.009397457158651189,0.8291146003233723,0.8666666666666667,45,0.0,90,0.029668411867364748,0.9885416666666667,0.965625
44,regime_marginal,observed,transit_smooth,1920,63,39,19,24,1838,0.6724137931034483,0.6190476190476191,0.6446280991735537,0.010231556273559504,0.65751713475668,0.7936507936507936,63,0.007936507936507936,126,0.03119584055459272,1.0,1.0
44,regime_marginal,observed,transit_rough,1872,46,27,18,19,1808,0.6,0.5869565217391305,0.5934065934065934,0.009857612267250822,0.6137195478591209,0.8478260869565217,46,0.0,92,0.02768166089965398,0.9916666666666667,0.975
44,regime_marginal,clean,all,5760,0,0,57,0,5703,0.0,,0.0,0.009895833333333333,,,0,,0,0.028645833333333332,1.0,1.0
44,regime_marginal,clean,warehouse,1920,0,0,20,0,1900,0.0,,0.0,0.010416666666666666,,,0,,0,0.03125,1.0,1.0
44,regime_marginal,clean,transit_smooth,1920,0,0,19,0,1901,0.0,,0.0,0.009895833333333333,,,0,,0,0.0296875,1.0,1.0
44,regime_marginal,clean,transit_rough,1920,0,0,18,0,1902,0.0,,0.0,0.009375,,,0,,0,0.025,1.0,1.0
44,pooled_conditional,observed,all,5646,154,69,81,85,5411,0.46,0.44805194805194803,0.45394736842105265,0.014748725418790968,0.3771992273932445,0.6428571428571429,154,0.1461038961038961,308,0.017939814814814815,0.9802083333333333,0.9802083333333333
44,pooled_conditional,observed,warehouse,1854,45,18,15,27,1794,0.5454545454545454,0.4,0.46153846153846156,0.008291873963515755,0.41856163339864944,0.4666666666666667,45,0.16666666666666666,90,0.0,0.965625,0.965625
44,pooled_conditional,observed,transit_smooth,1920,63,31,37,32,1820,0.45588235294117646,0.49206349206349204,0.4732824427480916,0.01992460958535272,0.3957075725639182,0.7619047619047619,63,0.18253968253968253,126,0.022530329289428077,1.0,1.0
44,pooled_conditional,observed,transit_rough,1872,46,20,29,26,1797,0.40816326530612246,0.43478260869565216,0.42105263157894735,0.01588170865279299,0.33981069097528865,0.6521739130434783,46,0.07608695652173914,92,0.031141868512110725,0.975,0.975
44,pooled_conditional,clean,all,5760,0,0,37,0,5723,0.0,,0.0,0.006423611111111111,,,0,,0,0.016666666666666666,1.0,1.0
44,pooled_conditional,clean,warehouse,1920,0,0,0,0,1920,,,,0.0,,,0,,0,0.0,1.0,1.0
44,pooled_conditional,clean,transit_smooth,1920,0,0,15,0,1905,0.0,,0.0,0.0078125,,,0,,0,0.021875,1.0,1.0
44,pooled_conditional,clean,transit_rough,1920,0,0,22,0,1898,0.0,,0.0,0.011458333333333333,,,0,,0,0.028125,1.0,1.0
44,regime_conditional,observed,all,5646,154,106,162,48,5330,0.39552238805970147,0.6883116883116883,0.5023696682464455,0.029497450837581936,0.5966838201277488,0.8311688311688312,154,0.32792207792207795,308,0.03356481481481482,0.9802083333333333,0.9802083333333333
44,regime_conditional,observed,warehouse,1854,45,37,69,8,1740,0.3490566037735849,0.8222222222222222,0.4900662251655629,0.03814262023217247,0.6954351099394012,0.8444444444444444,45,0.5111111111111111,90,0.038394415357766144,0.965625,0.965625
44,regime_conditional,observed,transit_smooth,1920,63,39,73,24,1784,0.3482142857142857,0.6190476190476191,0.44571428571428573,0.039310716208939146,0.6077566390840828,0.8095238095238095,63,0.36507936507936506,126,0.045060658578856154,1.0,1.0
44,regime_conditional,observed,transit_rough,1872,46,30,20,16,1806,0.6,0.6521739130434783,0.625,0.01095290251916758,0.60446035596621,0.8478260869565217,46,0.09782608695652174,92,0.01730103806228374,0.975,0.975
44,regime_conditional,clean,all,5760,0,0,65,0,5695,0.0,,0.0,0.011284722222222222,,,0,,0,0.03229166666666667,1.0,1.0
44,regime_conditional,clean,warehouse,1920,0,0,25,0,1895,0.0,,0.0,0.013020833333333334,,,0,,0,0.0375,1.0,1.0
44,regime_conditional,clean,transit_smooth,1920,0,0,29,0,1891,0.0,,0.0,0.015104166666666667,,,0,,0,0.04375,1.0,1.0
44,regime_conditional,clean,transit_rough,1920,0,0,11,0,1909,0.0,,0.0,0.005729166666666666,,,0,,0,0.015625,1.0,1.0
45,single_marginal,observed,all,5646,154,111,2384,43,3108,0.04448897795591182,0.7207792207792207,0.08380520951302378,0.4340859431900947,0.10661057857904425,0.5844155844155844,154,0.33116883116883117,308,0.6840277777777778,0.9934027777777777,0.9802083333333333
45,single_marginal,observed,warehouse,1851,63,39,10,24,1778,0.7959183673469388,0.6190476190476191,0.6964285714285714,0.005592841163310962,0.6908921106517625,0.873015873015873,63,0.0,126,0.01444043321299639,0.9880208333333333,0.9640625
45,single_marginal,observed,transit_smooth,1902,34,20,1062,14,806,0.018484288354898338,0.5882352941176471,0.035842293906810034,0.5685224839400428,0.36821675036348167,0.4117647058823529,34,0.4411764705882353,68,1.0,0.996875,0.990625
45,single_marginal,observed,transit_rough,1893,57,52,1312,5,524,0.03812316715542522,0.9122807017543859,0.07318789584799437,0.7145969498910676,0.10466801775679946,0.3684210526315789,57,0.631578947368421,114,1.0,0.9953125,0.9859375
45,single_marginal,clean,all,5760,0,0,2484,0,3276,0.0,,0.0,0.43125,,,0,,0,0.6708333333333333,1.0,1.0
45,single_marginal,clean,warehouse,1920,0,0,10,0,1910,0.0,,0.0,0.005208333333333333,,,0,,0,0.0125,1.0,1.0
45,single_marginal,clean,transit_smooth,1920,0,0,1096,0,824,0.0,,0.0,0.5708333333333333,,,0,,0,1.0,1.0,1.0
45,single_marginal,clean,transit_rough,1920,0,0,1378,0,542,0.0,,0.0,0.7177083333333333,,,0,,0,1.0,1.0,1.0
45,pooled_marginal,observed,all,5646,154,52,66,102,5426,0.4406779661016949,0.33766233766233766,0.38235294117647056,0.012017479970866714,0.3505808461167925,0.5974025974025974,154,0.00974025974025974,308,0.030671296296296297,0.9934027777777777,0.9802083333333333
45,pooled_marginal,observed,warehouse,1851,63,23,1,40,1787,0.9583333333333334,0.36507936507936506,0.5287356321839081,0.0005592841163310962,0.45344459606922166,0.5873015873015873,63,0.0,126,0.0018050541516245488,0.9880208333333333,0.9640625
45,pooled_marginal,observed,transit_smooth,1902,34,8,4,26,1864,0.6666666666666666,0.23529411764705882,0.34782608695652173,0.0021413276231263384,0.3450049780600843,0.7058823529411765,34,0.0,68,0.006666666666666667,0.996875,0.990625
45,pooled_marginal,observed,transit_rough,1893,57,21,61,36,1775,0.25609756097560976,0.3684210526315789,0.302158273381295,0.0332244008714597,0.3106440444768958,0.543859649122807,57,0.02631578947368421,114,0.08362369337979095,0.9953125,0.9859375
45,pooled_marginal,clean,all,5760,0,0,68,0,5692,0.0,,0.0,0.011805555555555555,,,0,,0,0.030208333333333334,1.0,1.0
45,pooled_marginal,clean,warehouse,1920,0,0,1,0,1919,0.0,,0.0,0.0005208333333333333,,,0,,0,0.0015625,1.0,1.0
45,pooled_marginal,clean,transit_smooth,1920,0,0,4,0,1916,0.0,,0.0,0.0020833333333333333,,,0,,0,0.00625,1.0,1.0
45,pooled_marginal,clean,transit_rough,1920,0,0,63,0,1857,0.0,,0.0,0.0328125,,,0,,0,0.0828125,1.0,1.0
45,regime_marginal,observed,all,5646,154,93,56,61,5436,0.6241610738255033,0.6038961038961039,0.6138613861386139,0.010196649672250545,0.6530032159028232,0.8766233766233766,154,0.00974025974025974,308,0.028356481481481483,0.9934027777777777,0.9802083333333333
45,regime_marginal,observed,warehouse,1851,63,39,10,24,1778,0.7959183673469388,0.6190476190476191,0.6964285714285714,0.005592841163310962,0.6908921106517625,0.873015873015873,63,0.0,126,0.01444043321299639,0.9880208333333333,0.9640625
45,regime_marginal,observed,transit_smooth,1902,34,19,26,15,1842,0.4222222222222222,0.5588235294117647,0.4810126582278481,0.013918629550321198,0.5545868190390731,0.8235294117647058,34,0.029411764705882353,68,0.03833333333333333,0.996875,0.990625
45,regime_marginal,observed,transit_rough,1893,57,35,20,22,1816,0.6363636363636364,0.6140350877192983,0.625,0.010893246187363835,0.6842731997313312,0.9122807017543859,57,0.008771929824561403,114,0.0313588850174216,0.9953125,0.9859375
45,regime_marginal,clean,all,5760,0,0,57,0,5703,0.0,,0.0,0.009895833333333333,,,0,,0,0.027604166666666666,1.0,1.0
45,regime_marginal,clean,warehouse,1920,0,0,10,0,1910,0.0,,0.0,0.005208333333333333,,,0,,0,0.0125,1.0,1.0
45,regime_marginal,clean,transit_smooth,1920,0,0,27,0,1893,0.0,,0.0,0.0140625,,,0,,0,0.040625,1.0,1.0
45,regime_marginal,clean,transit_rough,1920,0,0,20,0,1900,0.0,,0.0,0.010416666666666666,,,0,,0,0.0296875,1.0,1.0
45,pooled_conditional,observed,all,5646,154,77,107,77,5385,0.41847826086956524,0.5,0.4556213017751479,0.019482884195193007,0.40837906437229127,0.6363636363636364,154,0.18506493506493507,308,0.02488425925925926,0.9802083333333333,0.9802083333333333
45,pooled_conditional,observed,warehouse,1851,63,32,25,31,1763,0.5614035087719298,0.5079365079365079,0.5333333333333333,0.013982102908277404,0.45310744071798803,0.6666666666666666,63,0.1984126984126984,126,0.0,0.9640625,0.9640625
45,pooled_conditional,observed,transit_smooth,1902,34,15,36,19,1832,0.29411764705882354,0.4411764705882353,0.35294117647058826,0.019271948608137045,0.3486780329541839,0.6176470588235294,34,0.16176470588235295,68,0.035,0.990625,0.990625
45,pooled_conditional,observed,transit_rough,1893,57,30,46,27,1790,0.39473684210526316,0.5263157894736842,0.45112781954887216,0.02505446623093682,0.42958683577480866,0.6140350877192983,57,0.18421052631578946,114,0.03832752613240418,0.9859375,0.9859375
45,pooled_conditional,clean,all,5760,0,0,52,0,5708,0.0,,0.0,0.009027777777777777,,,0,,0,0.0234375,1.0,1.0
45,pooled_conditional,clean,warehouse,1920,0,0,0,0,1920,,,,0.0,,,0,,0,0.0,1.0,1.0
45,pooled_conditional,clean,transit_smooth,1920,0,0,25,0,1895,0.0,,0.0,0.013020833333333334,,,0,,0,0.0328125,1.0,1.0
45,pooled_conditional,clean,transit_rough,1920,0,0,27,0,1893,0.0,,0.0,0.0140625,,,0,,0,0.0375,1.0,1.0
45,regime_conditional,observed,all,5646,154,105,140,49,5352,0.42857142857142855,0.6818181818181818,0.5263157894736842,0.025491624180626365,0.5540735879050184,0.8766233766233766,154,0.2922077922077922,308,0.027777777777777776,0.9802083333333333,0.9802083333333333
45,regime_conditional,observed,warehouse,1851,63,41,61,22,1727,0.4019607843137255,0.6507936507936508,0.49696969696969695,0.03411633109619687,0.5438171479132146,0.8412698412698413,63,0.3968253968253968,126,0.019855595667870037,0.9640625,0.9640625
45,regime_conditional,observed,transit_smooth,1902,34,21,37,13,1831,0.3620689655172414,0.6176470588235294,0.45652173913043476,0.01980728051391863,0.5363444000124742,0.7941176470588235,34,0.25,68,0.03,0.990625,0.990625
45,regime_conditional,observed,transit_rough,1893,57,43,42,14,1794,0.5058823529411764,0.7543859649122807,0.6056338028169014,0.02287581699346405,0.7242538669033453,0.9649122807017544,57,0.20175438596491227,114,0.033101045296167246,0.9859375,0.9859375
45,regime_conditional,clean,all,5760,0,0,56,0,5704,0.0,,0.0,0.009722222222222222,,,0,,0,0.028125,1.0,1.0
45,regime_conditional,clean,warehouse,1920,0,0,12,0,1908,0.0,,0.0,0.00625,,,0,,0,0.01875,1.0,1.0
45,regime_conditional,clean,transit_smooth,1920,0,0,23,0,1897,0.0,,0.0,0.011979166666666667,,,0,,0,0.0328125,1.0,1.0
45,regime_conditional,clean,transit_rough,1920,0,0,21,0,1899,0.0,,0.0,0.0109375,,,0,,0,0.0328125,1.0,1.0
46,single_marginal,observed,all,5646,154,125,2367,29,3125,0.05016051364365971,0.8116883116883117,0.0944822373393802,0.4309905316824472,0.23203349715556634,0.7792207792207793,154,0.37987012987012986,308,0.6747685185185185,0.9934027777777777,0.9802083333333333
46,single_marginal,observed,warehouse,1896,51,44,22,7,1823,0.6666666666666666,0.8627450980392157,0.7521367521367521,0.011924119241192412,0.8808068994580122,0.9607843137254902,51,0.0196078431372549,102,0.03270223752151463,0.9958333333333333,0.9875
46,single_marginal,observed,transit_smooth,1920,47,41,1095,6,778,0.03609154929577465,0.8723404255319149,0.06931530008453085,0.5846235985050721,0.6380151665725246,0.6808510638297872,47,0.4574468085106383,94,1.0,1.0,1.0
46,single_marginal,observed,transit_rough,1830,56,40,1250,16,524,0.031007751937984496,0.7142857142857143,0.05943536404160475,0.7046223224351748,0.3022855615978059,0.6964285714285714,56,0.6428571428571429,112,1.0,0.984375,0.953125
46,single_marginal,clean,all,5760,0,0,2518,0,3242,0.0,,0.0,0.4371527777777778,,,0,,0,0.6776041666666667,1.0,1.0
46,single_marginal,clean,warehouse,1920,0,0,22,0,1898,0.0,,0.0,0.011458333333333333,,,0,,0,0.0328125,1.0,1.0
46,single_marginal,clean,transit_smooth,1920,0,0,1133,0,787,0.0,,0.0,0.5901041666666667,,,0,,0,1.0,1.0,1.0
46,single_marginal,clean,transit_rough,1920,0,0,1363,0,557,0.0,,0.0,0.7098958333333333,,,0,,0,1.0,1.0,1.0
46,pooled_marginal,observed,all,5646,154,45,57,109,5435,0.4411764705882353,0.2922077922077922,0.3515625,0.010378732702112163,0.336079940516221,0.577922077922078,154,0.01948051948051948,308,0.02488425925925926,0.9934027777777777,0.9802083333333333
46,pooled_marginal,observed,warehouse,1896,51,14,0,37,1845,1.0,0.27450980392156865,0.4307692307692308,0.0,0.400994878392206,0.5490196078431373,51,0.0,102,0.0,0.9958333333333333,0.9875
46,pooled_marginal,observed,transit_smooth,1920,47,15,1,32,1872,0.9375,0.3191489361702128,0.47619047619047616,0.0005339028296849973,0.6451312372999963,0.851063829787234,47,0.0,94,0.0016863406408094434,1.0,1.0
46,pooled_marginal,observed,transit_rough,1830,56,16,56,40,1718,0.2222222222222222,0.2857142857142857,0.25,0.03156708004509583,0.31325225141704416,0.375,56,0.05357142857142857,112,0.07581227436823104,0.984375,0.953125
46,pooled_marginal,clean,all,5760,0,0,66,0,5694,0.0,,0.0,0.011458333333333333,,,0,,0,0.028125,1.0,1.0
46,pooled_marginal,clean,warehouse,1920,0,0,0,0,1920,,,,0.0,,,0,,0,0.0,1.0,1.0
46,pooled_marginal,clean,transit_smooth,1920,0,0,1,0,1919,0.0,,0.0,0.0005208333333333333,,,0,,0,0.0015625,1.0,1.0
46,pooled_marginal,clean,transit_rough,1920,0,0,65,0,1855,0.0,,0.0,0.033854166666666664,,,0,,0,0.0828125,1.0,1.0
46,regime_marginal,observed,all,5646,154,111,53,43,5439,0.676829268292683,0.7207792207792207,0.6981132075471698,0.009650400582665695,0.7628398934000397,0.8571428571428571,154,0.016233766233766232,308,0.02662037037037037,0.9934027777777777,0.9802083333333333
46,regime_marginal,observed,warehouse,1896,51,44,22,7,1823,0.6666666666666666,0.8627450980392157,0.7521367521367521,0.011924119241192412,0.8808068994580122,0.9607843137254902,51,0.0196078431372549,102,0.03270223752151463,0.9958333333333333,0.9875
46,regime_marginal,observed,transit_smooth,1920,47,38,10,9,1863,0.7916666666666666,0.8085106382978723,0.8,0.005339028296849973,0.8394669151827435,0.8936170212765957,47,0.010638297872340425,94,0.013490725126475547,1.0,1.0
46,regime_marginal,observed,transit_rough,1830,56,29,21,27,1753,0.58,0.5178571428571429,0.5471698113207547,0.011837655016910935,0.5871144253262539,0.7321428571428571,56,0.017857142857142856,112,0.03429602888086643,0.984375,0.953125
46,regime_marginal,clean,all,5760,0,0,56,0,5704,0.0,,0.0,0.009722222222222222,,,0,,0,0.027604166666666666,1.0,1.0
46,regime_marginal,clean,warehouse,1920,0,0,22,0,1898,0.0,,0.0,0.011458333333333333,,,0,,0,0.0328125,1.0,1.0
46,regime_marginal,clean,transit_smooth,1920,0,0,11,0,1909,0.0,,0.0,0.005729166666666666,,,0,,0,0.015625,1.0,1.0
46,regime_marginal,clean,transit_rough,1920,0,0,23,0,1897,0.0,,0.0,0.011979166666666667,,,0,,0,0.034375,1.0,1.0
46,pooled_conditional,observed,all,5646,154,74,94,80,5398,0.44047619047619047,0.4805194805194805,0.45962732919254656,0.01711580480699199,0.4236233708086126,0.6168831168831169,154,0.19805194805194806,308,0.017361111111111112,0.9802083333333333,0.9802083333333333
46,pooled_conditional,observed,warehouse,1896,51,31,26,20,1819,0.543859649122807,0.6078431372549019,0.5740740740740741,0.014092140921409214,0.5343949926016116,0.5490196078431373,51,0.23529411764705882,102,0.0034423407917383822,0.9875,0.9875
46,pooled_conditional,observed,transit_smooth,1920,47,21,21,26,1852,0.5,0.44680851063829785,0.47191011235955055,0.011211959423384944,0.4099990694941474,0.8085106382978723,47,0.13829787234042554,94,0.013490725126475547,1.0,1.0
46,pooled_conditional,observed,transit_rough,1830,56,22,47,34,1727,0.3188405797101449,0.39285714285714285,0.352,0.02649379932356257,0.3977410621377686,0.5178571428571429,56,0.21428571428571427,112,0.036101083032490974,0.953125,0.953125
46,pooled_conditional,clean,all,5760,0,0,35,0,5725,0.0,,0.0,0.006076388888888889,,,0,,0,0.016666666666666666,1.0,1.0
46,pooled_conditional,clean,warehouse,1920,0,0,2,0,1918,0.0,,0.0,0.0010416666666666667,,,0,,0,0.003125,1.0,1.0
46,pooled_conditional,clean,transit_smooth,1920,0,0,8,0,1912,0.0,,0.0,0.004166666666666667,,,0,,0,0.0125,1.0,1.0
46,pooled_conditional,clean,transit_rough,1920,0,0,25,0,1895,0.0,,0.0,0.013020833333333334,,,0,,0,0.034375,1.0,1.0
46,regime_conditional,observed,all,5646,154,120,164,34,5328,0.4225352112676056,0.7792207792207793,0.547945205479452,0.02986161689730517,0.6578700975365228,0.8636363636363636,154,0.32792207792207795,308,0.034722222222222224,0.9802083333333333,0.9802083333333333
46,regime_conditional,observed,warehouse,1896,51,45,75,6,1770,0.375,0.8823529411764706,0.5263157894736842,0.04065040650406504,0.6663138849591246,0.9411764705882353,51,0.47058823529411764,102,0.04475043029259897,0.9875,0.9875
46,regime_conditional,observed,transit_smooth,1920,47,40,45,7,1828,0.47058823529411764,0.851063829787234,0.6060606060606061,0.02402562733582488,0.8037064486432808,0.8936170212765957,47,0.3191489361702128,94,0.023608768971332208,1.0,1.0
46,regime_conditional,observed,transit_rough,1830,56,35,44,21,1730,0.4430379746835443,0.625,0.5185185185185185,0.02480270574971815,0.6200505782928472,0.7678571428571429,56,0.20535714285714285,112,0.036101083032490974,0.953125,0.953125
46,regime_conditional,clean,all,5760,0,0,69,0,5691,0.0,,0.0,0.011979166666666667,,,0,,0,0.034375,1.0,1.0
46,regime_conditional,clean,warehouse,1920,0,0,29,0,1891,0.0,,0.0,0.015104166666666667,,,0,,0,0.04375,1.0,1.0
46,regime_conditional,clean,transit_smooth,1920,0,0,17,0,1903,0.0,,0.0,0.008854166666666666,,,0,,0,0.025,1.0,1.0
46,regime_conditional,clean,transit_rough,1920,0,0,23,0,1897,0.0,,0.0,0.011979166666666667,,,0,,0,0.034375,1.0,1.0
