method,scenario,regime,n_cells_mean,n_cells_std,n_cells_count,positive_cells_mean,positive_cells_std,positive_cells_count,tp_mean,tp_std,tp_count,fp_mean,fp_std,fp_count,fn_mean,fn_std,fn_count,tn_mean,tn_std,tn_count,precision_mean,precision_std,precision_count,recall_mean,recall_std,recall_count,f1_mean,f1_std,f1_count,clean_channel_fpr_mean,clean_channel_fpr_std,clean_channel_fpr_count,average_precision_mean,average_precision_std,average_precision_count,top1_localization_mean,top1_localization_std,top1_localization_count,localization_rows_mean,localization_rows_std,localization_rows_count,bystander_fpr_mean,bystander_fpr_std,bystander_fpr_count,bystander_cells_mean,bystander_cells_std,bystander_cells_count,clean_row_alarm_rate_mean,clean_row_alarm_rate_std,clean_row_alarm_rate_count,score_coverage_mean,score_coverage_std,score_coverage_count,common_complete_row_fraction_mean,common_complete_row_fraction_std,common_complete_row_fraction_count
pooled_conditional,clean,all,5760.0,0.0,5,0.0,0.0,5,0.0,0.0,5,51.0,15.116216457830975,5,0.0,0.0,5,5709.0,15.116216457830975,5,0.0,0.0,5,,,0,0.0,0.0,5,0.008854166666666666,0.0026243431350401,5,,,0,,,0,0.0,0.0,5,,,0,0.0,0.0,5,0.022604166666666668,0.006158179689107272,5,1.0,0.0,5,1.0,0.0,5
pooled_conditional,clean,transit_rough,1920.0,0.0,5,0.0,0.0,5,0.0,0.0,5,32.0,10.583005244258363,5,0.0,0.0,5,1888.0,10.583005244258363,5,0.0,0.0,5,,,0,0.0,0.0,5,0.016666666666666666,0.005511981898051231,5,,,0,,,0,0.0,0.0,5,,,0,0.0,0.0,5,0.0409375,0.01107061848994897,5,1.0,0.0,5,1.0,0.0,5
pooled_conditional,clean,transit_smooth,1920.0,0.0,5,0.0,0.0,5,0.0,0.0,5,18.4,8.905054744357274,5,0.0,0.0,5,1901.6,8.905054744357294,5,0.0,0.0,5,,,0,0.0,0.0,5,0.009583333333333334,0.004638049346019414,5,,,0,,,0,0.0,0.0,5,,,0,0.0,0.0,5,0.025937500000000002,0.011619370276611382,5,1.0,0.0,5,1.0,0.0,5
pooled_conditional,clean,warehouse,1920.0,0.0,5,0.0,0.0,5,0.0,0.0,5,0.6,0.8944271909999159,5,0.0,0.0,5,1919.4,0.8944271909999302,5,0.0,0.0,2,,,0,0.0,0.0,2,0.0003125,0.00046584749531245617,5,,,0,,,0,0.0,0.0,5,,,0,0.0,0.0,5,0.0009375000000000002,0.0013975424859373688,5,1.0,0.0,5,1.0,0.0,5
pooled_conditional,observed,all,5646.0,0.0,5,154.0,0.0,5,76.4,5.504543577809154,5,102.4,15.533834040570927,5,77.6,5.504543577809154,5,5389.6,15.53383404057097,5,0.429215256069339,0.02089885226457116,5,0.49610389610389605,0.035743789466293224,5,0.4589372390934357,0.004902230473782896,5,0.018645302257829573,0.002828447567474676,5,0.40698013421343154,0.017767500515556943,5,0.6701298701298701,0.05612283230216081,5,154.0,0.0,5,0.18246753246753247,0.02934677022980952,5,308.0,0.0,5,0.022800925925925926,0.004988278226738414,5,0.9802083333333333,0.0,5,0.9802083333333333,0.0,5
pooled_conditional,observed,transit_rough,1887.0,37.70941526992961,5,58.4,9.396807968666806,5,28.8,7.563068160475615,5,50.0,16.583123951777,5,29.6,5.029910535983716,5,1778.6,29.27968579066378,5,0.37011187869366535,0.04461417828418313,5,0.4888238950905418,0.07734731606103687,5,0.4179980142469419,0.03973684304885652,5,0.027290779800089586,0.008776756046887187,5,0.40270174357337946,0.0381302785755005,5,0.633907946392472,0.07316897713701652,5,58.4,9.396807968666806,5,0.182849244160532,0.07764675388190875,5,116.8,18.793615937333612,5,0.0406317194133841,0.008175795617139063,5,0.9828125,0.01964032045308834,5,0.9828125,0.01964032045308834,5
pooled_conditional,observed,transit_smooth,1893.0,29.8496231131986,5,48.2,10.986355173577815,5,22.4,5.727128425310541,5,33.4,7.956129712366434,5,25.8,5.805170109479997,5,1811.4,35.57808314116991,5,0.4037880986937591,0.08157845637708266,5,0.463520461238539,0.03647232937634245,5,0.42860433735206066,0.05533631027932413,5,0.018141592737091705,0.004481104924144885,5,0.3940887700754413,0.0348246649058998,5,0.7615573669128985,0.09041975908903643,5,48.2,10.986355173577815,5,0.16568496550305206,0.02439450689425602,5,96.4,21.97271034715563,5,0.02683630466709257,0.010896472979391166,5,0.9859375,0.01554667870479096,5,0.9859375,0.01554667870479096,5
pooled_conditional,observed,warehouse,1866.0,18.12456896039186,5,47.4,12.700393694685216,5,25.2,6.534523701081817,5,19.0,6.041522986797286,5,22.2,8.408329203831164,5,1799.6,25.422431040323417,5,0.5727030644793802,0.03276009611784569,5,0.5428702147525677,0.1058201409805694,5,0.55349931871671,0.06284419203958413,5,0.010453455296736214,0.003334439571750809,5,0.4773698643671375,0.05839415784910696,5,0.6090420168067227,0.10080819282293232,5,47.4,12.700393694685216,5,0.19493183940242761,0.03176065077798204,5,94.8,25.400787389370432,5,0.0010246026121291892,0.0015350339440897668,5,0.971875,0.009439879666870755,5,0.971875,0.009439879666870755,5
pooled_marginal,clean,all,5760.0,0.0,5,0.0,0.0,5,0.0,0.0,5,72.2,21.71865557533431,5,0.0,0.0,5,5687.8,21.718655575334374,5,0.0,0.0,5,,,0,0.0,0.0,5,0.012534722222222221,0.0037705999262733166,5,,,0,,,0,0.0,0.0,5,,,0,0.0,0.0,5,0.03197916666666667,0.009085519136852396,5,1.0,0.0,5,1.0,0.0,5
pooled_marginal,clean,transit_rough,1920.0,0.0,5,0.0,0.0,5,0.0,0.0,5,65.6,20.476816158768433,5,0.0,0.0,5,1854.4,20.476816158768447,5,0.0,0.0,5,,,0,0.0,0.0,5,0.034166666666666665,0.010665008416025227,5,,,0,,,0,0.0,0.0,5,,,0,0.0,0.0,5,0.08562499999999999,0.02503415635436912,5,1.0,0.0,5,1.0,0.0,5
pooled_marginal,clean,transit_smooth,1920.0,0.0,5,0.0,0.0,5,0.0,0.0,5,3.4,2.5099800796022267,5,0.0,0.0,5,1916.6,2.50998007960224,5,0.0,0.0,5,,,0,0.0,0.0,5,0.0017708333333333332,0.0013072812914594932,5,,,0,,,0,0.0,0.0,5,,,0,0.0,0.0,5,0.0053124999999999995,0.003921843874378479,5,1.0,0.0,5,1.0,0.0,5
pooled_marginal,clean,warehouse,1920.0,0.0,5,0.0,0.0,5,0.0,0.0,5,3.2,5.540758070878027,5,0.0,0.0,5,1916.8,5.540758070878032,5,0.0,0.0,3,,,0,0.0,0.0,3,0.0016666666666666666,0.002885811495248973,5,,,0,,,0,0.0,0.0,5,,,0,0.0,0.0,5,0.005,0.008657434485746919,5,1.0,0.0,5,1.0,0.0,5
pooled_marginal,observed,all,5646.0,0.0,5,154.0,0.0,5,50.2,4.324349662087932,5,68.2,21.626372788796555,5,103.8,4.32434966208793,5,5423.8,21.62637278879661,5,0.4330055027226014,0.06267622625119168,5,0.32597402597402597,0.028080192610960585,5,0.3695413646657156,0.030447127982125715,5,0.012418062636562272,0.003937795482300902,5,0.3399754754682999,0.0327020017211698,5,0.6181818181818182,0.03093799805083532,5,154.0,0.0,5,0.014285714285714285,0.008772244211757334,5,308.0,0.0,5,0.03159722222222222,0.009372499094866042,5,0.9934027777777776,0.0,5,0.9802083333333333,0.0,5
pooled_marginal,observed,transit_rough,1887.0,37.70941526992961,5,58.4,9.396807968666806,5,20.6,5.594640292279746,5,61.8,19.904773296875298,5,37.8,4.54972526643093,5,1766.8,34.448512304597415,5,0.25254014711575684,0.036656854299394005,5,0.34873116207005994,0.044538777246370745,5,0.29153634748594043,0.03193147017060181,5,0.033769366484650176,0.010662845536875527,5,0.3067423023255472,0.03159181794161284,5,0.5040103079032816,0.07510052476656563,5,58.4,9.396807968666806,5,0.035819844812792254,0.01888557232369333,5,116.8,18.793615937333612,5,0.0845589264167621,0.025604398794560945,5,0.9942708333333334,0.006546773484362811,5,0.9828125,0.01964032045308834,5
pooled_marginal,observed,transit_smooth,1893.0,29.8496231131986,5,48.2,10.986355173577815,5,14.0,5.1478150704935,5,3.4,2.5099800796022267,5,34.2,8.378544026261364,5,1841.4,32.49307618555063,5,0.7893894830659537,0.16190251743552353,5,0.28901091911832083,0.07655176400423079,5,0.42155217179747995,0.10088392999523746,5,0.0018580674030294086,0.0013951585854626214,5,0.4983307717106541,0.11943389598930007,5,0.807402525582227,0.05868987458234318,5,48.2,10.986355173577815,5,0.0,0.0,5,96.4,21.97271034715563,5,0.005876790591698916,0.004439372237532642,5,0.9953125,0.005182226234930331,5,0.9859375,0.01554667870479096,5
pooled_marginal,observed,warehouse,1866.0,18.12456896039186,5,47.4,12.700393694685216,5,15.6,4.929503017546495,5,3.0,5.0990195135927845,5,31.8,9.338094023943002,5,1815.6,25.412595302329912,5,0.883095238095238,0.16867917594976856,5,0.33452100840336135,0.07440363859938201,5,0.4747581154477706,0.07333911804012527,5,0.001655096895170451,0.0028173996704894152,5,0.4096873451516254,0.07528026236225907,5,0.564280112044818,0.08692291276952731,5,47.4,12.700393694685216,5,0.0,0.0,5,94.8,25.400787389370432,5,0.005243806053677408,0.0089482211129946,5,0.990625,0.0031466265556235953,5,0.971875,0.009439879666870755,5
regime_conditional,clean,all,5760.0,0.0,5,0.0,0.0,5,0.0,0.0,5,69.8,10.329569206893385,5,0.0,0.0,5,5690.2,10.32956920689349,5,0.0,0.0,5,,,0,0.0,0.0,5,0.012118055555555556,0.001793327987307879,5,,,0,,,0,0.0,0.0,5,,,0,0.0,0.0,5,0.0346875,0.0048802944896343655,5,1.0,0.0,5,1.0,0.0,5
regime_conditional,clean,transit_rough,1920.0,0.0,5,0.0,0.0,5,0.0,0.0,5,21.4,6.348228099241551,5,0.0,0.0,5,1898.6,6.348228099241548,5,0.0,0.0,5,,,0,0.0,0.0,5,0.011145833333333334,0.0033063688016883087,5,,,0,,,0,0.0,0.0,5,,,0,0.0,0.0,5,0.0328125,0.010481568644530263,5,1.0,0.0,5,1.0,0.0,5
regime_conditional,clean,transit_smooth,1920.0,0.0,5,0.0,0.0,5,0.0,0.0,5,25.0,5.477225575051661,5,0.0,0.0,5,1895.0,5.477225575051656,5,0.0,0.0,5,,,0,0.0,0.0,5,0.013020833333333334,0.0028527216536727404,5,,,0,,,0,0.0,0.0,5,,,0,0.0,0.0,5,0.0365625,0.007936515687000182,5,1.0,0.0,5,1.0,0.0,5
regime_conditional,clean,warehouse,1920.0,0.0,5,0.0,0.0,5,0.0,0.0,5,23.4,6.8044103344816,5,0.0,0.0,5,1896.6,6.804410334481574,5,0.0,0.0,5,,,0,0.0,0.0,5,0.0121875,0.0035439637158758337,5,,,0,,,0,0.0,0.0,5,,,0,0.0,0.0,5,0.034687499999999996,0.00978279740156158,5,1.0,0.0,5,1.0,0.0,5
regime_conditional,observed,all,5646.0,0.0,5,154.0,0.0,5,107.6,7.700649323271384,5,153.4,12.720062892926276,5,46.4,7.700649323271382,5,5338.6,12.720062892926327,5,0.41251908289067146,0.014278476841647514,5,0.6987012987012987,0.050004216384879105,5,0.5182333332560118,0.01903704998192543,5,0.02793153678077203,0.002316107591574339,5,0.5797293420011911,0.057649915441317236,5,0.8584415584415584,0.016808024812395794,5,154.0,0.0,5,0.29220779220779225,0.05123290207162175,5,308.0,0.0,5,0.035069444444444445,0.005137115977123181,5,0.9802083333333333,0.0,5,0.9802083333333333,0.0,5
regime_conditional,observed,transit_rough,1887.0,37.70941526992961,5,58.4,9.396807968666806,5,36.4,4.878524367060187,5,37.4,9.989994994993742,5,22.0,7.713624310270756,5,1791.2,35.14541221838209,5,0.5008263565672352,0.06314244707142766,5,0.6293994072851408,0.08208422884238498,5,0.5552478753046969,0.0557438638620995,5,0.02046498225270562,0.005527732946514024,5,0.6167834835866068,0.06489820279266367,5,0.8351081731413352,0.07815662691258017,5,58.4,9.396807968666806,5,0.15435728636154417,0.049788010978386976,5,116.8,18.793615937333612,5,0.033337267591842336,0.00948408621579179,5,0.9828125,0.01964032045308834,5,0.9828125,0.01964032045308834,5
regime_conditional,observed,transit_smooth,1893.0,29.8496231131986,5,48.2,10.986355173577815,5,34.2,7.661592523751182,5,51.2,13.386560424545209,5,14.0,7.106335201775948,5,1793.6,34.746222816300474,5,0.4012858591712547,0.048537648740805274,5,0.7136757325394284,0.111037106290072,5,0.5131619857555334,0.06620120800100923,5,0.027771426270176158,0.007262871878905039,5,0.640366198656902,0.10624108215379986,5,0.8697359332979439,0.06496570452844243,5,48.2,10.986355173577815,5,0.29037709866507494,0.06345604952092802,5,96.4,21.97271034715563,5,0.03689071678764478,0.01013169799973896,5,0.9859375,0.01554667870479096,5,0.9859375,0.01554667870479096,5
regime_conditional,observed,warehouse,1866.0,18.12456896039186,5,47.4,12.700393694685216,5,37.0,7.905694150420948,5,64.8,9.654014708917737,5,10.4,7.127411872482185,5,1753.8,26.07105674881629,5,0.3610963798655045,0.029136861169626674,5,0.7945023342670401,0.09253722656894389,5,0.49360327600481624,0.02070268636222597,5,0.03563801148563963,0.005286106220063011,5,0.6436011629284103,0.061565392382372554,5,0.8768067226890757,0.04294836189958302,5,47.4,12.700393694685216,5,0.4629906629318394,0.04403109765136033,5,94.8,25.400787389370432,5,0.03499784736728849,0.009381978569051817,5,0.971875,0.009439879666870755,5,0.971875,0.009439879666870755,5
regime_marginal,clean,all,5760.0,0.0,5,0.0,0.0,5,0.0,0.0,5,66.0,13.266499161421597,5,0.0,0.0,5,5694.0,13.266499161421502,5,0.0,0.0,5,,,0,0.0,0.0,5,0.011458333333333333,0.0023032116599690272,5,,,0,,,0,0.0,0.0,5,,,0,0.0,0.0,5,0.03208333333333333,0.005748074858883916,5,1.0,0.0,5,1.0,0.0,5
regime_marginal,clean,transit_rough,1920.0,0.0,5,0.0,0.0,5,0.0,0.0,5,27.2,11.691877522451216,5,0.0,0.0,5,1892.8,11.691877522451218,5,0.0,0.0,5,,,0,0.0,0.0,5,0.014166666666666666,0.006089519542943341,5,,,0,,,0,0.0,0.0,5,,,0,0.0,0.0,5,0.0384375,0.013603624287299321,5,1.0,0.0,5,1.0,0.0,5
regime_marginal,clean,transit_smooth,1920.0,0.0,5,0.0,0.0,5,0.0,0.0,5,19.6,5.727128425310542,5,0.0,0.0,5,1900.4,5.72712842531052,5,0.0,0.0,5,,,0,0.0,0.0,5,0.010208333333333333,0.002982879388182574,5,,,0,,,0,0.0,0.0,5,,,0,0.0,0.0,5,0.0290625,0.008948638164547721,5,1.0,0.0,5,1.0,0.0,5
regime_marginal,clean,warehouse,1920.0,0.0,5,0.0,0.0,5,0.0,0.0,5,19.2,5.932958789676531,5,0.0,0.0,5,1900.8,5.93295878967651,5,0.0,0.0,5,,,0,0.0,0.0,5,0.01,0.003090082702956527,5,,,0,,,0,0.0,0.0,5,,,0,0.0,0.0,5,0.028749999999999998,0.009919106405064923,5,1.0,0.0,5,1.0,0.0,5
regime_marginal,observed,all,5646.0,0.0,5,154.0,0.0,5,98.8,8.814760348415605,5,63.6,13.126309458488326,5,55.2,8.814760348415605,5,5428.4,13.126309458488466,5,0.6101036473737589,0.06352158274800992,5,0.6415584415584416,0.05723870356114029,5,0.6249739562930119,0.0579471657864024,5,0.011580480699198835,0.0023900781971027537,5,0.6832490503542739,0.05896143445175539,5,0.8532467532467531,0.028155173232050353,5,154.0,0.0,5,0.01038961038961039,0.004815713303308871,5,308.0,0.0,5,0.03263888888888889,0.006267657669704773,5,0.9934027777777776,0.0,5,0.9802083333333333,0.0,5
regime_marginal,observed,transit_rough,1887.0,37.70941526992961,5,58.4,9.396807968666806,5,31.2,3.63318042491699,5,26.0,10.606601717798213,5,27.2,7.155417527999327,5,1802.6,29.72877394040997,5,0.5571434801041729,0.07517537468149026,5,0.5393526284230414,0.05788189723685719,5,0.5475254279877864,0.06457547116603231,5,0.014184394976382015,0.0056528375982617405,5,0.5902220410917862,0.06593201098764095,5,0.8128852661470736,0.07754232349693264,5,58.4,9.396807968666806,5,0.01277116972759768,0.0084125376911735,5,116.8,18.793615937333612,5,0.03892261185321267,0.012153187094737094,5,0.9942708333333334,0.006546773484362811,5,0.9828125,0.01964032045308834,5
regime_marginal,observed,transit_smooth,1893.0,29.8496231131986,5,48.2,10.986355173577815,5,31.8,8.043631020876083,5,19.2,5.805170109479997,5,16.4,7.3006848993775915,5,1825.6,32.37746129640185,5,0.6194827586206897,0.13398728875075075,5,0.6618758405555856,0.1187476177240692,5,0.6365952410916998,0.11879845347808926,5,0.010420262184333597,0.0031525171238979684,5,0.693347555837727,0.11491430018130554,5,0.8696874384478075,0.058252182985755546,5,48.2,10.986355173577815,5,0.011449165954797995,0.010857374448833544,5,96.4,21.97271034715563,5,0.029547260100005357,0.009443971476409853,5,0.9953125,0.005182226234930331,5,0.9859375,0.01554667870479096,5
regime_marginal,observed,warehouse,1866.0,18.12456896039186,5,47.4,12.700393694685216,5,35.8,7.791020472312982,5,18.4,5.683308895353129,5,11.6,7.536577472566709,5,1800.2,21.393924371185378,5,0.6599160240673916,0.09040454240527043,5,0.7686442577030812,0.09463612193396594,5,0.7021280306994593,0.040516962650524,5,0.010100773441536953,0.003083005282044326,5,0.7994681667713353,0.07135083185151628,5,0.8915219421101774,0.04186685556991072,5,47.4,12.700393694685216,5,0.00592156862745098,0.008791226271788478,5,94.8,25.400787389370432,5,0.02948281212703887,0.009425748696122555,5,0.990625,0.0031466265556235953,5,0.971875,0.009439879666870755,5
single_marginal,clean,all,5760.0,0.0,5,0.0,0.0,5,0.0,0.0,5,2491.0,19.723082923316,5,0.0,0.0,5,3269.0,19.723082923316,5,0.0,0.0,5,,,0,0.0,0.0,5,0.43246527777777777,0.003424146340853485,5,,,0,,,0,0.0,0.0,5,,,0,0.0,0.0,5,0.67625,0.0033063688016883312,5,1.0,0.0,5,1.0,0.0,5
single_marginal,clean,transit_rough,1920.0,0.0,5,0.0,0.0,5,0.0,0.0,5,1373.8,21.533694527414468,5,0.0,0.0,5,546.2,21.533694527414468,5,0.0,0.0,5,,,0,0.0,0.0,5,0.7155208333333334,0.011215465899695,5,,,0,,,0,0.0,0.0,5,,,0,0.0,0.0,5,1.0,0.0,5,1.0,0.0,5,1.0,0.0,5
single_marginal,clean,transit_smooth,1920.0,0.0,5,0.0,0.0,5,0.0,0.0,5,1098.0,28.574464124459098,5,0.0,0.0,5,822.0,28.574464124459098,5,0.0,0.0,5,,,0,0.0,0.0,5,0.571875,0.014882533398155784,5,,,0,,,0,0.0,0.0,5,,,0,0.0,0.0,5,1.0,0.0,5,1.0,0.0,5,1.0,0.0,5
single_marginal,clean,warehouse,1920.0,0.0,5,0.0,0.0,5,0.0,0.0,5,19.2,5.932958789676531,5,0.0,0.0,5,1900.8,5.93295878967651,5,0.0,0.0,5,,,0,0.0,0.0,5,0.01,0.003090082702956527,5,,,0,,,0,0.0,0.0,5,,,0,0.0,0.0,5,0.028749999999999998,0.009919106405064923,5,1.0,0.0,5,1.0,0.0,5
single_marginal,observed,all,5646.0,0.0,5,154.0,0.0,5,107.6,13.885243966167826,5,2374.2,14.989996664442547,5,46.4,13.885243966167826,5,3117.8,14.989996664442547,5,0.043335794384016045,0.005391510323856816,5,0.6987012987012987,0.09016392185823263,5,0.08160966003449077,0.01017476433994277,5,0.4323015294974509,0.0027294240102772507,5,0.14439186088696404,0.0651089547659993,5,0.548051948051948,0.15016716383960788,5,154.0,0.0,5,0.4116883116883117,0.07528688035228509,5,308.0,0.0,5,0.6773148148148148,0.007349764869609522,5,0.9934027777777776,0.0,5,0.9802083333333333,0.0,5
single_marginal,observed,transit_rough,1887.0,37.70941526992961,5,58.4,9.396807968666806,5,39.8,7.395944834840239,5,1307.2,34.83102065687999,5,18.6,11.674759098157015,5,521.4,23.362362894193723,5,0.029549361399436768,0.005403738119262417,5,0.6940172508963071,0.15743964981342584,5,0.056642588043273864,0.010368959980383261,5,0.7148374052456389,0.012406609947447805,5,0.1629636764578666,0.0983811252855933,5,0.3589032423062884,0.20508874624718984,5,58.4,9.396807968666806,5,0.6816889128261376,0.04465939183718093,5,116.8,18.793615937333612,5,1.0,0.0,5,0.9942708333333334,0.006546773484362811,5,0.9828125,0.01964032045308834,5
single_marginal,observed,transit_smooth,1893.0,29.8496231131986,5,48.2,10.986355173577815,5,32.0,11.937336386313323,5,1048.6,35.906823863995555,5,16.2,7.259476565152614,5,796.2,23.60508419811292,5,0.029610091877794953,0.01101349134743163,5,0.6536138519402483,0.16749811843212148,5,0.056551802541911764,0.020658989284297356,5,0.5683368246031507,0.013790756117556788,5,0.3421782059878546,0.18066729568021986,5,0.43941647251016513,0.15715572610871778,5,48.2,10.986355173577815,5,0.4795585428629641,0.04796206031763758,5,96.4,21.97271034715563,5,1.0,0.0,5,0.9953125,0.005182226234930331,5,0.9859375,0.01554667870479096,5
single_marginal,observed,warehouse,1866.0,18.12456896039186,5,47.4,12.700393694685216,5,35.8,7.791020472312982,5,18.4,5.683308895353129,5,11.6,7.536577472566709,5,1800.2,21.393924371185378,5,0.6599160240673916,0.09040454240527043,5,0.7686442577030812,0.09463612193396594,5,0.7021280306994593,0.040516962650524,5,0.010100773441536953,0.003083005282044326,5,0.7994681667713353,0.07135083185151628,5,0.8915219421101774,0.04186685556991072,5,47.4,12.700393694685216,5,0.00592156862745098,0.008791226271788478,5,94.8,25.400787389370432,5,0.02948281212703887,0.009425748696122555,5,0.990625,0.0031466265556235953,5,0.971875,0.009439879666870755,5
