seed,scenario,method,temporal,view,any_active_hit,fresh_onset_hit,pre_active,fresh_delay_detected,fresh_delay_capped,scoreable_fraction,fully_unavailable,delay_fraction_capped
42,count1,regime_conditional,ewma,clean,0.08333333333333333,0.08333333333333333,0.0,4.0,11.333333333333334,1.0,0.0,0.9444444444444445
42,count1,regime_conditional,ewma,observed,0.8333333333333334,0.8333333333333334,0.0,4.6,5.833333333333333,1.0,0.0,0.4861111111111111
42,count1,regime_conditional,point,clean,0.16666666666666666,0.16666666666666666,0.0,6.0,11.0,1.0,0.0,0.9166666666666666
42,count1,regime_conditional,point,observed,0.8333333333333334,0.8333333333333334,0.0,2.9,4.416666666666667,1.0,0.0,0.3680555555555555
42,count1,regime_marginal,ewma,clean,0.0,0.0,0.0,,12.0,1.0,0.0,1.0
42,count1,regime_marginal,ewma,observed,0.5833333333333334,0.5833333333333334,0.0,4.857142857142857,7.833333333333333,1.0,0.0,0.6527777777777778
42,count1,regime_marginal,point,clean,0.3333333333333333,0.3333333333333333,0.08333333333333333,5.25,9.75,1.0,0.0,0.8125
42,count1,regime_marginal,point,observed,0.5833333333333334,0.5833333333333334,0.08333333333333333,3.142857142857143,6.833333333333333,1.0,0.0,0.5694444444444444
42,count3,regime_conditional,ewma,clean,0.08333333333333333,0.08333333333333333,0.0,2.6666666666666665,11.222222222222221,1.0,0.0,0.9351851851851851
42,count3,regime_conditional,ewma,observed,0.8333333333333334,0.8333333333333334,0.0,5.0,6.166666666666667,1.0,0.0,0.5138888888888888
42,count3,regime_conditional,point,clean,0.16666666666666666,0.16666666666666666,0.0,3.3333333333333335,10.555555555555555,1.0,0.0,0.8796296296296297
42,count3,regime_conditional,point,observed,0.6666666666666666,0.6666666666666666,0.0,4.25,6.833333333333333,1.0,0.0,0.5694444444444444
42,count3,regime_marginal,ewma,clean,0.05555555555555555,0.05555555555555555,0.027777777777777776,2.5,11.472222222222221,1.0,0.0,0.9560185185185185
42,count3,regime_marginal,ewma,observed,0.4444444444444444,0.4166666666666667,0.027777777777777776,4.6,8.916666666666666,1.0,0.0,0.7430555555555556
42,count3,regime_marginal,point,clean,0.19444444444444445,0.19444444444444445,0.027777777777777776,4.428571428571429,10.527777777777779,1.0,0.0,0.8773148148148148
42,count3,regime_marginal,point,observed,0.4722222222222222,0.4722222222222222,0.027777777777777776,3.7058823529411766,8.083333333333334,1.0,0.0,0.6736111111111112
42,duration24,regime_conditional,ewma,clean,0.25,0.25,0.0,11.666666666666666,20.916666666666668,1.0,0.0,0.8715277777777778
42,duration24,regime_conditional,ewma,observed,0.9583333333333334,0.9583333333333334,0.0,6.217391304347826,6.958333333333333,1.0,0.0,0.2899305555555555
42,duration24,regime_conditional,point,clean,0.2916666666666667,0.2916666666666667,0.0,9.142857142857142,19.666666666666668,1.0,0.0,0.8194444444444445
42,duration24,regime_conditional,point,observed,0.875,0.875,0.0,5.714285714285714,8.0,1.0,0.0,0.3333333333333333
42,duration24,regime_marginal,ewma,clean,0.20833333333333334,0.20833333333333334,0.0,17.4,22.625,1.0,0.0,0.9427083333333334
42,duration24,regime_marginal,ewma,observed,0.6666666666666666,0.6666666666666666,0.0,8.4375,13.625,1.0,0.0,0.5677083333333334
42,duration24,regime_marginal,point,clean,0.375,0.375,0.041666666666666664,9.666666666666666,18.625,1.0,0.0,0.7760416666666666
42,duration24,regime_marginal,point,observed,0.6666666666666666,0.6666666666666666,0.041666666666666664,7.4375,12.958333333333334,1.0,0.0,0.5399305555555556
42,duration4,regime_conditional,ewma,clean,0.0,0.0,0.0,,4.0,1.0,0.0,1.0
42,duration4,regime_conditional,ewma,observed,0.20833333333333334,0.20833333333333334,0.0,2.4,3.6666666666666665,1.0,0.0,0.9166666666666666
42,duration4,regime_conditional,point,clean,0.041666666666666664,0.041666666666666664,0.0,2.0,3.9166666666666665,1.0,0.0,0.9791666666666666
42,duration4,regime_conditional,point,observed,0.3333333333333333,0.3333333333333333,0.0,1.0,3.0,1.0,0.0,0.75
42,duration4,regime_marginal,ewma,clean,0.0,0.0,0.0,,4.0,1.0,0.0,1.0
42,duration4,regime_marginal,ewma,observed,0.08333333333333333,0.08333333333333333,0.0,2.0,3.8333333333333335,1.0,0.0,0.9583333333333334
42,duration4,regime_marginal,point,clean,0.08333333333333333,0.08333333333333333,0.041666666666666664,1.5,3.7916666666666665,1.0,0.0,0.9479166666666666
42,duration4,regime_marginal,point,observed,0.16666666666666666,0.16666666666666666,0.041666666666666664,1.25,3.5416666666666665,1.0,0.0,0.8854166666666666
42,magnitude2,regime_conditional,ewma,clean,0.08333333333333333,0.08333333333333333,0.0,4.0,11.333333333333334,1.0,0.0,0.9444444444444445
42,magnitude2,regime_conditional,ewma,observed,1.0,1.0,0.0,2.125,2.125,1.0,0.0,0.17708333333333334
42,magnitude2,regime_conditional,point,clean,0.16666666666666666,0.16666666666666666,0.0,4.5,10.75,1.0,0.0,0.8958333333333334
42,magnitude2,regime_conditional,point,observed,1.0,1.0,0.0,0.7083333333333334,0.7083333333333334,1.0,0.0,0.05902777777777778
42,magnitude2,regime_marginal,ewma,clean,0.0,0.0,0.0,,12.0,1.0,0.0,1.0
42,magnitude2,regime_marginal,ewma,observed,0.9166666666666666,0.9166666666666666,0.0,4.5,5.125,1.0,0.0,0.4270833333333333
42,magnitude2,regime_marginal,point,clean,0.20833333333333334,0.20833333333333334,0.041666666666666664,4.6,10.458333333333334,1.0,0.0,0.8715277777777778
42,magnitude2,regime_marginal,point,observed,0.8333333333333334,0.8333333333333334,0.041666666666666664,1.35,3.125,1.0,0.0,0.2604166666666667
42,magnitude4,regime_conditional,ewma,clean,0.08333333333333333,0.08333333333333333,0.0,4.0,11.333333333333334,1.0,0.0,0.9444444444444445
42,magnitude4,regime_conditional,ewma,observed,1.0,1.0,0.0,0.6666666666666666,0.6666666666666666,1.0,0.0,0.05555555555555555
42,magnitude4,regime_conditional,point,clean,0.16666666666666666,0.16666666666666666,0.0,4.5,10.75,1.0,0.0,0.8958333333333334
42,magnitude4,regime_conditional,point,observed,1.0,1.0,0.0,0.08333333333333333,0.08333333333333333,1.0,0.0,0.006944444444444444
42,magnitude4,regime_marginal,ewma,clean,0.0,0.0,0.0,,12.0,1.0,0.0,1.0
42,magnitude4,regime_marginal,ewma,observed,1.0,1.0,0.0,1.5416666666666667,1.5416666666666667,1.0,0.0,0.1284722222222222
42,magnitude4,regime_marginal,point,clean,0.20833333333333334,0.20833333333333334,0.041666666666666664,4.6,10.458333333333334,1.0,0.0,0.8715277777777778
42,magnitude4,regime_marginal,point,observed,1.0,1.0,0.041666666666666664,0.2916666666666667,0.2916666666666667,1.0,0.0,0.024305555555555552
42,steady_d12_n2_m1,regime_conditional,ewma,clean,0.08333333333333333,0.08333333333333333,0.0,4.0,11.333333333333334,1.0,0.0,0.9444444444444445
42,steady_d12_n2_m1,regime_conditional,ewma,observed,0.875,0.875,0.0,5.666666666666667,6.458333333333333,1.0,0.0,0.5381944444444444
42,steady_d12_n2_m1,regime_conditional,point,clean,0.16666666666666666,0.16666666666666666,0.0,4.5,10.75,1.0,0.0,0.8958333333333334
42,steady_d12_n2_m1,regime_conditional,point,observed,0.75,0.75,0.0,4.111111111111111,6.083333333333333,1.0,0.0,0.5069444444444444
42,steady_d12_n2_m1,regime_marginal,ewma,clean,0.0,0.0,0.0,,12.0,1.0,0.0,1.0
42,steady_d12_n2_m1,regime_marginal,ewma,observed,0.5,0.5,0.0,5.333333333333333,8.666666666666666,1.0,0.0,0.7222222222222222
42,steady_d12_n2_m1,regime_marginal,point,clean,0.20833333333333334,0.20833333333333334,0.041666666666666664,4.6,10.458333333333334,1.0,0.0,0.8715277777777778
42,steady_d12_n2_m1,regime_marginal,point,observed,0.5,0.5,0.041666666666666664,4.166666666666667,8.083333333333334,1.0,0.0,0.6736111111111112
42,switch_after6,regime_conditional,ewma,clean,0.08333333333333333,0.08333333333333333,0.0,8.5,11.708333333333334,1.0,0.0,0.9756944444444445
42,switch_after6,regime_conditional,ewma,observed,0.7916666666666666,0.7916666666666666,0.0,4.631578947368421,6.166666666666667,1.0,0.0,0.513888888888889
42,switch_after6,regime_conditional,point,clean,0.125,0.125,0.0,2.0,10.75,1.0,0.0,0.8958333333333334
42,switch_after6,regime_conditional,point,observed,0.6666666666666666,0.6666666666666666,0.0,4.1875,6.791666666666667,1.0,0.0,0.5659722222222222
42,switch_after6,regime_marginal,ewma,clean,0.125,0.125,0.041666666666666664,6.666666666666667,11.333333333333334,1.0,0.0,0.9444444444444445
42,switch_after6,regime_marginal,ewma,observed,0.3333333333333333,0.3333333333333333,0.041666666666666664,5.5,9.833333333333334,1.0,0.0,0.8194444444444445
42,switch_after6,regime_marginal,point,clean,0.16666666666666666,0.16666666666666666,0.0,6.25,11.041666666666666,1.0,0.0,0.9201388888888888
42,switch_after6,regime_marginal,point,observed,0.4166666666666667,0.4166666666666667,0.0,4.2,8.75,1.0,0.0,0.7291666666666666
42,switch_at,regime_conditional,ewma,clean,0.0,0.0,0.0,,12.0,1.0,0.0,1.0
42,switch_at,regime_conditional,ewma,observed,0.8333333333333334,0.8333333333333334,0.0,5.5,6.583333333333333,1.0,0.0,0.5486111111111112
42,switch_at,regime_conditional,point,clean,0.16666666666666666,0.16666666666666666,0.0,5.25,10.875,1.0,0.0,0.90625
42,switch_at,regime_conditional,point,observed,0.5833333333333334,0.5833333333333334,0.0,5.071428571428571,7.958333333333333,1.0,0.0,0.6631944444444444
42,switch_at,regime_marginal,ewma,clean,0.041666666666666664,0.041666666666666664,0.0,3.0,11.625,1.0,0.0,0.96875
42,switch_at,regime_marginal,ewma,observed,0.25,0.25,0.0,6.666666666666667,10.666666666666666,1.0,0.0,0.8888888888888888
42,switch_at,regime_marginal,point,clean,0.08333333333333333,0.08333333333333333,0.0,4.5,11.375,1.0,0.0,0.9479166666666666
42,switch_at,regime_marginal,point,observed,0.3333333333333333,0.3333333333333333,0.0,5.625,9.875,1.0,0.0,0.8229166666666666
42,switch_before6,regime_conditional,ewma,clean,0.08333333333333333,0.08333333333333333,0.0,1.5,11.125,1.0,0.0,0.9270833333333334
42,switch_before6,regime_conditional,ewma,observed,0.625,0.625,0.0,5.933333333333334,8.208333333333334,1.0,0.0,0.6840277777777778
42,switch_before6,regime_conditional,point,clean,0.25,0.25,0.0,2.6666666666666665,9.666666666666666,1.0,0.0,0.8055555555555555
42,switch_before6,regime_conditional,point,observed,0.6666666666666666,0.6666666666666666,0.0,4.0625,6.708333333333333,1.0,0.0,0.5590277777777778
42,switch_before6,regime_marginal,ewma,clean,0.08333333333333333,0.08333333333333333,0.0,5.0,11.416666666666666,1.0,0.0,0.9513888888888888
42,switch_before6,regime_marginal,ewma,observed,0.20833333333333334,0.20833333333333334,0.0,8.2,11.208333333333334,1.0,0.0,0.9340277777777778
42,switch_before6,regime_marginal,point,clean,0.16666666666666666,0.16666666666666666,0.0,2.25,10.375,1.0,0.0,0.8645833333333334
42,switch_before6,regime_marginal,point,observed,0.2916666666666667,0.2916666666666667,0.0,4.0,9.666666666666666,1.0,0.0,0.8055555555555555
42,switch_delay12,regime_conditional,ewma,clean,0.375,0.2916666666666667,0.08333333333333333,4.571428571428571,9.833333333333334,1.0,0.0,0.8194444444444445
42,switch_delay12,regime_conditional,ewma,observed,0.875,0.8333333333333334,0.08333333333333333,5.15,6.291666666666667,1.0,0.0,0.5243055555555556
42,switch_delay12,regime_conditional,point,clean,0.4166666666666667,0.3333333333333333,0.08333333333333333,4.0,9.333333333333334,1.0,0.0,0.7777777777777778
42,switch_delay12,regime_conditional,point,observed,0.8333333333333334,0.7916666666666666,0.08333333333333333,4.0,5.666666666666667,1.0,0.0,0.47222222222222227
42,switch_delay12,regime_marginal,ewma,clean,0.25,0.125,0.125,5.333333333333333,11.166666666666666,1.0,0.0,0.9305555555555555
42,switch_delay12,regime_marginal,ewma,observed,0.625,0.5833333333333334,0.125,5.5,8.208333333333334,1.0,0.0,0.6840277777777778
42,switch_delay12,regime_marginal,point,clean,0.375,0.3333333333333333,0.16666666666666666,4.875,9.625,1.0,0.0,0.8020833333333334
42,switch_delay12,regime_marginal,point,observed,0.625,0.5416666666666666,0.16666666666666666,4.923076923076923,8.166666666666666,1.0,0.0,0.6805555555555555
42,switch_random,regime_conditional,ewma,clean,0.125,0.125,0.0,5.333333333333333,11.166666666666666,1.0,0.0,0.9305555555555555
42,switch_random,regime_conditional,ewma,observed,0.875,0.875,0.0,6.142857142857143,6.875,1.0,0.0,0.5729166666666666
42,switch_random,regime_conditional,point,clean,0.16666666666666666,0.16666666666666666,0.0,4.5,10.75,1.0,0.0,0.8958333333333334
42,switch_random,regime_conditional,point,observed,0.7083333333333334,0.7083333333333334,0.0,3.588235294117647,6.041666666666667,1.0,0.0,0.5034722222222222
42,switch_random,regime_marginal,ewma,clean,0.125,0.125,0.0,8.0,11.5,1.0,0.0,0.9583333333333334
42,switch_random,regime_marginal,ewma,observed,0.5,0.5,0.0,5.166666666666667,8.583333333333334,1.0,0.0,0.7152777777777778
42,switch_random,regime_marginal,point,clean,0.25,0.25,0.041666666666666664,5.166666666666667,10.291666666666666,1.0,0.0,0.8576388888888888
42,switch_random,regime_marginal,point,observed,0.5416666666666666,0.5416666666666666,0.041666666666666664,4.230769230769231,7.791666666666667,1.0,0.0,0.6493055555555556
43,count1,regime_conditional,ewma,clean,0.0,0.0,0.0,,12.0,1.0,0.0,1.0
43,count1,regime_conditional,ewma,observed,1.0,1.0,0.0,5.083333333333333,5.083333333333333,1.0,0.0,0.42361111111111116
43,count1,regime_conditional,point,clean,0.16666666666666666,0.16666666666666666,0.0,1.0,10.166666666666666,1.0,0.0,0.8472222222222222
43,count1,regime_conditional,point,observed,0.8333333333333334,0.8333333333333334,0.0,3.7,5.083333333333333,1.0,0.0,0.4236111111111111
43,count1,regime_marginal,ewma,clean,0.08333333333333333,0.08333333333333333,0.0,11.0,11.916666666666666,1.0,0.0,0.9930555555555555
43,count1,regime_marginal,ewma,observed,0.5833333333333334,0.5833333333333334,0.0,6.571428571428571,8.833333333333334,1.0,0.0,0.7361111111111112
43,count1,regime_marginal,point,clean,0.0,0.0,0.0,,12.0,1.0,0.0,1.0
43,count1,regime_marginal,point,observed,0.5833333333333334,0.5833333333333334,0.0,3.2857142857142856,6.916666666666667,1.0,0.0,0.576388888888889
43,count3,regime_conditional,ewma,clean,0.027777777777777776,0.027777777777777776,0.05555555555555555,7.0,11.86111111111111,1.0,0.0,0.988425925925926
43,count3,regime_conditional,ewma,observed,0.8611111111111112,0.8611111111111112,0.05555555555555555,5.258064516129032,6.194444444444445,1.0,0.0,0.5162037037037037
43,count3,regime_conditional,point,clean,0.08333333333333333,0.08333333333333333,0.0,3.6666666666666665,11.305555555555555,1.0,0.0,0.9421296296296295
43,count3,regime_conditional,point,observed,0.75,0.75,0.0,4.851851851851852,6.638888888888889,1.0,0.0,0.5532407407407408
43,count3,regime_marginal,ewma,clean,0.08333333333333333,0.05555555555555555,0.027777777777777776,8.5,11.805555555555555,1.0,0.0,0.9837962962962963
43,count3,regime_marginal,ewma,observed,0.4722222222222222,0.4444444444444444,0.027777777777777776,6.6875,9.63888888888889,1.0,0.0,0.8032407407407408
43,count3,regime_marginal,point,clean,0.05555555555555555,0.05555555555555555,0.0,5.0,11.61111111111111,1.0,0.0,0.9675925925925927
43,count3,regime_marginal,point,observed,0.5555555555555556,0.5555555555555556,0.0,4.5,7.833333333333333,1.0,0.0,0.6527777777777778
43,duration24,regime_conditional,ewma,clean,0.08333333333333333,0.08333333333333333,0.041666666666666664,13.0,23.083333333333332,1.0,0.0,0.9618055555555555
43,duration24,regime_conditional,ewma,observed,0.9583333333333334,0.9583333333333334,0.041666666666666664,5.826086956521739,6.583333333333333,1.0,0.0,0.2743055555555555
43,duration24,regime_conditional,point,clean,0.25,0.25,0.0,10.5,20.625,1.0,0.0,0.859375
43,duration24,regime_conditional,point,observed,0.9166666666666666,0.9166666666666666,0.0,6.954545454545454,8.375,1.0,0.0,0.3489583333333333
43,duration24,regime_marginal,ewma,clean,0.041666666666666664,0.041666666666666664,0.0,11.0,23.458333333333332,1.0,0.0,0.9774305555555555
43,duration24,regime_marginal,ewma,observed,0.75,0.75,0.0,9.11111111111111,12.833333333333334,1.0,0.0,0.5347222222222222
43,duration24,regime_marginal,point,clean,0.08333333333333333,0.08333333333333333,0.0,8.5,22.708333333333332,1.0,0.0,0.9461805555555555
43,duration24,regime_marginal,point,observed,0.7083333333333334,0.7083333333333334,0.0,6.411764705882353,11.541666666666666,1.0,0.0,0.48090277777777773
43,duration4,regime_conditional,ewma,clean,0.0,0.0,0.041666666666666664,,4.0,1.0,0.0,1.0
43,duration4,regime_conditional,ewma,observed,0.25,0.25,0.041666666666666664,2.8333333333333335,3.7083333333333335,1.0,0.0,0.9270833333333334
43,duration4,regime_conditional,point,clean,0.08333333333333333,0.08333333333333333,0.0,1.0,3.75,1.0,0.0,0.9375
43,duration4,regime_conditional,point,observed,0.3333333333333333,0.3333333333333333,0.0,1.5,3.1666666666666665,1.0,0.0,0.7916666666666666
43,duration4,regime_marginal,ewma,clean,0.0,0.0,0.0,,4.0,1.0,0.0,1.0
43,duration4,regime_marginal,ewma,observed,0.041666666666666664,0.041666666666666664,0.0,2.0,3.9166666666666665,1.0,0.0,0.9791666666666666
43,duration4,regime_marginal,point,clean,0.0,0.0,0.0,,4.0,1.0,0.0,1.0
43,duration4,regime_marginal,point,observed,0.2916666666666667,0.2916666666666667,0.0,1.4285714285714286,3.25,1.0,0.0,0.8125
43,magnitude2,regime_conditional,ewma,clean,0.0,0.0,0.041666666666666664,,12.0,1.0,0.0,1.0
43,magnitude2,regime_conditional,ewma,observed,1.0,0.9583333333333334,0.041666666666666664,2.130434782608696,2.5416666666666665,1.0,0.0,0.21180555555555555
43,magnitude2,regime_conditional,point,clean,0.08333333333333333,0.08333333333333333,0.0,1.0,11.083333333333334,1.0,0.0,0.9236111111111112
43,magnitude2,regime_conditional,point,observed,1.0,1.0,0.0,1.2916666666666667,1.2916666666666667,1.0,0.0,0.10763888888888888
43,magnitude2,regime_marginal,ewma,clean,0.041666666666666664,0.041666666666666664,0.0,11.0,11.958333333333334,1.0,0.0,0.9965277777777778
43,magnitude2,regime_marginal,ewma,observed,0.9166666666666666,0.9166666666666666,0.0,3.8636363636363638,4.541666666666667,1.0,0.0,0.37847222222222227
43,magnitude2,regime_marginal,point,clean,0.041666666666666664,0.041666666666666664,0.0,4.0,11.666666666666666,1.0,0.0,0.9722222222222222
43,magnitude2,regime_marginal,point,observed,0.9166666666666666,0.9166666666666666,0.0,2.1363636363636362,2.9583333333333335,1.0,0.0,0.2465277777777778
43,magnitude4,regime_conditional,ewma,clean,0.0,0.0,0.041666666666666664,,12.0,1.0,0.0,1.0
43,magnitude4,regime_conditional,ewma,observed,1.0,0.9583333333333334,0.041666666666666664,0.6521739130434783,1.125,1.0,0.0,0.09375
43,magnitude4,regime_conditional,point,clean,0.08333333333333333,0.08333333333333333,0.0,1.0,11.083333333333334,1.0,0.0,0.9236111111111112
43,magnitude4,regime_conditional,point,observed,1.0,1.0,0.0,0.0,0.0,1.0,0.0,0.0
43,magnitude4,regime_marginal,ewma,clean,0.041666666666666664,0.041666666666666664,0.0,11.0,11.958333333333334,1.0,0.0,0.9965277777777778
43,magnitude4,regime_marginal,ewma,observed,1.0,1.0,0.0,1.4583333333333333,1.4583333333333333,1.0,0.0,0.12152777777777778
43,magnitude4,regime_marginal,point,clean,0.041666666666666664,0.041666666666666664,0.0,4.0,11.666666666666666,1.0,0.0,0.9722222222222222
43,magnitude4,regime_marginal,point,observed,1.0,1.0,0.0,0.041666666666666664,0.041666666666666664,1.0,0.0,0.003472222222222222
43,steady_d12_n2_m1,regime_conditional,ewma,clean,0.0,0.0,0.041666666666666664,,12.0,1.0,0.0,1.0
43,steady_d12_n2_m1,regime_conditional,ewma,observed,0.9166666666666666,0.9166666666666666,0.041666666666666664,5.5,6.041666666666667,1.0,0.0,0.5034722222222222
43,steady_d12_n2_m1,regime_conditional,point,clean,0.08333333333333333,0.08333333333333333,0.0,1.0,11.083333333333334,1.0,0.0,0.9236111111111112
43,steady_d12_n2_m1,regime_conditional,point,observed,0.7916666666666666,0.7916666666666666,0.0,5.0,6.458333333333333,1.0,0.0,0.5381944444444444
43,steady_d12_n2_m1,regime_marginal,ewma,clean,0.041666666666666664,0.041666666666666664,0.0,11.0,11.958333333333334,1.0,0.0,0.9965277777777778
43,steady_d12_n2_m1,regime_marginal,ewma,observed,0.5,0.5,0.0,6.833333333333333,9.416666666666666,1.0,0.0,0.7847222222222222
43,steady_d12_n2_m1,regime_marginal,point,clean,0.041666666666666664,0.041666666666666664,0.0,4.0,11.666666666666666,1.0,0.0,0.9722222222222222
43,steady_d12_n2_m1,regime_marginal,point,observed,0.5833333333333334,0.5833333333333334,0.0,4.785714285714286,7.791666666666667,1.0,0.0,0.6493055555555556
43,switch_after6,regime_conditional,ewma,clean,0.16666666666666666,0.16666666666666666,0.0,4.5,10.75,1.0,0.0,0.8958333333333334
43,switch_after6,regime_conditional,ewma,observed,0.8333333333333334,0.8333333333333334,0.0,5.2,6.333333333333333,1.0,0.0,0.5277777777777778
43,switch_after6,regime_conditional,point,clean,0.16666666666666666,0.16666666666666666,0.0,6.5,11.083333333333334,1.0,0.0,0.9236111111111112
43,switch_after6,regime_conditional,point,observed,0.8333333333333334,0.8333333333333334,0.0,4.3,5.583333333333333,1.0,0.0,0.46527777777777773
43,switch_after6,regime_marginal,ewma,clean,0.16666666666666666,0.16666666666666666,0.0,3.5,10.583333333333334,1.0,0.0,0.8819444444444445
43,switch_after6,regime_marginal,ewma,observed,0.4166666666666667,0.4166666666666667,0.0,2.7,8.125,1.0,0.0,0.6770833333333334
43,switch_after6,regime_marginal,point,clean,0.16666666666666666,0.16666666666666666,0.041666666666666664,4.0,10.666666666666666,1.0,0.0,0.8888888888888888
43,switch_after6,regime_marginal,point,observed,0.3333333333333333,0.3333333333333333,0.041666666666666664,3.0,9.0,1.0,0.0,0.75
43,switch_at,regime_conditional,ewma,clean,0.125,0.125,0.0,8.666666666666666,11.583333333333334,1.0,0.0,0.9652777777777778
43,switch_at,regime_conditional,ewma,observed,0.8333333333333334,0.8333333333333334,0.0,5.4,6.5,1.0,0.0,0.5416666666666666
43,switch_at,regime_conditional,point,clean,0.08333333333333333,0.08333333333333333,0.0,10.5,11.875,1.0,0.0,0.9895833333333334
43,switch_at,regime_conditional,point,observed,0.7083333333333334,0.7083333333333334,0.0,4.882352941176471,6.958333333333333,1.0,0.0,0.579861111111111
43,switch_at,regime_marginal,ewma,clean,0.125,0.125,0.041666666666666664,7.666666666666667,11.458333333333334,1.0,0.0,0.9548611111111112
43,switch_at,regime_marginal,ewma,observed,0.4166666666666667,0.4166666666666667,0.041666666666666664,6.1,9.541666666666666,1.0,0.0,0.7951388888888888
43,switch_at,regime_marginal,point,clean,0.125,0.125,0.0,4.333333333333333,11.041666666666666,1.0,0.0,0.9201388888888888
43,switch_at,regime_marginal,point,observed,0.5416666666666666,0.5416666666666666,0.0,3.4615384615384617,7.375,1.0,0.0,0.6145833333333334
43,switch_before6,regime_conditional,ewma,clean,0.041666666666666664,0.041666666666666664,0.041666666666666664,3.0,11.625,1.0,0.0,0.96875
43,switch_before6,regime_conditional,ewma,observed,0.75,0.75,0.041666666666666664,5.5,7.125,1.0,0.0,0.59375
43,switch_before6,regime_conditional,point,clean,0.0,0.0,0.041666666666666664,,12.0,1.0,0.0,1.0
43,switch_before6,regime_conditional,point,observed,0.5833333333333334,0.5833333333333334,0.041666666666666664,3.357142857142857,6.958333333333333,1.0,0.0,0.579861111111111
43,switch_before6,regime_marginal,ewma,clean,0.08333333333333333,0.0,0.08333333333333333,,12.0,1.0,0.0,1.0
43,switch_before6,regime_marginal,ewma,observed,0.2916666666666667,0.2916666666666667,0.08333333333333333,4.857142857142857,9.916666666666666,1.0,0.0,0.8263888888888888
43,switch_before6,regime_marginal,point,clean,0.125,0.125,0.0,6.0,11.25,1.0,0.0,0.9375
43,switch_before6,regime_marginal,point,observed,0.5833333333333334,0.5833333333333334,0.0,4.571428571428571,7.666666666666667,1.0,0.0,0.638888888888889
43,switch_delay12,regime_conditional,ewma,clean,0.20833333333333334,0.125,0.08333333333333333,3.6666666666666665,10.958333333333334,1.0,0.0,0.9131944444444445
43,switch_delay12,regime_conditional,ewma,observed,0.8333333333333334,0.8333333333333334,0.08333333333333333,5.2,6.333333333333333,1.0,0.0,0.5277777777777778
43,switch_delay12,regime_conditional,point,clean,0.25,0.20833333333333334,0.041666666666666664,2.6,10.041666666666666,1.0,0.0,0.8368055555555555
43,switch_delay12,regime_conditional,point,observed,0.7916666666666666,0.7916666666666666,0.041666666666666664,4.473684210526316,6.041666666666667,1.0,0.0,0.5034722222222222
43,switch_delay12,regime_marginal,ewma,clean,0.20833333333333334,0.125,0.08333333333333333,2.6666666666666665,10.833333333333334,1.0,0.0,0.9027777777777778
43,switch_delay12,regime_marginal,ewma,observed,0.5416666666666666,0.4583333333333333,0.08333333333333333,5.909090909090909,9.208333333333334,1.0,0.0,0.7673611111111112
43,switch_delay12,regime_marginal,point,clean,0.25,0.16666666666666666,0.125,2.5,10.416666666666666,1.0,0.0,0.8680555555555555
43,switch_delay12,regime_marginal,point,observed,0.625,0.5416666666666666,0.125,3.5384615384615383,7.416666666666667,1.0,0.0,0.6180555555555556
43,switch_random,regime_conditional,ewma,clean,0.041666666666666664,0.0,0.041666666666666664,,12.0,1.0,0.0,1.0
43,switch_random,regime_conditional,ewma,observed,0.8333333333333334,0.8333333333333334,0.041666666666666664,4.85,6.041666666666667,1.0,0.0,0.5034722222222222
43,switch_random,regime_conditional,point,clean,0.08333333333333333,0.08333333333333333,0.0,1.0,11.083333333333334,1.0,0.0,0.9236111111111112
43,switch_random,regime_conditional,point,observed,0.75,0.75,0.0,4.722222222222222,6.541666666666667,1.0,0.0,0.545138888888889
43,switch_random,regime_marginal,ewma,clean,0.0,0.0,0.0,,12.0,1.0,0.0,1.0
43,switch_random,regime_marginal,ewma,observed,0.5416666666666666,0.5416666666666666,0.0,6.846153846153846,9.208333333333334,1.0,0.0,0.7673611111111112
43,switch_random,regime_marginal,point,clean,0.08333333333333333,0.08333333333333333,0.041666666666666664,6.5,11.541666666666666,1.0,0.0,0.9618055555555555
43,switch_random,regime_marginal,point,observed,0.5416666666666666,0.5416666666666666,0.041666666666666664,4.384615384615385,7.875,1.0,0.0,0.65625
44,count1,regime_conditional,ewma,clean,0.3333333333333333,0.3333333333333333,0.0,5.0,9.666666666666666,1.0,0.0,0.8055555555555557
44,count1,regime_conditional,ewma,observed,0.75,0.75,0.0,4.888888888888889,6.666666666666667,1.0,0.0,0.5555555555555556
44,count1,regime_conditional,point,clean,0.16666666666666666,0.16666666666666666,0.0,0.5,10.083333333333334,1.0,0.0,0.8402777777777778
44,count1,regime_conditional,point,observed,0.5833333333333334,0.5833333333333334,0.0,3.2857142857142856,6.916666666666667,1.0,0.0,0.576388888888889
44,count1,regime_marginal,ewma,clean,0.08333333333333333,0.08333333333333333,0.0,8.0,11.666666666666666,1.0,0.0,0.9722222222222222
44,count1,regime_marginal,ewma,observed,0.5,0.5,0.0,4.333333333333333,8.166666666666666,1.0,0.0,0.6805555555555555
44,count1,regime_marginal,point,clean,0.25,0.25,0.0,4.666666666666667,10.166666666666666,1.0,0.0,0.8472222222222223
44,count1,regime_marginal,point,observed,0.5,0.5,0.0,3.8333333333333335,7.916666666666667,1.0,0.0,0.6597222222222222
44,count3,regime_conditional,ewma,clean,0.1111111111111111,0.1111111111111111,0.0,5.0,11.222222222222221,1.0,0.0,0.9351851851851851
44,count3,regime_conditional,ewma,observed,0.7777777777777778,0.7777777777777778,0.0,4.964285714285714,6.527777777777778,1.0,0.0,0.5439814814814814
44,count3,regime_conditional,point,clean,0.1111111111111111,0.1111111111111111,0.0,0.75,10.75,1.0,0.0,0.8958333333333334
44,count3,regime_conditional,point,observed,0.3888888888888889,0.3888888888888889,0.0,4.142857142857143,8.944444444444445,1.0,0.0,0.7453703703703703
44,count3,regime_marginal,ewma,clean,0.027777777777777776,0.027777777777777776,0.0,8.0,11.88888888888889,1.0,0.0,0.9907407407407407
44,count3,regime_marginal,ewma,observed,0.3611111111111111,0.3611111111111111,0.0,5.3076923076923075,9.583333333333334,1.0,0.0,0.7986111111111112
44,count3,regime_marginal,point,clean,0.1388888888888889,0.1388888888888889,0.0,3.2,10.777777777777779,1.0,0.0,0.8981481481481483
44,count3,regime_marginal,point,observed,0.3055555555555556,0.3055555555555556,0.0,3.090909090909091,9.277777777777779,1.0,0.0,0.7731481481481481
44,duration24,regime_conditional,ewma,clean,0.20833333333333334,0.20833333333333334,0.0,7.0,20.458333333333332,1.0,0.0,0.8524305555555555
44,duration24,regime_conditional,ewma,observed,0.9166666666666666,0.9166666666666666,0.0,6.090909090909091,7.583333333333333,1.0,0.0,0.31597222222222227
44,duration24,regime_conditional,point,clean,0.25,0.25,0.0,6.666666666666667,19.666666666666668,1.0,0.0,0.8194444444444445
44,duration24,regime_conditional,point,observed,0.8333333333333334,0.8333333333333334,0.0,10.25,12.541666666666666,1.0,0.0,0.5225694444444444
44,duration24,regime_marginal,ewma,clean,0.041666666666666664,0.041666666666666664,0.0,8.0,23.333333333333332,1.0,0.0,0.9722222222222222
44,duration24,regime_marginal,ewma,observed,0.5416666666666666,0.5416666666666666,0.0,9.153846153846153,15.958333333333334,1.0,0.0,0.6649305555555556
44,duration24,regime_marginal,point,clean,0.25,0.25,0.0,5.5,19.375,1.0,0.0,0.8072916666666666
44,duration24,regime_marginal,point,observed,0.5416666666666666,0.5416666666666666,0.0,8.461538461538462,15.583333333333334,1.0,0.0,0.6493055555555556
44,duration4,regime_conditional,ewma,clean,0.08333333333333333,0.08333333333333333,0.0,1.5,3.7916666666666665,1.0,0.0,0.9479166666666666
44,duration4,regime_conditional,ewma,observed,0.25,0.25,0.0,0.8333333333333334,3.2083333333333335,1.0,0.0,0.8020833333333334
44,duration4,regime_conditional,point,clean,0.16666666666666666,0.16666666666666666,0.0,0.75,3.4583333333333335,1.0,0.0,0.8645833333333334
44,duration4,regime_conditional,point,observed,0.25,0.25,0.0,1.0,3.25,1.0,0.0,0.8125
44,duration4,regime_marginal,ewma,clean,0.0,0.0,0.0,,4.0,1.0,0.0,1.0
44,duration4,regime_marginal,ewma,observed,0.20833333333333334,0.20833333333333334,0.0,1.6,3.5,1.0,0.0,0.875
44,duration4,regime_marginal,point,clean,0.16666666666666666,0.16666666666666666,0.0,1.5,3.5833333333333335,1.0,0.0,0.8958333333333334
44,duration4,regime_marginal,point,observed,0.20833333333333334,0.20833333333333334,0.0,0.4,3.25,1.0,0.0,0.8125
44,magnitude2,regime_conditional,ewma,clean,0.16666666666666666,0.16666666666666666,0.0,5.0,10.833333333333334,1.0,0.0,0.9027777777777778
44,magnitude2,regime_conditional,ewma,observed,1.0,1.0,0.0,1.8333333333333333,1.8333333333333333,1.0,0.0,0.15277777777777776
44,magnitude2,regime_conditional,point,clean,0.16666666666666666,0.16666666666666666,0.0,0.75,10.125,1.0,0.0,0.84375
44,magnitude2,regime_conditional,point,observed,1.0,1.0,0.0,1.5,1.5,1.0,0.0,0.125
44,magnitude2,regime_marginal,ewma,clean,0.041666666666666664,0.041666666666666664,0.0,8.0,11.833333333333334,1.0,0.0,0.9861111111111112
44,magnitude2,regime_marginal,ewma,observed,0.875,0.875,0.0,4.0476190476190474,5.041666666666667,1.0,0.0,0.42013888888888884
44,magnitude2,regime_marginal,point,clean,0.20833333333333334,0.20833333333333334,0.0,3.2,10.166666666666666,1.0,0.0,0.8472222222222222
44,magnitude2,regime_marginal,point,observed,0.875,0.875,0.0,1.6666666666666667,2.9583333333333335,1.0,0.0,0.2465277777777778
44,magnitude4,regime_conditional,ewma,clean,0.16666666666666666,0.16666666666666666,0.0,5.0,10.833333333333334,1.0,0.0,0.9027777777777778
44,magnitude4,regime_conditional,ewma,observed,1.0,1.0,0.0,0.5833333333333334,0.5833333333333334,1.0,0.0,0.048611111111111105
44,magnitude4,regime_conditional,point,clean,0.16666666666666666,0.16666666666666666,0.0,0.75,10.125,1.0,0.0,0.84375
44,magnitude4,regime_conditional,point,observed,1.0,1.0,0.0,0.0,0.0,1.0,0.0,0.0
44,magnitude4,regime_marginal,ewma,clean,0.041666666666666664,0.041666666666666664,0.0,8.0,11.833333333333334,1.0,0.0,0.9861111111111112
44,magnitude4,regime_marginal,ewma,observed,1.0,1.0,0.0,1.4166666666666667,1.4166666666666667,1.0,0.0,0.11805555555555554
44,magnitude4,regime_marginal,point,clean,0.20833333333333334,0.20833333333333334,0.0,3.2,10.166666666666666,1.0,0.0,0.8472222222222222
44,magnitude4,regime_marginal,point,observed,1.0,1.0,0.0,0.20833333333333334,0.20833333333333334,1.0,0.0,0.01736111111111111
44,steady_d12_n2_m1,regime_conditional,ewma,clean,0.16666666666666666,0.16666666666666666,0.0,5.0,10.833333333333334,1.0,0.0,0.9027777777777778
44,steady_d12_n2_m1,regime_conditional,ewma,observed,0.8333333333333334,0.8333333333333334,0.0,5.15,6.291666666666667,1.0,0.0,0.5243055555555556
44,steady_d12_n2_m1,regime_conditional,point,clean,0.16666666666666666,0.16666666666666666,0.0,0.75,10.125,1.0,0.0,0.84375
44,steady_d12_n2_m1,regime_conditional,point,observed,0.4583333333333333,0.4583333333333333,0.0,3.8181818181818183,8.25,1.0,0.0,0.6875
44,steady_d12_n2_m1,regime_marginal,ewma,clean,0.041666666666666664,0.041666666666666664,0.0,8.0,11.833333333333334,1.0,0.0,0.9861111111111112
44,steady_d12_n2_m1,regime_marginal,ewma,observed,0.375,0.375,0.0,4.888888888888889,9.333333333333334,1.0,0.0,0.7777777777777778
44,steady_d12_n2_m1,regime_marginal,point,clean,0.20833333333333334,0.20833333333333334,0.0,3.2,10.166666666666666,1.0,0.0,0.8472222222222222
44,steady_d12_n2_m1,regime_marginal,point,observed,0.3333333333333333,0.3333333333333333,0.0,3.0,9.0,1.0,0.0,0.75
44,switch_after6,regime_conditional,ewma,clean,0.16666666666666666,0.125,0.041666666666666664,6.333333333333333,11.291666666666666,1.0,0.0,0.9409722222222222
44,switch_after6,regime_conditional,ewma,observed,0.7916666666666666,0.7916666666666666,0.041666666666666664,4.105263157894737,5.75,1.0,0.0,0.4791666666666667
44,switch_after6,regime_conditional,point,clean,0.25,0.25,0.041666666666666664,5.5,10.375,1.0,0.0,0.8645833333333334
44,switch_after6,regime_conditional,point,observed,0.5833333333333334,0.5833333333333334,0.041666666666666664,3.357142857142857,6.958333333333333,1.0,0.0,0.579861111111111
44,switch_after6,regime_marginal,ewma,clean,0.0,0.0,0.0,,12.0,1.0,0.0,1.0
44,switch_after6,regime_marginal,ewma,observed,0.4166666666666667,0.4166666666666667,0.0,3.6,8.5,1.0,0.0,0.7083333333333334
44,switch_after6,regime_marginal,point,clean,0.20833333333333334,0.20833333333333334,0.041666666666666664,5.0,10.541666666666666,1.0,0.0,0.8784722222222222
44,switch_after6,regime_marginal,point,observed,0.4583333333333333,0.4583333333333333,0.041666666666666664,3.4545454545454546,8.083333333333334,1.0,0.0,0.6736111111111112
44,switch_at,regime_conditional,ewma,clean,0.08333333333333333,0.08333333333333333,0.0,7.0,11.583333333333334,1.0,0.0,0.9652777777777778
44,switch_at,regime_conditional,ewma,observed,0.75,0.75,0.0,5.888888888888889,7.416666666666667,1.0,0.0,0.6180555555555556
44,switch_at,regime_conditional,point,clean,0.2916666666666667,0.2916666666666667,0.0,6.142857142857143,10.291666666666666,1.0,0.0,0.8576388888888888
44,switch_at,regime_conditional,point,observed,0.5833333333333334,0.5833333333333334,0.0,4.071428571428571,7.375,1.0,0.0,0.6145833333333334
44,switch_at,regime_marginal,ewma,clean,0.0,0.0,0.0,,12.0,1.0,0.0,1.0
44,switch_at,regime_marginal,ewma,observed,0.4583333333333333,0.4583333333333333,0.0,7.7272727272727275,10.041666666666666,1.0,0.0,0.8368055555555555
44,switch_at,regime_marginal,point,clean,0.16666666666666666,0.16666666666666666,0.0,8.75,11.458333333333334,1.0,0.0,0.9548611111111112
44,switch_at,regime_marginal,point,observed,0.5,0.5,0.0,4.416666666666667,8.208333333333334,1.0,0.0,0.6840277777777778
44,switch_before6,regime_conditional,ewma,clean,0.041666666666666664,0.041666666666666664,0.0,11.0,11.958333333333334,1.0,0.0,0.9965277777777778
44,switch_before6,regime_conditional,ewma,observed,0.7083333333333334,0.7083333333333334,0.0,5.0,7.041666666666667,1.0,0.0,0.5868055555555556
44,switch_before6,regime_conditional,point,clean,0.20833333333333334,0.20833333333333334,0.0,8.2,11.208333333333334,1.0,0.0,0.9340277777777778
44,switch_before6,regime_conditional,point,observed,0.625,0.625,0.0,4.666666666666667,7.416666666666667,1.0,0.0,0.6180555555555556
44,switch_before6,regime_marginal,ewma,clean,0.0,0.0,0.0,,12.0,1.0,0.0,1.0
44,switch_before6,regime_marginal,ewma,observed,0.16666666666666666,0.16666666666666666,0.0,6.25,11.041666666666666,1.0,0.0,0.9201388888888888
44,switch_before6,regime_marginal,point,clean,0.041666666666666664,0.041666666666666664,0.0,11.0,11.958333333333334,1.0,0.0,0.9965277777777778
44,switch_before6,regime_marginal,point,observed,0.4583333333333333,0.4583333333333333,0.0,6.0,9.25,1.0,0.0,0.7708333333333334
44,switch_delay12,regime_conditional,ewma,clean,0.375,0.16666666666666666,0.20833333333333334,5.75,10.958333333333334,1.0,0.0,0.9131944444444445
44,switch_delay12,regime_conditional,ewma,observed,0.9166666666666666,0.875,0.20833333333333334,5.619047619047619,6.416666666666667,1.0,0.0,0.5347222222222222
44,switch_delay12,regime_conditional,point,clean,0.3333333333333333,0.125,0.20833333333333334,2.6666666666666665,10.833333333333334,1.0,0.0,0.9027777777777778
44,switch_delay12,regime_conditional,point,observed,0.625,0.5,0.20833333333333334,5.25,8.625,1.0,0.0,0.71875
44,switch_delay12,regime_marginal,ewma,clean,0.375,0.16666666666666666,0.20833333333333334,7.0,11.166666666666666,1.0,0.0,0.9305555555555555
44,switch_delay12,regime_marginal,ewma,observed,0.5833333333333334,0.4583333333333333,0.20833333333333334,6.7272727272727275,9.583333333333334,1.0,0.0,0.7986111111111112
44,switch_delay12,regime_marginal,point,clean,0.5,0.2916666666666667,0.20833333333333334,5.428571428571429,10.083333333333334,1.0,0.0,0.8402777777777778
44,switch_delay12,regime_marginal,point,observed,0.4583333333333333,0.3333333333333333,0.20833333333333334,5.375,9.791666666666666,1.0,0.0,0.8159722222222222
44,switch_random,regime_conditional,ewma,clean,0.16666666666666666,0.16666666666666666,0.041666666666666664,4.25,10.708333333333334,1.0,0.0,0.8923611111111112
44,switch_random,regime_conditional,ewma,observed,0.875,0.8333333333333334,0.041666666666666664,5.5,6.583333333333333,1.0,0.0,0.548611111111111
44,switch_random,regime_conditional,point,clean,0.20833333333333334,0.20833333333333334,0.0,2.4,10.0,1.0,0.0,0.8333333333333334
44,switch_random,regime_conditional,point,observed,0.4583333333333333,0.4583333333333333,0.0,3.4545454545454546,8.083333333333334,1.0,0.0,0.6736111111111112
44,switch_random,regime_marginal,ewma,clean,0.08333333333333333,0.08333333333333333,0.0,5.0,11.416666666666666,1.0,0.0,0.9513888888888888
44,switch_random,regime_marginal,ewma,observed,0.4583333333333333,0.4583333333333333,0.0,4.7272727272727275,8.666666666666666,1.0,0.0,0.7222222222222222
44,switch_random,regime_marginal,point,clean,0.25,0.25,0.0,2.8333333333333335,9.708333333333334,1.0,0.0,0.8090277777777778
44,switch_random,regime_marginal,point,observed,0.2916666666666667,0.2916666666666667,0.0,3.2857142857142856,9.458333333333334,1.0,0.0,0.7881944444444445
45,count1,regime_conditional,ewma,clean,0.0,0.0,0.0,,12.0,1.0,0.0,1.0
45,count1,regime_conditional,ewma,observed,0.9166666666666666,0.9166666666666666,0.0,5.2727272727272725,5.833333333333333,1.0,0.0,0.4861111111111111
45,count1,regime_conditional,point,clean,0.16666666666666666,0.16666666666666666,0.0,1.0,10.166666666666666,1.0,0.0,0.8472222222222222
45,count1,regime_conditional,point,observed,0.6666666666666666,0.6666666666666666,0.0,2.875,5.916666666666667,1.0,0.0,0.4930555555555556
45,count1,regime_marginal,ewma,clean,0.0,0.0,0.0,,12.0,1.0,0.0,1.0
45,count1,regime_marginal,ewma,observed,0.5,0.5,0.0,7.166666666666667,9.583333333333334,1.0,0.0,0.7986111111111112
45,count1,regime_marginal,point,clean,0.08333333333333333,0.08333333333333333,0.0,6.0,11.5,1.0,0.0,0.9583333333333334
45,count1,regime_marginal,point,observed,0.5833333333333334,0.5833333333333334,0.0,4.0,7.333333333333333,1.0,0.0,0.611111111111111
45,count3,regime_conditional,ewma,clean,0.0,0.0,0.0,,12.0,1.0,0.0,1.0
45,count3,regime_conditional,ewma,observed,0.8055555555555556,0.8055555555555556,0.0,4.344827586206897,5.833333333333333,1.0,0.0,0.4861111111111111
45,count3,regime_conditional,point,clean,0.1388888888888889,0.1388888888888889,0.0,6.4,11.222222222222221,1.0,0.0,0.9351851851851851
45,count3,regime_conditional,point,observed,0.6388888888888888,0.6388888888888888,0.0,3.1739130434782608,6.361111111111111,1.0,0.0,0.5300925925925926
45,count3,regime_marginal,ewma,clean,0.0,0.0,0.0,,12.0,1.0,0.0,1.0
45,count3,regime_marginal,ewma,observed,0.3888888888888889,0.3888888888888889,0.0,5.071428571428571,9.305555555555555,1.0,0.0,0.775462962962963
45,count3,regime_marginal,point,clean,0.08333333333333333,0.08333333333333333,0.0,7.0,11.583333333333334,1.0,0.0,0.9652777777777778
45,count3,regime_marginal,point,observed,0.4444444444444444,0.4444444444444444,0.0,3.0,8.0,1.0,0.0,0.6666666666666666
45,duration24,regime_conditional,ewma,clean,0.0,0.0,0.0,,24.0,1.0,0.0,1.0
45,duration24,regime_conditional,ewma,observed,1.0,1.0,0.0,6.5,6.5,1.0,0.0,0.2708333333333333
45,duration24,regime_conditional,point,clean,0.3333333333333333,0.3333333333333333,0.0,11.375,19.791666666666668,1.0,0.0,0.8246527777777778
45,duration24,regime_conditional,point,observed,0.9166666666666666,0.9166666666666666,0.0,5.909090909090909,7.416666666666667,1.0,0.0,0.3090277777777778
45,duration24,regime_marginal,ewma,clean,0.0,0.0,0.0,,24.0,1.0,0.0,1.0
45,duration24,regime_marginal,ewma,observed,0.7083333333333334,0.7083333333333334,0.0,11.470588235294118,15.125,1.0,0.0,0.6302083333333334
45,duration24,regime_marginal,point,clean,0.16666666666666666,0.16666666666666666,0.0,8.5,21.416666666666668,1.0,0.0,0.8923611111111112
45,duration24,regime_marginal,point,observed,0.6666666666666666,0.6666666666666666,0.0,7.125,12.75,1.0,0.0,0.53125
45,duration4,regime_conditional,ewma,clean,0.0,0.0,0.0,,4.0,1.0,0.0,1.0
45,duration4,regime_conditional,ewma,observed,0.375,0.375,0.0,2.111111111111111,3.2916666666666665,1.0,0.0,0.8229166666666666
45,duration4,regime_conditional,point,clean,0.08333333333333333,0.08333333333333333,0.0,1.0,3.75,1.0,0.0,0.9375
45,duration4,regime_conditional,point,observed,0.4166666666666667,0.4166666666666667,0.0,1.2,2.8333333333333335,1.0,0.0,0.7083333333333334
45,duration4,regime_marginal,ewma,clean,0.0,0.0,0.0,,4.0,1.0,0.0,1.0
45,duration4,regime_marginal,ewma,observed,0.041666666666666664,0.041666666666666664,0.0,2.0,3.9166666666666665,1.0,0.0,0.9791666666666666
45,duration4,regime_marginal,point,clean,0.0,0.0,0.0,,4.0,1.0,0.0,1.0
45,duration4,regime_marginal,point,observed,0.2916666666666667,0.2916666666666667,0.0,1.5714285714285714,3.2916666666666665,1.0,0.0,0.8229166666666666
45,magnitude2,regime_conditional,ewma,clean,0.0,0.0,0.0,,12.0,1.0,0.0,1.0
45,magnitude2,regime_conditional,ewma,observed,1.0,1.0,0.0,2.2916666666666665,2.2916666666666665,1.0,0.0,0.1909722222222222
45,magnitude2,regime_conditional,point,clean,0.125,0.125,0.0,3.3333333333333335,10.916666666666666,1.0,0.0,0.9097222222222222
45,magnitude2,regime_conditional,point,observed,1.0,1.0,0.0,1.625,1.625,1.0,0.0,0.13541666666666666
45,magnitude2,regime_marginal,ewma,clean,0.0,0.0,0.0,,12.0,1.0,0.0,1.0
45,magnitude2,regime_marginal,ewma,observed,0.8333333333333334,0.8333333333333334,0.0,3.55,4.958333333333333,1.0,0.0,0.4131944444444444
45,magnitude2,regime_marginal,point,clean,0.125,0.125,0.0,7.0,11.375,1.0,0.0,0.9479166666666666
45,magnitude2,regime_marginal,point,observed,0.8333333333333334,0.8333333333333334,0.0,2.15,3.7916666666666665,1.0,0.0,0.31597222222222227
45,magnitude4,regime_conditional,ewma,clean,0.0,0.0,0.0,,12.0,1.0,0.0,1.0
45,magnitude4,regime_conditional,ewma,observed,1.0,1.0,0.0,0.75,0.75,1.0,0.0,0.0625
45,magnitude4,regime_conditional,point,clean,0.125,0.125,0.0,3.3333333333333335,10.916666666666666,1.0,0.0,0.9097222222222222
45,magnitude4,regime_conditional,point,observed,1.0,1.0,0.0,0.125,0.125,1.0,0.0,0.010416666666666666
45,magnitude4,regime_marginal,ewma,clean,0.0,0.0,0.0,,12.0,1.0,0.0,1.0
45,magnitude4,regime_marginal,ewma,observed,1.0,1.0,0.0,1.6666666666666667,1.6666666666666667,1.0,0.0,0.13888888888888887
45,magnitude4,regime_marginal,point,clean,0.125,0.125,0.0,7.0,11.375,1.0,0.0,0.9479166666666666
45,magnitude4,regime_marginal,point,observed,1.0,1.0,0.0,0.125,0.125,1.0,0.0,0.010416666666666666
45,steady_d12_n2_m1,regime_conditional,ewma,clean,0.0,0.0,0.0,,12.0,1.0,0.0,1.0
45,steady_d12_n2_m1,regime_conditional,ewma,observed,0.8333333333333334,0.8333333333333334,0.0,4.5,5.75,1.0,0.0,0.4791666666666667
45,steady_d12_n2_m1,regime_conditional,point,clean,0.125,0.125,0.0,3.3333333333333335,10.916666666666666,1.0,0.0,0.9097222222222222
45,steady_d12_n2_m1,regime_conditional,point,observed,0.7083333333333334,0.7083333333333334,0.0,3.2941176470588234,5.833333333333333,1.0,0.0,0.4861111111111111
45,steady_d12_n2_m1,regime_marginal,ewma,clean,0.0,0.0,0.0,,12.0,1.0,0.0,1.0
45,steady_d12_n2_m1,regime_marginal,ewma,observed,0.375,0.375,0.0,6.222222222222222,9.833333333333334,1.0,0.0,0.8194444444444445
45,steady_d12_n2_m1,regime_marginal,point,clean,0.125,0.125,0.0,7.0,11.375,1.0,0.0,0.9479166666666666
45,steady_d12_n2_m1,regime_marginal,point,observed,0.5,0.5,0.0,3.75,7.875,1.0,0.0,0.65625
45,switch_after6,regime_conditional,ewma,clean,0.125,0.125,0.041666666666666664,1.0,10.625,1.0,0.0,0.8854166666666666
45,switch_after6,regime_conditional,ewma,observed,0.7083333333333334,0.7083333333333334,0.041666666666666664,4.294117647058823,6.541666666666667,1.0,0.0,0.545138888888889
45,switch_after6,regime_conditional,point,clean,0.125,0.125,0.041666666666666664,5.0,11.125,1.0,0.0,0.9270833333333334
45,switch_after6,regime_conditional,point,observed,0.625,0.625,0.041666666666666664,5.2,7.75,1.0,0.0,0.6458333333333334
45,switch_after6,regime_marginal,ewma,clean,0.20833333333333334,0.20833333333333334,0.041666666666666664,1.6,9.833333333333334,1.0,0.0,0.8194444444444445
45,switch_after6,regime_marginal,ewma,observed,0.3333333333333333,0.3333333333333333,0.041666666666666664,6.125,10.041666666666666,1.0,0.0,0.8368055555555555
45,switch_after6,regime_marginal,point,clean,0.16666666666666666,0.16666666666666666,0.041666666666666664,6.25,11.041666666666666,1.0,0.0,0.9201388888888888
45,switch_after6,regime_marginal,point,observed,0.2916666666666667,0.2916666666666667,0.041666666666666664,3.4285714285714284,9.5,1.0,0.0,0.7916666666666666
45,switch_at,regime_conditional,ewma,clean,0.125,0.125,0.0,6.333333333333333,11.291666666666666,1.0,0.0,0.9409722222222222
45,switch_at,regime_conditional,ewma,observed,0.7916666666666666,0.7916666666666666,0.0,5.631578947368421,6.958333333333333,1.0,0.0,0.579861111111111
45,switch_at,regime_conditional,point,clean,0.20833333333333334,0.20833333333333334,0.0,5.2,10.583333333333334,1.0,0.0,0.8819444444444445
45,switch_at,regime_conditional,point,observed,0.5833333333333334,0.5833333333333334,0.0,3.857142857142857,7.25,1.0,0.0,0.6041666666666666
45,switch_at,regime_marginal,ewma,clean,0.20833333333333334,0.20833333333333334,0.0,7.2,11.0,1.0,0.0,0.9166666666666666
45,switch_at,regime_marginal,ewma,observed,0.375,0.375,0.0,6.444444444444445,9.916666666666666,1.0,0.0,0.8263888888888888
45,switch_at,regime_marginal,point,clean,0.16666666666666666,0.16666666666666666,0.0,5.25,10.875,1.0,0.0,0.90625
45,switch_at,regime_marginal,point,observed,0.3333333333333333,0.3333333333333333,0.0,3.75,9.25,1.0,0.0,0.7708333333333334
45,switch_before6,regime_conditional,ewma,clean,0.041666666666666664,0.041666666666666664,0.0,11.0,11.958333333333334,1.0,0.0,0.9965277777777778
45,switch_before6,regime_conditional,ewma,observed,0.7083333333333334,0.7083333333333334,0.0,4.470588235294118,6.666666666666667,1.0,0.0,0.5555555555555556
45,switch_before6,regime_conditional,point,clean,0.16666666666666666,0.16666666666666666,0.0,6.0,11.0,1.0,0.0,0.9166666666666666
45,switch_before6,regime_conditional,point,observed,0.4583333333333333,0.4583333333333333,0.0,4.090909090909091,8.375,1.0,0.0,0.6979166666666666
45,switch_before6,regime_marginal,ewma,clean,0.041666666666666664,0.041666666666666664,0.0,11.0,11.958333333333334,1.0,0.0,0.9965277777777778
45,switch_before6,regime_marginal,ewma,observed,0.3333333333333333,0.3333333333333333,0.0,5.375,9.791666666666666,1.0,0.0,0.8159722222222222
45,switch_before6,regime_marginal,point,clean,0.16666666666666666,0.16666666666666666,0.0,8.5,11.416666666666666,1.0,0.0,0.9513888888888888
45,switch_before6,regime_marginal,point,observed,0.4166666666666667,0.4166666666666667,0.0,4.7,8.958333333333334,1.0,0.0,0.7465277777777778
45,switch_delay12,regime_conditional,ewma,clean,0.125,0.08333333333333333,0.08333333333333333,3.5,11.291666666666666,1.0,0.0,0.9409722222222222
45,switch_delay12,regime_conditional,ewma,observed,0.7916666666666666,0.7916666666666666,0.08333333333333333,4.526315789473684,6.083333333333333,1.0,0.0,0.5069444444444444
45,switch_delay12,regime_conditional,point,clean,0.20833333333333334,0.20833333333333334,0.0,3.0,10.125,1.0,0.0,0.84375
45,switch_delay12,regime_conditional,point,observed,0.6666666666666666,0.6666666666666666,0.0,3.1875,6.125,1.0,0.0,0.5104166666666666
45,switch_delay12,regime_marginal,ewma,clean,0.041666666666666664,0.041666666666666664,0.0,7.0,11.791666666666666,1.0,0.0,0.9826388888888888
45,switch_delay12,regime_marginal,ewma,observed,0.2916666666666667,0.2916666666666667,0.0,5.285714285714286,10.041666666666666,1.0,0.0,0.8368055555555555
45,switch_delay12,regime_marginal,point,clean,0.125,0.125,0.0,6.666666666666667,11.333333333333334,1.0,0.0,0.9444444444444445
45,switch_delay12,regime_marginal,point,observed,0.4583333333333333,0.4583333333333333,0.0,4.2727272727272725,8.458333333333334,1.0,0.0,0.7048611111111112
45,switch_random,regime_conditional,ewma,clean,0.041666666666666664,0.041666666666666664,0.0,4.0,11.666666666666666,1.0,0.0,0.9722222222222222
45,switch_random,regime_conditional,ewma,observed,0.8333333333333334,0.8333333333333334,0.0,4.5,5.75,1.0,0.0,0.4791666666666667
45,switch_random,regime_conditional,point,clean,0.125,0.125,0.0,3.3333333333333335,10.916666666666666,1.0,0.0,0.9097222222222222
45,switch_random,regime_conditional,point,observed,0.6666666666666666,0.6666666666666666,0.0,3.75,6.5,1.0,0.0,0.5416666666666666
45,switch_random,regime_marginal,ewma,clean,0.041666666666666664,0.041666666666666664,0.0,7.0,11.791666666666666,1.0,0.0,0.9826388888888888
45,switch_random,regime_marginal,ewma,observed,0.3333333333333333,0.3333333333333333,0.0,4.875,9.625,1.0,0.0,0.8020833333333334
45,switch_random,regime_marginal,point,clean,0.125,0.125,0.0,6.666666666666667,11.333333333333334,1.0,0.0,0.9444444444444445
45,switch_random,regime_marginal,point,observed,0.4583333333333333,0.4583333333333333,0.0,3.909090909090909,8.291666666666666,1.0,0.0,0.6909722222222222
46,count1,regime_conditional,ewma,clean,0.08333333333333333,0.08333333333333333,0.0,11.0,11.916666666666666,1.0,0.0,0.9930555555555555
46,count1,regime_conditional,ewma,observed,0.6666666666666666,0.6666666666666666,0.0,4.375,6.916666666666667,1.0,0.0,0.576388888888889
46,count1,regime_conditional,point,clean,0.0,0.0,0.0,,12.0,1.0,0.0,1.0
46,count1,regime_conditional,point,observed,0.3333333333333333,0.3333333333333333,0.0,4.75,9.583333333333334,1.0,0.0,0.7986111111111112
46,count1,regime_marginal,ewma,clean,0.16666666666666666,0.16666666666666666,0.0,11.0,11.833333333333334,1.0,0.0,0.9861111111111112
46,count1,regime_marginal,ewma,observed,0.5,0.5,0.0,5.833333333333333,8.916666666666666,1.0,0.0,0.7430555555555555
46,count1,regime_marginal,point,clean,0.08333333333333333,0.08333333333333333,0.0,10.0,11.833333333333334,1.0,0.0,0.9861111111111112
46,count1,regime_marginal,point,observed,0.5,0.5,0.0,6.166666666666667,9.083333333333334,1.0,0.0,0.7569444444444445
46,count3,regime_conditional,ewma,clean,0.05555555555555555,0.05555555555555555,0.0,8.0,11.777777777777779,1.0,0.0,0.9814814814814815
46,count3,regime_conditional,ewma,observed,0.8611111111111112,0.8611111111111112,0.0,4.774193548387097,5.777777777777778,1.0,0.0,0.48148148148148145
46,count3,regime_conditional,point,clean,0.05555555555555555,0.05555555555555555,0.0,6.0,11.666666666666666,1.0,0.0,0.9722222222222222
46,count3,regime_conditional,point,observed,0.5277777777777778,0.5277777777777778,0.0,4.526315789473684,8.055555555555555,1.0,0.0,0.6712962962962963
46,count3,regime_marginal,ewma,clean,0.05555555555555555,0.05555555555555555,0.0,11.0,11.944444444444445,1.0,0.0,0.9953703703703705
46,count3,regime_marginal,ewma,observed,0.5,0.5,0.0,5.611111111111111,8.805555555555555,1.0,0.0,0.7337962962962963
46,count3,regime_marginal,point,clean,0.027777777777777776,0.027777777777777776,0.0,10.0,11.944444444444445,1.0,0.0,0.9953703703703705
46,count3,regime_marginal,point,observed,0.4722222222222222,0.4722222222222222,0.0,4.764705882352941,8.583333333333334,1.0,0.0,0.7152777777777778
46,duration24,regime_conditional,ewma,clean,0.08333333333333333,0.08333333333333333,0.0,16.0,23.333333333333332,1.0,0.0,0.9722222222222222
46,duration24,regime_conditional,ewma,observed,0.9583333333333334,0.9583333333333334,0.0,6.434782608695652,7.166666666666667,1.0,0.0,0.2986111111111111
46,duration24,regime_conditional,point,clean,0.16666666666666666,0.16666666666666666,0.0,14.25,22.375,1.0,0.0,0.9322916666666666
46,duration24,regime_conditional,point,observed,0.8333333333333334,0.8333333333333334,0.0,8.6,11.166666666666666,1.0,0.0,0.46527777777777773
46,duration24,regime_marginal,ewma,clean,0.16666666666666666,0.16666666666666666,0.0,16.25,22.708333333333332,1.0,0.0,0.9461805555555555
46,duration24,regime_marginal,ewma,observed,0.875,0.875,0.0,10.619047619047619,12.291666666666666,1.0,0.0,0.5121527777777778
46,duration24,regime_marginal,point,clean,0.16666666666666666,0.16666666666666666,0.0,14.75,22.458333333333332,1.0,0.0,0.9357638888888888
46,duration24,regime_marginal,point,observed,0.75,0.75,0.0,9.61111111111111,13.208333333333334,1.0,0.0,0.5503472222222222
46,duration4,regime_conditional,ewma,clean,0.0,0.0,0.0,,4.0,1.0,0.0,1.0
46,duration4,regime_conditional,ewma,observed,0.25,0.25,0.0,1.8333333333333333,3.4583333333333335,1.0,0.0,0.8645833333333334
46,duration4,regime_conditional,point,clean,0.0,0.0,0.0,,4.0,1.0,0.0,1.0
46,duration4,regime_conditional,point,observed,0.25,0.25,0.0,1.1666666666666667,3.2916666666666665,1.0,0.0,0.8229166666666666
46,duration4,regime_marginal,ewma,clean,0.0,0.0,0.0,,4.0,1.0,0.0,1.0
46,duration4,regime_marginal,ewma,observed,0.16666666666666666,0.16666666666666666,0.0,2.5,3.75,1.0,0.0,0.9375
46,duration4,regime_marginal,point,clean,0.0,0.0,0.0,,4.0,1.0,0.0,1.0
46,duration4,regime_marginal,point,observed,0.25,0.25,0.0,1.3333333333333333,3.3333333333333335,1.0,0.0,0.8333333333333334
46,magnitude2,regime_conditional,ewma,clean,0.041666666666666664,0.041666666666666664,0.0,11.0,11.958333333333334,1.0,0.0,0.9965277777777778
46,magnitude2,regime_conditional,ewma,observed,1.0,1.0,0.0,2.2916666666666665,2.2916666666666665,1.0,0.0,0.1909722222222222
46,magnitude2,regime_conditional,point,clean,0.0,0.0,0.0,,12.0,1.0,0.0,1.0
46,magnitude2,regime_conditional,point,observed,1.0,1.0,0.0,1.7916666666666667,1.7916666666666667,1.0,0.0,0.14930555555555555
46,magnitude2,regime_marginal,ewma,clean,0.08333333333333333,0.08333333333333333,0.0,11.0,11.916666666666666,1.0,0.0,0.9930555555555555
46,magnitude2,regime_marginal,ewma,observed,0.8333333333333334,0.8333333333333334,0.0,3.95,5.291666666666667,1.0,0.0,0.44097222222222227
46,magnitude2,regime_marginal,point,clean,0.041666666666666664,0.041666666666666664,0.0,10.0,11.916666666666666,1.0,0.0,0.9930555555555555
46,magnitude2,regime_marginal,point,observed,0.8333333333333334,0.8333333333333334,0.0,2.55,4.125,1.0,0.0,0.34375
46,magnitude4,regime_conditional,ewma,clean,0.041666666666666664,0.041666666666666664,0.0,11.0,11.958333333333334,1.0,0.0,0.9965277777777778
46,magnitude4,regime_conditional,ewma,observed,1.0,1.0,0.0,0.5416666666666666,0.5416666666666666,1.0,0.0,0.04513888888888889
46,magnitude4,regime_conditional,point,clean,0.0,0.0,0.0,,12.0,1.0,0.0,1.0
46,magnitude4,regime_conditional,point,observed,1.0,1.0,0.0,0.0,0.0,1.0,0.0,0.0
46,magnitude4,regime_marginal,ewma,clean,0.08333333333333333,0.08333333333333333,0.0,11.0,11.916666666666666,1.0,0.0,0.9930555555555555
46,magnitude4,regime_marginal,ewma,observed,1.0,1.0,0.0,1.4583333333333333,1.4583333333333333,1.0,0.0,0.12152777777777778
46,magnitude4,regime_marginal,point,clean,0.041666666666666664,0.041666666666666664,0.0,10.0,11.916666666666666,1.0,0.0,0.9930555555555555
46,magnitude4,regime_marginal,point,observed,1.0,1.0,0.0,0.0,0.0,1.0,0.0,0.0
46,steady_d12_n2_m1,regime_conditional,ewma,clean,0.041666666666666664,0.041666666666666664,0.0,11.0,11.958333333333334,1.0,0.0,0.9965277777777778
46,steady_d12_n2_m1,regime_conditional,ewma,observed,0.7916666666666666,0.7916666666666666,0.0,4.473684210526316,6.041666666666667,1.0,0.0,0.5034722222222222
46,steady_d12_n2_m1,regime_conditional,point,clean,0.0,0.0,0.0,,12.0,1.0,0.0,1.0
46,steady_d12_n2_m1,regime_conditional,point,observed,0.5,0.5,0.0,3.5833333333333335,7.791666666666667,1.0,0.0,0.6493055555555556
46,steady_d12_n2_m1,regime_marginal,ewma,clean,0.08333333333333333,0.08333333333333333,0.0,11.0,11.916666666666666,1.0,0.0,0.9930555555555555
46,steady_d12_n2_m1,regime_marginal,ewma,observed,0.5,0.5,0.0,5.25,8.625,1.0,0.0,0.71875
46,steady_d12_n2_m1,regime_marginal,point,clean,0.041666666666666664,0.041666666666666664,0.0,10.0,11.916666666666666,1.0,0.0,0.9930555555555555
46,steady_d12_n2_m1,regime_marginal,point,observed,0.4583333333333333,0.4583333333333333,0.0,4.7272727272727275,8.666666666666666,1.0,0.0,0.7222222222222222
46,switch_after6,regime_conditional,ewma,clean,0.041666666666666664,0.041666666666666664,0.0,9.0,11.875,1.0,0.0,0.9895833333333334
46,switch_after6,regime_conditional,ewma,observed,0.875,0.875,0.0,4.428571428571429,5.375,1.0,0.0,0.4479166666666667
46,switch_after6,regime_conditional,point,clean,0.08333333333333333,0.08333333333333333,0.0,5.5,11.458333333333334,1.0,0.0,0.9548611111111112
46,switch_after6,regime_conditional,point,observed,0.8333333333333334,0.8333333333333334,0.0,4.8,6.0,1.0,0.0,0.5
46,switch_after6,regime_marginal,ewma,clean,0.0,0.0,0.0,,12.0,1.0,0.0,1.0
46,switch_after6,regime_marginal,ewma,observed,0.5833333333333334,0.5833333333333334,0.0,6.142857142857143,8.583333333333334,1.0,0.0,0.7152777777777778
46,switch_after6,regime_marginal,point,clean,0.041666666666666664,0.041666666666666664,0.0,4.0,11.666666666666666,1.0,0.0,0.9722222222222222
46,switch_after6,regime_marginal,point,observed,0.5416666666666666,0.5416666666666666,0.0,3.769230769230769,7.541666666666667,1.0,0.0,0.6284722222222222
46,switch_at,regime_conditional,ewma,clean,0.0,0.0,0.041666666666666664,,12.0,1.0,0.0,1.0
46,switch_at,regime_conditional,ewma,observed,0.9583333333333334,0.9583333333333334,0.041666666666666664,5.6521739130434785,5.916666666666667,1.0,0.0,0.4930555555555556
46,switch_at,regime_conditional,point,clean,0.041666666666666664,0.041666666666666664,0.0,10.0,11.916666666666666,1.0,0.0,0.9930555555555555
46,switch_at,regime_conditional,point,observed,0.7916666666666666,0.7916666666666666,0.0,4.315789473684211,5.916666666666667,1.0,0.0,0.4930555555555556
46,switch_at,regime_marginal,ewma,clean,0.0,0.0,0.0,,12.0,1.0,0.0,1.0
46,switch_at,regime_marginal,ewma,observed,0.4583333333333333,0.4583333333333333,0.0,6.818181818181818,9.625,1.0,0.0,0.8020833333333334
46,switch_at,regime_marginal,point,clean,0.041666666666666664,0.041666666666666664,0.0,10.0,11.916666666666666,1.0,0.0,0.9930555555555555
46,switch_at,regime_marginal,point,observed,0.5833333333333334,0.5833333333333334,0.0,3.9285714285714284,7.291666666666667,1.0,0.0,0.607638888888889
46,switch_before6,regime_conditional,ewma,clean,0.16666666666666666,0.16666666666666666,0.041666666666666664,2.25,10.375,1.0,0.0,0.8645833333333334
46,switch_before6,regime_conditional,ewma,observed,0.7083333333333334,0.7083333333333334,0.041666666666666664,3.9411764705882355,6.291666666666667,1.0,0.0,0.5243055555555556
46,switch_before6,regime_conditional,point,clean,0.041666666666666664,0.041666666666666664,0.0,3.0,11.625,1.0,0.0,0.96875
46,switch_before6,regime_conditional,point,observed,0.7916666666666666,0.7916666666666666,0.0,4.368421052631579,5.958333333333333,1.0,0.0,0.49652777777777773
46,switch_before6,regime_marginal,ewma,clean,0.16666666666666666,0.16666666666666666,0.0,2.25,10.375,1.0,0.0,0.8645833333333334
46,switch_before6,regime_marginal,ewma,observed,0.4166666666666667,0.4166666666666667,0.0,3.9,8.625,1.0,0.0,0.71875
46,switch_before6,regime_marginal,point,clean,0.0,0.0,0.0,,12.0,1.0,0.0,1.0
46,switch_before6,regime_marginal,point,observed,0.6666666666666666,0.6666666666666666,0.0,3.75,6.5,1.0,0.0,0.5416666666666666
46,switch_delay12,regime_conditional,ewma,clean,0.16666666666666666,0.08333333333333333,0.125,5.5,11.458333333333334,1.0,0.0,0.9548611111111112
46,switch_delay12,regime_conditional,ewma,observed,0.7916666666666666,0.7916666666666666,0.125,4.894736842105263,6.375,1.0,0.0,0.53125
46,switch_delay12,regime_conditional,point,clean,0.16666666666666666,0.16666666666666666,0.08333333333333333,4.25,10.708333333333334,1.0,0.0,0.8923611111111112
46,switch_delay12,regime_conditional,point,observed,0.625,0.625,0.08333333333333333,4.2,7.125,1.0,0.0,0.59375
46,switch_delay12,regime_marginal,ewma,clean,0.20833333333333334,0.16666666666666666,0.08333333333333333,6.25,11.041666666666666,1.0,0.0,0.9201388888888888
46,switch_delay12,regime_marginal,ewma,observed,0.5,0.4583333333333333,0.08333333333333333,3.6363636363636362,8.166666666666666,1.0,0.0,0.6805555555555555
46,switch_delay12,regime_marginal,point,clean,0.20833333333333334,0.16666666666666666,0.08333333333333333,4.75,10.791666666666666,1.0,0.0,0.8993055555555555
46,switch_delay12,regime_marginal,point,observed,0.5833333333333334,0.5833333333333334,0.08333333333333333,3.2142857142857144,6.875,1.0,0.0,0.5729166666666666
46,switch_random,regime_conditional,ewma,clean,0.041666666666666664,0.041666666666666664,0.0,11.0,11.958333333333334,1.0,0.0,0.9965277777777778
46,switch_random,regime_conditional,ewma,observed,0.8333333333333334,0.8333333333333334,0.0,4.65,5.875,1.0,0.0,0.4895833333333333
46,switch_random,regime_conditional,point,clean,0.041666666666666664,0.041666666666666664,0.0,9.0,11.875,1.0,0.0,0.9895833333333334
46,switch_random,regime_conditional,point,observed,0.625,0.625,0.0,3.933333333333333,6.958333333333333,1.0,0.0,0.579861111111111
46,switch_random,regime_marginal,ewma,clean,0.08333333333333333,0.08333333333333333,0.0,10.5,11.875,1.0,0.0,0.9895833333333334
46,switch_random,regime_marginal,ewma,observed,0.5,0.5,0.0,5.5,8.75,1.0,0.0,0.7291666666666666
46,switch_random,regime_marginal,point,clean,0.125,0.125,0.0,9.0,11.625,1.0,0.0,0.96875
46,switch_random,regime_marginal,point,observed,0.5,0.5,0.0,4.166666666666667,8.083333333333334,1.0,0.0,0.6736111111111112
