scenario,method,temporal,view,any_active_hit_mean,any_active_hit_std,any_active_hit_count,fresh_onset_hit_mean,fresh_onset_hit_std,fresh_onset_hit_count,pre_active_mean,pre_active_std,pre_active_count,fresh_delay_detected_mean,fresh_delay_detected_std,fresh_delay_detected_count,fresh_delay_capped_mean,fresh_delay_capped_std,fresh_delay_capped_count,scoreable_fraction_mean,scoreable_fraction_std,scoreable_fraction_count,fully_unavailable_mean,fully_unavailable_std,fully_unavailable_count,delay_fraction_capped_mean,delay_fraction_capped_std,delay_fraction_capped_count
count1,regime_conditional,ewma,clean,0.09999999999999999,0.13693063937629152,5,0.09999999999999999,0.13693063937629152,5,0.0,0.0,5,6.666666666666667,3.785938897200183,3,11.383333333333333,0.9993053142614181,5,1.0,0.0,5,0.0,0.0,5,0.9486111111111111,0.0832754428551181,5
count1,regime_conditional,ewma,observed,0.8333333333333334,0.1317615691736825,5,0.8333333333333334,0.1317615691736825,5,0.0,0.0,5,4.843989898989899,0.36145522912946504,5,6.066666666666666,0.7345633623679675,5,1.0,0.0,5,0.0,0.0,5,0.5055555555555555,0.06121361353066391,5
count1,regime_conditional,point,clean,0.13333333333333333,0.07453559924999298,5,0.13333333333333333,0.07453559924999298,5,0.0,0.0,5,2.125,2.5940637360455634,4,10.683333333333334,0.8257992761224996,5,1.0,0.0,5,0.0,0.0,5,0.8902777777777778,0.06881660634354166,5
count1,regime_conditional,point,observed,0.65,0.20749832663314552,5,0.65,0.20749832663314552,5,0.0,0.0,5,3.5021428571428572,0.7744385721545747,5,6.383333333333334,2.018662923818635,5,1.0,0.0,5,0.0,0.0,5,0.5319444444444444,0.16822191031821962,5
count1,regime_marginal,ewma,clean,0.06666666666666667,0.06972166887783963,5,0.06666666666666667,0.06972166887783963,5,0.0,0.0,5,10.0,1.7320508075688772,3,11.883333333333333,0.13944333775567924,5,1.0,0.0,5,0.0,0.0,5,0.9902777777777778,0.011620278146306576,5
count1,regime_marginal,ewma,observed,0.5333333333333334,0.04564354645876389,5,0.5333333333333334,0.04564354645876389,5,0.0,0.0,5,5.7523809523809515,1.1718301673207958,5,8.666666666666666,0.6846531968814574,5,1.0,0.0,5,0.0,0.0,5,0.7222222222222222,0.05705443307345486,5
count1,regime_marginal,point,clean,0.15,0.13693063937629152,5,0.15,0.13693063937629152,5,0.016666666666666666,0.03726779962499649,5,6.479166666666667,2.409832290153542,4,11.05,1.0233387622005834,5,1.0,0.0,5,0.0,0.0,5,0.9208333333333334,0.08527823018338197,5
count1,regime_marginal,point,observed,0.55,0.04564354645876387,5,0.55,0.04564354645876387,5,0.016666666666666666,0.03726779962499649,5,4.085714285714286,1.2176191407341155,5,7.616666666666667,0.9253377761660876,5,1.0,0.0,5,0.0,0.0,5,0.6347222222222222,0.077111481347174,5
count3,regime_conditional,ewma,clean,0.05555555555555556,0.04392052305789416,5,0.05555555555555556,0.04392052305789416,5,0.01111111111111111,0.024845199749997663,5,5.666666666666666,2.357022603955158,4,11.616666666666665,0.36872318902322504,5,1.0,0.0,5,0.0,0.0,5,0.9680555555555556,0.03072693241860213,5
count3,regime_conditional,ewma,observed,0.8277777777777778,0.03621779114001475,5,0.8277777777777778,0.03621779114001475,5,0.01111111111111111,0.024845199749997663,5,4.868274273001748,0.3396151919115202,5,6.1,0.3046704351821392,5,1.0,0.0,5,0.0,0.0,5,0.5083333333333333,0.025389202931844913,5
count3,regime_conditional,point,clean,0.11111111111111112,0.04392052305789416,5,0.11111111111111112,0.04392052305789416,5,0.0,0.0,5,4.029999999999999,2.284379322461331,5,11.1,0.44643650786596245,5,1.0,0.0,5,0.0,0.0,5,0.925,0.037203042322163524,5
count3,regime_conditional,point,observed,0.5944444444444444,0.13971973711065877,5,0.5944444444444444,0.13971973711065877,5,0.0,0.0,5,4.188987565532188,0.6303582733502586,5,7.366666666666667,1.0942117631957946,5,1.0,0.0,5,0.0,0.0,5,0.6138888888888889,0.09118431359964956,5
count3,regime_marginal,ewma,clean,0.04444444444444444,0.03167153958608717,5,0.03888888888888888,0.02484519974999766,5,0.01111111111111111,0.015214515486254614,5,7.5,3.582364210034113,4,11.822222222222223,0.20842590535893352,5,1.0,0.0,5,0.0,0.0,5,0.9851851851851852,0.017368825446577845,5
count3,regime_marginal,ewma,observed,0.4333333333333333,0.05760122598146589,5,0.4222222222222222,0.05343162239353152,5,0.01111111111111111,0.015214515486254614,5,5.455546398046398,0.781549268006753,5,9.25,0.3788383804718294,5,1.0,0.0,5,0.0,0.0,5,0.7708333333333334,0.03156986503931913,5
count3,regime_marginal,point,clean,0.1,0.0668977476599572,5,0.1,0.0668977476599572,5,0.005555555555555555,0.012422599874998832,5,5.925714285714286,2.659031586798441,5,11.288888888888888,0.6043183079172352,5,1.0,0.0,5,0.0,0.0,5,0.9407407407407409,0.05035985899310299,5
count3,regime_marginal,point,observed,0.45,0.09086348463220068,5,0.45,0.09086348463220068,5,0.005555555555555555,0.012422599874998832,5,3.812299465240642,0.8018056348117666,5,8.355555555555556,0.5864335605911846,5,1.0,0.0,5,0.0,0.0,5,0.6962962962962963,0.04886946338259872,5
duration24,regime_conditional,ewma,clean,0.125,0.10206207261596575,5,0.125,0.10206207261596575,5,0.008333333333333333,0.018633899812498245,5,11.916666666666666,3.745367509040705,4,22.35833333333333,1.5700097310384913,5,1.0,0.0,5,0.0,0.0,5,0.9315972222222222,0.06541707212660385,5
duration24,regime_conditional,ewma,observed,0.9583333333333334,0.02946278254943951,5,0.9583333333333334,0.02946278254943951,5,0.008333333333333333,0.018633899812498245,5,6.2138339920948615,0.2721122124491604,5,6.958333333333333,0.4429227421972771,5,1.0,0.0,5,0.0,0.0,5,0.2899305555555555,0.018455114258219902,5
duration24,regime_conditional,point,clean,0.25833333333333336,0.061801654059130524,5,0.25833333333333336,0.061801654059130524,5,0.0,0.0,5,10.386904761904763,2.797340411656187,5,20.425,1.1612224162493572,5,1.0,0.0,5,0.0,0.0,5,0.8510416666666668,0.048384267343723246,5
duration24,regime_conditional,point,observed,0.875,0.04166666666666663,5,0.875,0.04166666666666663,5,0.0,0.0,5,7.485584415584415,1.9228071186112299,5,9.5,2.229653373658485,5,1.0,0.0,5,0.0,0.0,5,0.3958333333333333,0.09290222390243688,5
duration24,regime_marginal,ewma,clean,0.09166666666666666,0.09033118078616166,5,0.09166666666666666,0.09033118078616166,5,0.0,0.0,5,13.1625,4.4278239576568525,4,23.225,0.5687156583038672,5,1.0,0.0,5,0.0,0.0,5,0.9677083333333332,0.02369648576266109,5
duration24,regime_marginal,ewma,observed,0.7083333333333333,0.12147816447594378,5,0.7083333333333333,0.12147816447594378,5,0.0,0.0,5,9.7584186238598,1.245145367426642,5,13.966666666666665,1.542342194340946,5,1.0,0.0,5,0.0,0.0,5,0.5819444444444445,0.06426425809753944,5
duration24,regime_marginal,point,clean,0.20833333333333331,0.1102396379610246,5,0.20833333333333331,0.1102396379610246,5,0.008333333333333333,0.018633899812498245,5,9.383333333333333,3.3735079006214814,5,20.916666666666664,1.8347532380253326,5,1.0,0.0,5,0.0,0.0,5,0.8715277777777777,0.07644805158438886,5
duration24,regime_marginal,point,observed,0.6666666666666666,0.07795119555779047,5,0.6666666666666666,0.07795119555779047,5,0.008333333333333333,0.018633899812498245,5,7.809382855706386,1.2481531241010326,5,13.208333333333334,1.4740227459423945,5,1.0,0.0,5,0.0,0.0,5,0.5503472222222222,0.06141761441426646,5
duration4,regime_conditional,ewma,clean,0.016666666666666666,0.03726779962499649,5,0.016666666666666666,0.03726779962499649,5,0.008333333333333333,0.018633899812498245,5,1.5,,1,3.958333333333333,0.0931694990624913,5,1.0,0.0,5,0.0,0.0,5,0.9895833333333333,0.023292374765622827,5
duration4,regime_conditional,ewma,observed,0.2666666666666667,0.06319062870042957,5,0.2666666666666667,0.06319062870042957,5,0.008333333333333333,0.018633899812498245,5,2.002222222222222,0.7509417955120846,5,3.4666666666666663,0.22126530078919582,5,1.0,0.0,5,0.0,0.0,5,0.8666666666666666,0.055316325197298954,5
duration4,regime_conditional,point,clean,0.07499999999999998,0.06180165405913052,5,0.07499999999999998,0.06180165405913052,5,0.0,0.0,5,1.1875,0.5543389456520863,4,3.775,0.20749832663314535,5,1.0,0.0,5,0.0,0.0,5,0.94375,0.05187458165828634,5
duration4,regime_conditional,point,observed,0.31666666666666665,0.06972166887783963,5,0.31666666666666665,0.06972166887783963,5,0.0,0.0,5,1.1733333333333333,0.2046677524401167,5,3.1083333333333334,0.19002923751652293,5,1.0,0.0,5,0.0,0.0,5,0.7770833333333333,0.04750730937913073,5
duration4,regime_marginal,ewma,clean,0.0,0.0,5,0.0,0.0,5,0.0,0.0,5,,,0,4.0,0.0,5,1.0,0.0,5,0.0,0.0,5,1.0,0.0,5
duration4,regime_marginal,ewma,observed,0.10833333333333332,0.0756912588524373,5,0.10833333333333332,0.0756912588524373,5,0.0,0.0,5,2.02,0.31937438845342625,5,3.7833333333333337,0.17280367794439763,5,1.0,0.0,5,0.0,0.0,5,0.9458333333333334,0.04320091948609941,5
duration4,regime_marginal,point,clean,0.049999999999999996,0.07453559924999298,5,0.049999999999999996,0.07453559924999298,5,0.008333333333333333,0.018633899812498245,5,1.5,0.0,2,3.875,0.1863389981249824,5,1.0,0.0,5,0.0,0.0,5,0.96875,0.0465847495312456,5
duration4,regime_marginal,point,observed,0.2416666666666667,0.054326686710022075,5,0.2416666666666667,0.054326686710022075,5,0.008333333333333333,0.018633899812498245,5,1.1966666666666668,0.46109280623722465,5,3.3333333333333335,0.12147816447594355,5,1.0,0.0,5,0.0,0.0,5,0.8333333333333334,0.030369541118985887,5
magnitude2,regime_conditional,ewma,clean,0.05833333333333333,0.06972166887783962,5,0.05833333333333333,0.06972166887783962,5,0.008333333333333333,0.018633899812498245,5,6.666666666666667,3.785938897200183,3,11.625,0.52539667553827,5,1.0,0.0,5,0.0,0.0,5,0.96875,0.04378305629485586,5
magnitude2,regime_conditional,ewma,observed,1.0,0.0,5,0.9916666666666666,0.018633899812498227,5,0.008333333333333333,0.018633899812498245,5,2.1344202898550724,0.18722368143295587,5,2.2166666666666663,0.2608745973749754,5,1.0,0.0,5,0.0,0.0,5,0.1847222222222222,0.02173954978124796,5
magnitude2,regime_conditional,point,clean,0.10833333333333332,0.06972166887783965,5,0.10833333333333332,0.06972166887783965,5,0.0,0.0,5,2.3958333333333335,1.82241064405242,4,10.975,0.6780281868935999,5,1.0,0.0,5,0.0,0.0,5,0.9145833333333334,0.056502348907799954,5
magnitude2,regime_conditional,point,observed,1.0,0.0,5,1.0,0.0,5,0.0,0.0,5,1.3833333333333333,0.4191592113319764,5,1.3833333333333333,0.4191592113319764,5,1.0,0.0,5,0.0,0.0,5,0.11527777777777777,0.0349299342776647,5
magnitude2,regime_marginal,ewma,clean,0.03333333333333333,0.03486083443891982,5,0.03333333333333333,0.03486083443891982,5,0.0,0.0,5,10.0,1.7320508075688772,3,11.941666666666666,0.06972166887783993,5,1.0,0.0,5,0.0,0.0,5,0.9951388888888889,0.005810139073153269,5
magnitude2,regime_marginal,ewma,observed,0.875,0.041666666666666685,5,0.875,0.041666666666666685,5,0.0,0.0,5,3.982251082251082,0.34434266894046467,5,4.991666666666667,0.2801289385661934,5,1.0,0.0,5,0.0,0.0,5,0.41597222222222224,0.023344078213849446,5
magnitude2,regime_marginal,point,clean,0.125,0.08333333333333334,5,0.125,0.08333333333333334,5,0.008333333333333333,0.018633899812498245,5,5.76,2.7618834153526466,5,11.116666666666665,0.7656923156348255,5,1.0,0.0,5,0.0,0.0,5,0.9263888888888889,0.06380769296956883,5
magnitude2,regime_marginal,point,observed,0.8583333333333334,0.037267799624996475,5,0.8583333333333334,0.037267799624996475,5,0.008333333333333333,0.018633899812498245,5,1.9706060606060603,0.46714187728888956,5,3.391666666666667,0.5348935511960403,5,1.0,0.0,5,0.0,0.0,5,0.28263888888888894,0.04457446259967005,5
magnitude4,regime_conditional,ewma,clean,0.05833333333333333,0.06972166887783962,5,0.05833333333333333,0.06972166887783962,5,0.008333333333333333,0.018633899812498245,5,6.666666666666667,3.785938897200183,3,11.625,0.52539667553827,5,1.0,0.0,5,0.0,0.0,5,0.96875,0.04378305629485586,5
magnitude4,regime_conditional,ewma,observed,1.0,0.0,5,0.9916666666666666,0.018633899812498227,5,0.008333333333333333,0.018633899812498245,5,0.638768115942029,0.08036212281571994,5,0.7333333333333333,0.23311001217832275,5,1.0,0.0,5,0.0,0.0,5,0.0611111111111111,0.019425834348193567,5
magnitude4,regime_conditional,point,clean,0.10833333333333332,0.06972166887783965,5,0.10833333333333332,0.06972166887783965,5,0.0,0.0,5,2.3958333333333335,1.82241064405242,4,10.975,0.6780281868935999,5,1.0,0.0,5,0.0,0.0,5,0.9145833333333334,0.056502348907799954,5
magnitude4,regime_conditional,point,observed,1.0,0.0,5,1.0,0.0,5,0.0,0.0,5,0.041666666666666664,0.05892556509887896,5,0.041666666666666664,0.05892556509887896,5,1.0,0.0,5,0.0,0.0,5,0.0034722222222222225,0.004910463758239913,5
magnitude4,regime_marginal,ewma,clean,0.03333333333333333,0.03486083443891982,5,0.03333333333333333,0.03486083443891982,5,0.0,0.0,5,10.0,1.7320508075688772,3,11.941666666666666,0.06972166887783993,5,1.0,0.0,5,0.0,0.0,5,0.9951388888888889,0.005810139073153269,5
magnitude4,regime_marginal,ewma,observed,1.0,0.0,5,1.0,0.0,5,0.0,0.0,5,1.5083333333333333,0.09947780321927771,5,1.5083333333333333,0.09947780321927771,5,1.0,0.0,5,0.0,0.0,5,0.12569444444444444,0.008289816934939803,5
magnitude4,regime_marginal,point,clean,0.125,0.08333333333333334,5,0.125,0.08333333333333334,5,0.008333333333333333,0.018633899812498245,5,5.76,2.7618834153526466,5,11.116666666666665,0.7656923156348255,5,1.0,0.0,5,0.0,0.0,5,0.9263888888888889,0.06380769296956883,5
magnitude4,regime_marginal,point,observed,1.0,0.0,5,1.0,0.0,5,0.008333333333333333,0.018633899812498245,5,0.13333333333333336,0.11931517552730296,5,0.13333333333333336,0.11931517552730296,5,1.0,0.0,5,0.0,0.0,5,0.01111111111111111,0.009942931293941911,5
steady_d12_n2_m1,regime_conditional,ewma,clean,0.05833333333333333,0.06972166887783962,5,0.05833333333333333,0.06972166887783962,5,0.008333333333333333,0.018633899812498245,5,6.666666666666667,3.785938897200183,3,11.625,0.52539667553827,5,1.0,0.0,5,0.0,0.0,5,0.96875,0.04378305629485586,5
steady_d12_n2_m1,regime_conditional,ewma,observed,0.85,0.047507309379130745,5,0.85,0.047507309379130745,5,0.008333333333333333,0.018633899812498245,5,5.058070175438597,0.5538709299819782,5,6.116666666666667,0.27067302948186195,5,1.0,0.0,5,0.0,0.0,5,0.5097222222222222,0.022556085790155132,5
steady_d12_n2_m1,regime_conditional,point,clean,0.10833333333333332,0.06972166887783965,5,0.10833333333333332,0.06972166887783965,5,0.0,0.0,5,2.3958333333333335,1.82241064405242,4,10.975,0.6780281868935999,5,1.0,0.0,5,0.0,0.0,5,0.9145833333333334,0.056502348907799954,5
steady_d12_n2_m1,regime_conditional,point,observed,0.6416666666666666,0.15195485440675388,5,0.6416666666666666,0.15195485440675388,5,0.0,0.0,5,3.961348781937017,0.6537994635719995,5,6.883333333333333,1.0742406879073032,5,1.0,0.0,5,0.0,0.0,5,0.5736111111111111,0.08952005732560861,5
steady_d12_n2_m1,regime_marginal,ewma,clean,0.03333333333333333,0.03486083443891982,5,0.03333333333333333,0.03486083443891982,5,0.0,0.0,5,10.0,1.7320508075688772,3,11.941666666666666,0.06972166887783993,5,1.0,0.0,5,0.0,0.0,5,0.9951388888888889,0.005810139073153269,5
steady_d12_n2_m1,regime_marginal,ewma,observed,0.45,0.06846531968814576,5,0.45,0.06846531968814576,5,0.0,0.0,5,5.705555555555556,0.7987258371700283,5,9.175,0.5190803834132482,5,1.0,0.0,5,0.0,0.0,5,0.7645833333333334,0.04325669861777069,5
steady_d12_n2_m1,regime_marginal,point,clean,0.125,0.08333333333333334,5,0.125,0.08333333333333334,5,0.008333333333333333,0.018633899812498245,5,5.76,2.7618834153526466,5,11.116666666666665,0.7656923156348255,5,1.0,0.0,5,0.0,0.0,5,0.9263888888888889,0.06380769296956883,5
steady_d12_n2_m1,regime_marginal,point,observed,0.475,0.0912870929175277,5,0.475,0.0912870929175277,5,0.008333333333333333,0.018633899812498245,5,4.085930735930736,0.7415574622879891,5,8.283333333333333,0.5265519389808041,5,1.0,0.0,5,0.0,0.0,5,0.6902777777777778,0.04387932824840034,5
switch_after6,regime_conditional,ewma,clean,0.11666666666666665,0.054326686710022075,5,0.10833333333333332,0.04750730937913075,5,0.016666666666666666,0.02282177322938192,5,5.866666666666666,3.2604532745548673,5,11.25,0.5574620066774858,5,1.0,0.0,5,0.0,0.0,5,0.9375,0.046455167223123824,5
switch_after6,regime_conditional,ewma,observed,0.8,0.06180165405913052,5,0.8,0.06180165405913052,5,0.016666666666666666,0.02282177322938192,5,4.531906236178682,0.41997908830062297,5,6.033333333333333,0.4690045605085069,5,1.0,0.0,5,0.0,0.0,5,0.5027777777777778,0.039083713375708914,5
switch_after6,regime_conditional,point,clean,0.15,0.06319062870042959,5,0.15,0.06319062870042959,5,0.016666666666666666,0.02282177322938192,5,4.9,1.710263137648707,5,10.958333333333334,0.4114253678777397,5,1.0,0.0,5,0.0,0.0,5,0.9131944444444444,0.034285447323144945,5
switch_after6,regime_conditional,point,observed,0.7083333333333334,0.11785113019775795,5,0.7083333333333334,0.11785113019775795,5,0.016666666666666666,0.02282177322938192,5,4.3689285714285715,0.6960388103476731,5,6.616666666666667,0.8485076769115162,5,1.0,0.0,5,0.0,0.0,5,0.5513888888888888,0.0707089730759597,5
switch_after6,regime_marginal,ewma,clean,0.1,0.09592387027684449,5,0.1,0.09592387027684449,5,0.016666666666666666,0.02282177322938192,5,3.9222222222222225,2.559586193407341,3,11.15,0.9398581453247786,5,1.0,0.0,5,0.0,0.0,5,0.9291666666666668,0.07832151211039821,5
switch_after6,regime_marginal,ewma,observed,0.4166666666666667,0.10206207261596578,5,0.4166666666666667,0.10206207261596578,5,0.016666666666666666,0.02282177322938192,5,4.813571428571429,1.5730519212469674,5,9.016666666666667,0.8613015022498093,5,1.0,0.0,5,0.0,0.0,5,0.7513888888888889,0.07177512518748407,5
switch_after6,regime_marginal,point,clean,0.15,0.06319062870042959,5,0.15,0.06319062870042959,5,0.025,0.02282177322938192,5,5.1,1.126388032606881,5,10.991666666666665,0.43839194791875474,5,1.0,0.0,5,0.0,0.0,5,0.9159722222222222,0.03653266232656293,5
switch_after6,regime_marginal,point,observed,0.4083333333333333,0.09947780321927767,5,0.4083333333333333,0.09947780321927767,5,0.025,0.02282177322938192,5,3.5704695304695306,0.44576439685006736,5,8.575,0.7707770249704007,5,1.0,0.0,5,0.0,0.0,5,0.7145833333333333,0.06423141874753338,5
switch_at,regime_conditional,ewma,clean,0.06666666666666667,0.06319062870042959,5,0.06666666666666667,0.06319062870042959,5,0.008333333333333333,0.018633899812498245,5,7.333333333333333,1.201850425154663,3,11.691666666666666,0.30561868034820466,5,1.0,0.0,5,0.0,0.0,5,0.9743055555555555,0.025468223362350335,5
switch_at,regime_conditional,ewma,observed,0.8333333333333334,0.07795119555779045,5,0.8333333333333334,0.07795119555779045,5,0.008333333333333333,0.018633899812498245,5,5.614528349860158,0.1844727435790496,5,6.675,0.5577733510227171,5,1.0,0.0,5,0.0,0.0,5,0.55625,0.0464811125852264,5
switch_at,regime_conditional,point,clean,0.15833333333333335,0.0994778032192777,5,0.15833333333333335,0.0994778032192777,5,0.0,0.0,5,7.418571428571428,2.6177845439163527,5,11.108333333333333,0.7480298196670446,5,1.0,0.0,5,0.0,0.0,5,0.9256944444444445,0.062335818305587015,5
switch_at,regime_conditional,point,observed,0.65,0.09592387027684446,5,0.65,0.09592387027684446,5,0.0,0.0,5,4.439628482972137,0.5209062000604601,5,7.091666666666667,0.7508097480572405,5,1.0,0.0,5,0.0,0.0,5,0.5909722222222222,0.06256747900477007,5
switch_at,regime_marginal,ewma,clean,0.075,0.09033118078616166,5,0.075,0.09033118078616166,5,0.008333333333333333,0.018633899812498245,5,5.955555555555556,2.570199588733514,3,11.616666666666667,0.41812245681006993,5,1.0,0.0,5,0.0,0.0,5,0.9680555555555556,0.03484353806750584,5
switch_at,regime_marginal,ewma,observed,0.39166666666666666,0.08640183897219882,5,0.39166666666666666,0.08640183897219882,5,0.008333333333333333,0.018633899812498245,5,6.751313131313131,0.6087919932554418,5,9.958333333333332,0.44585280331318095,5,1.0,0.0,5,0.0,0.0,5,0.829861111111111,0.037154400276098405,5
switch_at,regime_marginal,point,clean,0.11666666666666667,0.054326686710022075,5,0.11666666666666667,0.054326686710022075,5,0.0,0.0,5,6.5666666666666655,2.6242723859301567,5,11.333333333333332,0.40397332145136045,5,1.0,0.0,5,0.0,0.0,5,0.9444444444444444,0.03366444345428004,5
switch_at,regime_marginal,point,observed,0.4583333333333333,0.11785113019775793,5,0.4583333333333333,0.11785113019775793,5,0.0,0.0,5,4.236355311355312,0.8503616604569603,5,8.4,1.1416970798868766,5,1.0,0.0,5,0.0,0.0,5,0.7,0.0951414233239064,5
switch_before6,regime_conditional,ewma,clean,0.075,0.054326686710022075,5,0.075,0.054326686710022075,5,0.016666666666666666,0.02282177322938192,5,5.75,4.8218253804964775,5,11.408333333333335,0.6708203932499376,5,1.0,0.0,5,0.0,0.0,5,0.9506944444444445,0.05590169943749473,5
switch_before6,regime_conditional,ewma,observed,0.7,0.04564354645876385,5,0.7,0.04564354645876385,5,0.016666666666666666,0.02282177322938192,5,4.969019607843137,0.7933625070963982,5,7.066666666666667,0.7190367785370156,5,1.0,0.0,5,0.0,0.0,5,0.5888888888888889,0.059919731544751255,5
switch_before6,regime_conditional,point,clean,0.13333333333333333,0.10785149254620655,5,0.13333333333333333,0.10785149254620655,5,0.008333333333333333,0.018633899812498245,5,4.966666666666667,2.625515822335362,4,11.1,0.8890733315587023,5,1.0,0.0,5,0.0,0.0,5,0.925,0.07408944429655852,5
switch_before6,regime_conditional,point,observed,0.625,0.12147816447594374,5,0.625,0.12147816447594374,5,0.008333333333333333,0.018633899812498245,5,4.109127933470039,0.4863306504020092,5,7.083333333333333,0.8946212730659955,5,1.0,0.0,5,0.0,0.0,5,0.5902777777777778,0.07455177275549962,5
switch_before6,regime_marginal,ewma,clean,0.075,0.06180165405913052,5,0.05833333333333333,0.06972166887783962,5,0.016666666666666666,0.03726779962499649,5,6.083333333333333,4.474464586219599,3,11.55,0.70180818050392,5,1.0,0.0,5,0.0,0.0,5,0.9625,0.05848401504199329,5
switch_before6,regime_marginal,ewma,observed,0.2833333333333333,0.0994778032192777,5,0.2833333333333333,0.0994778032192777,5,0.016666666666666666,0.03726779962499649,5,5.716428571428571,1.6284335781257238,5,10.116666666666665,1.050958557170019,5,1.0,0.0,5,0.0,0.0,5,0.8430555555555556,0.08757987976416828,5
switch_before6,regime_marginal,point,clean,0.1,0.0756912588524373,5,0.1,0.0756912588524373,5,0.0,0.0,5,6.9375,3.732598513993525,4,11.4,0.6605185252680066,5,1.0,0.0,5,0.0,0.0,5,0.95,0.055043210439000505,5
switch_before6,regime_marginal,point,observed,0.4833333333333334,0.14613064930625153,5,0.4833333333333334,0.14613064930625153,5,0.0,0.0,5,4.604285714285714,0.8736739222667572,5,8.408333333333333,1.3025082639959629,5,1.0,0.0,5,0.0,0.0,5,0.7006944444444445,0.1085423553329969,5
switch_delay12,regime_conditional,ewma,clean,0.25,0.11785113019775793,5,0.15,0.08640183897219884,5,0.11666666666666665,0.054326686710022075,5,4.597619047619047,1.0264500831714276,5,10.9,0.6343741447722748,5,1.0,0.0,5,0.0,0.0,5,0.9083333333333334,0.05286451206435623,5
switch_delay12,regime_conditional,ewma,observed,0.8416666666666666,0.054326686710022075,5,0.825,0.034860834438919804,5,0.11666666666666665,0.054326686710022075,5,5.078020050125313,0.4033427132268093,5,6.3,0.12977009585331215,5,1.0,0.0,5,0.0,0.0,5,0.525,0.010814174654442668,5
switch_delay12,regime_conditional,point,clean,0.275,0.10034662148993582,5,0.20833333333333334,0.07795119555779044,5,0.08333333333333334,0.07795119555779045,5,3.3033333333333332,0.770317394902185,5,10.208333333333334,0.6002025121203306,5,1.0,0.0,5,0.0,0.0,5,0.8506944444444444,0.05001687601002756,5
switch_delay12,regime_conditional,point,observed,0.7083333333333333,0.09771699499632144,5,0.675,0.12289901003127188,5,0.08333333333333334,0.07795119555779045,5,4.222236842105263,0.7483459947372841,5,6.716666666666667,1.1954775893619531,5,1.0,0.0,5,0.0,0.0,5,0.5597222222222222,0.09962313244682945,5
switch_delay12,regime_marginal,ewma,clean,0.2166666666666667,0.11931517552730295,5,0.125,0.05103103630798288,5,0.1,0.0756912588524373,5,5.65,1.8031608050556358,5,11.2,0.35770293385557905,5,1.0,0.0,5,0.0,0.0,5,0.9333333333333332,0.029808577821298244,5
switch_delay12,regime_marginal,ewma,observed,0.5083333333333334,0.12977009585331195,5,0.45,0.10374916331657277,5,0.1,0.0756912588524373,5,5.411688311688311,1.1350790512956215,5,9.041666666666668,0.8338540040078959,5,1.0,0.0,5,0.0,0.0,5,0.7534722222222222,0.06948783366732468,5
switch_delay12,regime_marginal,point,clean,0.29166666666666663,0.1473139127471974,5,0.21666666666666665,0.09033118078616167,5,0.11666666666666667,0.08014743359029727,5,4.844047619047619,1.5139328354935329,5,10.45,0.6544452697599029,5,1.0,0.0,5,0.0,0.0,5,0.8708333333333333,0.054537105813325173,5
switch_delay12,regime_marginal,point,observed,0.55,0.08539125638299666,5,0.4916666666666666,0.09947780321927768,5,0.11666666666666667,0.08014743359029727,5,4.2647102897102895,0.9078936025312504,5,8.141666666666667,1.1128198666251221,5,1.0,0.0,5,0.0,0.0,5,0.6784722222222223,0.09273498888542688,5
switch_random,regime_conditional,ewma,clean,0.08333333333333333,0.05892556509887896,5,0.075,0.06846531968814576,5,0.016666666666666666,0.02282177322938192,5,6.145833333333333,3.287444549595729,4,11.5,0.553555427316101,5,1.0,0.0,5,0.0,0.0,5,0.9583333333333334,0.046129618943008405,5
switch_random,regime_conditional,ewma,observed,0.85,0.02282177322938193,5,0.8416666666666668,0.018633899812498286,5,0.016666666666666666,0.02282177322938192,5,5.128571428571428,0.6834598356441847,5,6.225,0.48286615352727114,5,1.0,0.0,5,0.0,0.0,5,0.51875,0.04023884612727257,5
switch_random,regime_conditional,point,clean,0.125,0.06588078458684124,5,0.125,0.06588078458684124,5,0.0,0.0,5,4.046666666666667,3.051374917785241,5,10.925,0.6734034616945641,5,1.0,0.0,5,0.0,0.0,5,0.9104166666666668,0.0561169551412137,5
switch_random,regime_conditional,point,observed,0.6416666666666666,0.11257713405088583,5,0.6416666666666666,0.11257713405088583,5,0.0,0.0,5,3.8896672608437313,0.49868668776969294,5,6.825,0.7747087266264086,5,1.0,0.0,5,0.0,0.0,5,0.56875,0.06455906055220072,5
switch_random,regime_marginal,ewma,clean,0.06666666666666667,0.04750730937913075,5,0.06666666666666667,0.04750730937913075,5,0.0,0.0,5,7.625,2.286737122335374,4,11.716666666666665,0.2489561541048276,5,1.0,0.0,5,0.0,0.0,5,0.976388888888889,0.020746346175402303,5
switch_random,regime_marginal,ewma,observed,0.4666666666666666,0.08014743359029725,5,0.4666666666666666,0.08014743359029725,5,0.0,0.0,5,5.423018648018648,0.848725969303115,5,8.966666666666667,0.44036758635384493,5,1.0,0.0,5,0.0,0.0,5,0.7472222222222222,0.03669729886282044,5
switch_random,regime_marginal,point,clean,0.16666666666666666,0.07795119555779045,5,0.16666666666666666,0.07795119555779045,5,0.016666666666666666,0.02282177322938192,5,6.033333333333333,2.258932884743984,5,10.9,0.8537092271051334,5,1.0,0.0,5,0.0,0.0,5,0.9083333333333334,0.07114243559209446,5
switch_random,regime_marginal,point,observed,0.4666666666666666,0.10374916331657276,5,0.4666666666666666,0.10374916331657276,5,0.016666666666666666,0.02282177322938192,5,3.995371295371295,0.43223912063819286,5,8.3,0.6759766596891083,5,1.0,0.0,5,0.0,0.0,5,0.6916666666666667,0.056331388307425706,5
