seed,method,alpha,regime,channel,threshold,n_calibration_cells,calibration_fpr
42,regime_marginal,1.0,transit_rough,0,2.7330891369699173,720,0.011111111111111112
42,regime_marginal,1.0,transit_rough,1,2.6183840795530764,720,0.011111111111111112
42,regime_marginal,1.0,transit_rough,2,2.6685426590350385,720,0.011111111111111112
42,regime_marginal,1.0,transit_smooth,0,2.6383989159981285,720,0.011111111111111112
42,regime_marginal,1.0,transit_smooth,1,2.745166363148809,720,0.011111111111111112
42,regime_marginal,1.0,transit_smooth,2,2.3983646483506993,720,0.011111111111111112
42,regime_marginal,1.0,warehouse,0,2.444875502779248,720,0.011111111111111112
42,regime_marginal,1.0,warehouse,1,2.676720776248441,720,0.011111111111111112
42,regime_marginal,1.0,warehouse,2,2.22838548508122,720,0.011111111111111112
42,regime_marginal,0.2,transit_rough,0,1.7946240205079884,720,0.011111111111111112
42,regime_marginal,0.2,transit_rough,1,1.4334447493125462,720,0.011111111111111112
42,regime_marginal,0.2,transit_rough,2,1.3418602578482695,720,0.011111111111111112
42,regime_marginal,0.2,transit_smooth,0,1.6515943476405277,720,0.011111111111111112
42,regime_marginal,0.2,transit_smooth,1,1.3167229163620182,720,0.011111111111111112
42,regime_marginal,0.2,transit_smooth,2,1.3683927439197747,720,0.011111111111111112
42,regime_marginal,0.2,warehouse,0,1.490647989628508,720,0.011111111111111112
42,regime_marginal,0.2,warehouse,1,1.1949385861936999,720,0.011111111111111112
42,regime_marginal,0.2,warehouse,2,0.8360990010089345,720,0.011111111111111112
42,regime_conditional,1.0,transit_rough,0,2.5249567343606074,720,0.011111111111111112
42,regime_conditional,1.0,transit_rough,1,2.467986797702909,720,0.011111111111111112
42,regime_conditional,1.0,transit_rough,2,2.5202907253005766,720,0.011111111111111112
42,regime_conditional,1.0,transit_smooth,0,2.438194255845313,720,0.011111111111111112
42,regime_conditional,1.0,transit_smooth,1,2.683737790976065,720,0.011111111111111112
42,regime_conditional,1.0,transit_smooth,2,2.5920862436563126,720,0.011111111111111112
42,regime_conditional,1.0,warehouse,0,2.297153657535861,720,0.011111111111111112
42,regime_conditional,1.0,warehouse,1,2.578664619364803,720,0.011111111111111112
42,regime_conditional,1.0,warehouse,2,2.1890338158751113,720,0.011111111111111112
42,regime_conditional,0.2,transit_rough,0,1.2527698285518845,720,0.011111111111111112
42,regime_conditional,0.2,transit_rough,1,0.8970532194803071,720,0.011111111111111112
42,regime_conditional,0.2,transit_rough,2,0.8814946973266695,720,0.011111111111111112
42,regime_conditional,0.2,transit_smooth,0,1.1761791376580455,720,0.011111111111111112
42,regime_conditional,0.2,transit_smooth,1,0.860399242674857,720,0.011111111111111112
42,regime_conditional,0.2,transit_smooth,2,0.9206520202410018,720,0.011111111111111112
42,regime_conditional,0.2,warehouse,0,1.1641345728833878,720,0.011111111111111112
42,regime_conditional,0.2,warehouse,1,0.9755805654710474,720,0.011111111111111112
42,regime_conditional,0.2,warehouse,2,0.6887063615055562,720,0.011111111111111112
43,regime_marginal,1.0,transit_rough,0,2.4833447147762646,720,0.011111111111111112
43,regime_marginal,1.0,transit_rough,1,2.6569815542594433,720,0.011111111111111112
43,regime_marginal,1.0,transit_rough,2,2.3503326541844975,720,0.011111111111111112
43,regime_marginal,1.0,transit_smooth,0,2.5365870565564967,720,0.011111111111111112
43,regime_marginal,1.0,transit_smooth,1,2.4930607521229846,720,0.011111111111111112
43,regime_marginal,1.0,transit_smooth,2,2.250810962963996,720,0.011111111111111112
43,regime_marginal,1.0,warehouse,0,2.3884006792628947,720,0.011111111111111112
43,regime_marginal,1.0,warehouse,1,2.3273959976147047,720,0.011111111111111112
43,regime_marginal,1.0,warehouse,2,2.0197084212945877,720,0.011111111111111112
43,regime_marginal,0.2,transit_rough,0,1.3572417963087262,720,0.011111111111111112
43,regime_marginal,0.2,transit_rough,1,1.262772673886911,720,0.011111111111111112
43,regime_marginal,0.2,transit_rough,2,1.1402809093269115,720,0.011111111111111112
43,regime_marginal,0.2,transit_smooth,0,1.7576826233326972,720,0.011111111111111112
43,regime_marginal,0.2,transit_smooth,1,1.2945811233652844,720,0.011111111111111112
43,regime_marginal,0.2,transit_smooth,2,1.1916845964660332,720,0.011111111111111112
43,regime_marginal,0.2,warehouse,0,1.3548560686773632,720,0.011111111111111112
43,regime_marginal,0.2,warehouse,1,1.143781338797645,720,0.011111111111111112
43,regime_marginal,0.2,warehouse,2,0.9319021341648575,720,0.011111111111111112
43,regime_conditional,1.0,transit_rough,0,2.3632855534093773,720,0.011111111111111112
43,regime_conditional,1.0,transit_rough,1,2.8310050824626347,720,0.011111111111111112
43,regime_conditional,1.0,transit_rough,2,2.450736272006838,720,0.011111111111111112
43,regime_conditional,1.0,transit_smooth,0,2.567645067688849,720,0.011111111111111112
43,regime_conditional,1.0,transit_smooth,1,2.5380918551343017,720,0.011111111111111112
43,regime_conditional,1.0,transit_smooth,2,2.3867150924405633,720,0.011111111111111112
43,regime_conditional,1.0,warehouse,0,2.488551928693107,720,0.011111111111111112
43,regime_conditional,1.0,warehouse,1,2.4032119188454097,720,0.011111111111111112
43,regime_conditional,1.0,warehouse,2,2.000112511070737,720,0.011111111111111112
43,regime_conditional,0.2,transit_rough,0,0.9666967433757844,720,0.011111111111111112
43,regime_conditional,0.2,transit_rough,1,0.9311742244312711,720,0.011111111111111112
43,regime_conditional,0.2,transit_rough,2,0.974617171601991,720,0.011111111111111112
43,regime_conditional,0.2,transit_smooth,0,1.3158651965169257,720,0.011111111111111112
43,regime_conditional,0.2,transit_smooth,1,0.8986902112852968,720,0.011111111111111112
43,regime_conditional,0.2,transit_smooth,2,0.8271926535486248,720,0.011111111111111112
43,regime_conditional,0.2,warehouse,0,1.0961200034386687,720,0.011111111111111112
43,regime_conditional,0.2,warehouse,1,0.7810518356040426,720,0.011111111111111112
43,regime_conditional,0.2,warehouse,2,0.700720562269717,720,0.011111111111111112
44,regime_marginal,1.0,transit_rough,0,2.5180014582288615,720,0.011111111111111112
44,regime_marginal,1.0,transit_rough,1,2.9397705071161506,720,0.011111111111111112
44,regime_marginal,1.0,transit_rough,2,2.5914796716207724,720,0.011111111111111112
44,regime_marginal,1.0,transit_smooth,0,2.603532918579993,720,0.011111111111111112
44,regime_marginal,1.0,transit_smooth,1,2.6251419845271142,720,0.011111111111111112
44,regime_marginal,1.0,transit_smooth,2,2.651483289237269,720,0.011111111111111112
44,regime_marginal,1.0,warehouse,0,2.5548853367508153,720,0.011111111111111112
44,regime_marginal,1.0,warehouse,1,2.527341440528899,720,0.011111111111111112
44,regime_marginal,1.0,warehouse,2,2.2825660838455093,720,0.011111111111111112
44,regime_marginal,0.2,transit_rough,0,1.5259372507809852,720,0.011111111111111112
44,regime_marginal,0.2,transit_rough,1,1.261926561238145,720,0.011111111111111112
44,regime_marginal,0.2,transit_rough,2,1.2587975370020252,720,0.011111111111111112
44,regime_marginal,0.2,transit_smooth,0,1.8266812296987178,720,0.011111111111111112
44,regime_marginal,0.2,transit_smooth,1,1.6188968275918574,720,0.011111111111111112
44,regime_marginal,0.2,transit_smooth,2,1.5113605927935105,720,0.011111111111111112
44,regime_marginal,0.2,warehouse,0,1.5848815271959429,720,0.011111111111111112
44,regime_marginal,0.2,warehouse,1,1.2342359542821808,720,0.011111111111111112
44,regime_marginal,0.2,warehouse,2,1.0178884178654066,720,0.011111111111111112
44,regime_conditional,1.0,transit_rough,0,2.4395719480619755,720,0.011111111111111112
44,regime_conditional,1.0,transit_rough,1,2.7851213971378703,720,0.011111111111111112
44,regime_conditional,1.0,transit_rough,2,2.581606895945965,720,0.011111111111111112
44,regime_conditional,1.0,transit_smooth,0,2.619403134332737,720,0.011111111111111112
44,regime_conditional,1.0,transit_smooth,1,2.549879378081021,720,0.011111111111111112
44,regime_conditional,1.0,transit_smooth,2,2.4841621669536034,720,0.011111111111111112
44,regime_conditional,1.0,warehouse,0,2.569701332385046,720,0.011111111111111112
44,regime_conditional,1.0,warehouse,1,2.3621282378389044,720,0.011111111111111112
44,regime_conditional,1.0,warehouse,2,2.085952714700601,720,0.011111111111111112
44,regime_conditional,0.2,transit_rough,0,1.1241379577179047,720,0.011111111111111112
44,regime_conditional,0.2,transit_rough,1,0.9272159691426122,720,0.011111111111111112
44,regime_conditional,0.2,transit_rough,2,0.9326092165340923,720,0.011111111111111112
44,regime_conditional,0.2,transit_smooth,0,1.0868519811748665,720,0.011111111111111112
44,regime_conditional,0.2,transit_smooth,1,0.8901844805363722,720,0.011111111111111112
44,regime_conditional,0.2,transit_smooth,2,0.8946262083216165,720,0.011111111111111112
44,regime_conditional,0.2,warehouse,0,1.3095833790868532,720,0.011111111111111112
44,regime_conditional,0.2,warehouse,1,0.9008689939457615,720,0.011111111111111112
44,regime_conditional,0.2,warehouse,2,0.7446990535080958,720,0.011111111111111112
45,regime_marginal,1.0,transit_rough,0,2.288552442792231,720,0.011111111111111112
45,regime_marginal,1.0,transit_rough,1,2.3839540960621246,720,0.011111111111111112
45,regime_marginal,1.0,transit_rough,2,2.4028208519192202,720,0.011111111111111112
45,regime_marginal,1.0,transit_smooth,0,2.521556202497701,720,0.011111111111111112
45,regime_marginal,1.0,transit_smooth,1,2.6089877034670708,720,0.011111111111111112
45,regime_marginal,1.0,transit_smooth,2,2.804381553990723,720,0.011111111111111112
45,regime_marginal,1.0,warehouse,0,2.4652432894192784,720,0.011111111111111112
45,regime_marginal,1.0,warehouse,1,2.667157704465877,720,0.011111111111111112
45,regime_marginal,1.0,warehouse,2,2.374308456645836,720,0.011111111111111112
45,regime_marginal,0.2,transit_rough,0,1.4063561042608248,720,0.011111111111111112
45,regime_marginal,0.2,transit_rough,1,1.1829521373810652,720,0.011111111111111112
45,regime_marginal,0.2,transit_rough,2,1.0371895826339177,720,0.011111111111111112
45,regime_marginal,0.2,transit_smooth,0,1.4871580669134672,720,0.011111111111111112
45,regime_marginal,0.2,transit_smooth,1,1.192445682960207,720,0.011111111111111112
45,regime_marginal,0.2,transit_smooth,2,1.3661024595142137,720,0.011111111111111112
45,regime_marginal,0.2,warehouse,0,1.5442698228320766,720,0.011111111111111112
45,regime_marginal,0.2,warehouse,1,1.4581349448527858,720,0.011111111111111112
45,regime_marginal,0.2,warehouse,2,0.909966518343375,720,0.011111111111111112
45,regime_conditional,1.0,transit_rough,0,2.278647023190333,720,0.011111111111111112
45,regime_conditional,1.0,transit_rough,1,2.5943092585382774,720,0.011111111111111112
45,regime_conditional,1.0,transit_rough,2,2.477625600556352,720,0.011111111111111112
45,regime_conditional,1.0,transit_smooth,0,2.6413743722457577,720,0.011111111111111112
45,regime_conditional,1.0,transit_smooth,1,2.556690200483791,720,0.011111111111111112
45,regime_conditional,1.0,transit_smooth,2,2.5152302907966257,720,0.011111111111111112
45,regime_conditional,1.0,warehouse,0,2.3881247841829527,720,0.011111111111111112
45,regime_conditional,1.0,warehouse,1,2.4874685778122445,720,0.011111111111111112
45,regime_conditional,1.0,warehouse,2,2.221586986113076,720,0.011111111111111112
45,regime_conditional,0.2,transit_rough,0,1.1722625785483793,720,0.011111111111111112
45,regime_conditional,0.2,transit_rough,1,0.9932768981406593,720,0.011111111111111112
45,regime_conditional,0.2,transit_rough,2,0.818447391027492,720,0.011111111111111112
45,regime_conditional,0.2,transit_smooth,0,1.2202730468924239,720,0.011111111111111112
45,regime_conditional,0.2,transit_smooth,1,0.8886128544878867,720,0.011111111111111112
45,regime_conditional,0.2,transit_smooth,2,1.0079293514480414,720,0.011111111111111112
45,regime_conditional,0.2,warehouse,0,1.1663473155993744,720,0.011111111111111112
45,regime_conditional,0.2,warehouse,1,0.886622335090438,720,0.011111111111111112
45,regime_conditional,0.2,warehouse,2,0.733345780949951,720,0.011111111111111112
46,regime_marginal,1.0,transit_rough,0,2.5726208483958364,720,0.011111111111111112
46,regime_marginal,1.0,transit_rough,1,2.5690034127176147,720,0.011111111111111112
46,regime_marginal,1.0,transit_rough,2,2.6292908877625982,720,0.011111111111111112
46,regime_marginal,1.0,transit_smooth,0,2.5910451111280293,720,0.011111111111111112
46,regime_marginal,1.0,transit_smooth,1,2.699009255901606,720,0.011111111111111112
46,regime_marginal,1.0,transit_smooth,2,2.659911225510485,720,0.011111111111111112
46,regime_marginal,1.0,warehouse,0,2.3777179238660584,720,0.011111111111111112
46,regime_marginal,1.0,warehouse,1,2.4245515471987478,720,0.011111111111111112
46,regime_marginal,1.0,warehouse,2,2.146858552555906,720,0.011111111111111112
46,regime_marginal,0.2,transit_rough,0,1.8171282086739842,720,0.011111111111111112
46,regime_marginal,0.2,transit_rough,1,1.1667555497884459,720,0.011111111111111112
46,regime_marginal,0.2,transit_rough,2,1.2401941613305691,720,0.011111111111111112
46,regime_marginal,0.2,transit_smooth,0,1.6959050740338635,720,0.011111111111111112
46,regime_marginal,0.2,transit_smooth,1,1.4663846345093454,720,0.011111111111111112
46,regime_marginal,0.2,transit_smooth,2,1.4110673995676188,720,0.011111111111111112
46,regime_marginal,0.2,warehouse,0,1.2649193856678058,720,0.011111111111111112
46,regime_marginal,0.2,warehouse,1,1.2323328358735708,720,0.011111111111111112
46,regime_marginal,0.2,warehouse,2,0.9825038109558454,720,0.011111111111111112
46,regime_conditional,1.0,transit_rough,0,2.4389729344261903,720,0.011111111111111112
46,regime_conditional,1.0,transit_rough,1,2.7891156669399306,720,0.011111111111111112
46,regime_conditional,1.0,transit_rough,2,2.4916788583193012,720,0.011111111111111112
46,regime_conditional,1.0,transit_smooth,0,2.545682925643683,720,0.011111111111111112
46,regime_conditional,1.0,transit_smooth,1,2.5522536223173846,720,0.011111111111111112
46,regime_conditional,1.0,transit_smooth,2,2.477351517863573,720,0.011111111111111112
46,regime_conditional,1.0,warehouse,0,2.5396813994497847,720,0.011111111111111112
46,regime_conditional,1.0,warehouse,1,2.5124464400858217,720,0.011111111111111112
46,regime_conditional,1.0,warehouse,2,2.0754451730848618,720,0.011111111111111112
46,regime_conditional,0.2,transit_rough,0,1.3686580062962874,720,0.011111111111111112
46,regime_conditional,0.2,transit_rough,1,0.7719629664710803,720,0.011111111111111112
46,regime_conditional,0.2,transit_rough,2,0.9461115709107557,720,0.011111111111111112
46,regime_conditional,0.2,transit_smooth,0,1.2637479627685058,720,0.011111111111111112
46,regime_conditional,0.2,transit_smooth,1,0.9140865887077217,720,0.011111111111111112
46,regime_conditional,0.2,transit_smooth,2,0.9671055788750499,720,0.011111111111111112
46,regime_conditional,0.2,warehouse,0,1.0611649267297987,720,0.011111111111111112
46,regime_conditional,0.2,warehouse,1,0.9332853051134763,720,0.011111111111111112
46,regime_conditional,0.2,warehouse,2,0.7340300630786053,720,0.011111111111111112
