seed,scenario,method,alpha,view,any_active_hit,fresh_onset_hit,pre_active,fresh_delay_detected,fresh_delay_capped,event_channel_count
42,steady_k2,regime_conditional,0.2,clean,0.0,0.0,0.020833333333333332,,9.0,48
42,steady_k2,regime_conditional,0.2,observed,0.9375,0.8958333333333334,0.08333333333333333,3.0697674418604652,3.625,48
42,steady_k2,regime_conditional,1.0,clean,0.125,0.125,0.020833333333333332,7.5,8.5625,48
42,steady_k2,regime_conditional,1.0,observed,0.8958333333333334,0.8958333333333334,0.020833333333333332,1.7674418604651163,2.5833333333333335,48
42,steady_k2,regime_marginal,0.2,clean,0.041666666666666664,0.0,0.0625,,9.0,48
42,steady_k2,regime_marginal,0.2,observed,0.8125,0.7708333333333334,0.10416666666666667,4.27027027027027,5.041666666666667,48
42,steady_k2,regime_marginal,1.0,clean,0.0,0.0,0.020833333333333332,,9.0,48
42,steady_k2,regime_marginal,1.0,observed,0.9583333333333334,0.9583333333333334,0.020833333333333332,2.239130434782609,2.5208333333333335,48
42,steady_m05,regime_conditional,0.2,clean,0.0,0.0,0.041666666666666664,,9.0,24
42,steady_m05,regime_conditional,0.2,observed,0.25,0.20833333333333334,0.041666666666666664,7.4,8.291666666666666,24
42,steady_m05,regime_conditional,1.0,clean,0.08333333333333333,0.08333333333333333,0.041666666666666664,9.0,8.75,24
42,steady_m05,regime_conditional,1.0,observed,0.125,0.125,0.041666666666666664,7.333333333333333,8.416666666666666,24
42,steady_m05,regime_marginal,0.2,clean,0.041666666666666664,0.0,0.08333333333333333,,9.0,24
42,steady_m05,regime_marginal,0.2,observed,0.08333333333333333,0.041666666666666664,0.08333333333333333,5.0,8.708333333333334,24
42,steady_m05,regime_marginal,1.0,clean,0.0,0.0,0.041666666666666664,,9.0,24
42,steady_m05,regime_marginal,1.0,observed,0.08333333333333333,0.08333333333333333,0.041666666666666664,5.5,8.458333333333334,24
42,steady_m1,regime_conditional,0.2,clean,0.0,0.0,0.041666666666666664,,9.0,24
42,steady_m1,regime_conditional,0.2,observed,0.5833333333333334,0.5833333333333334,0.08333333333333333,5.142857142857143,5.75,24
42,steady_m1,regime_conditional,1.0,clean,0.08333333333333333,0.08333333333333333,0.041666666666666664,9.0,8.75,24
42,steady_m1,regime_conditional,1.0,observed,0.4583333333333333,0.4583333333333333,0.041666666666666664,3.8181818181818183,6.5,24
42,steady_m1,regime_marginal,0.2,clean,0.041666666666666664,0.0,0.08333333333333333,,9.0,24
42,steady_m1,regime_marginal,0.2,observed,0.3333333333333333,0.2916666666666667,0.08333333333333333,6.571428571428571,7.666666666666667,24
42,steady_m1,regime_marginal,1.0,clean,0.0,0.0,0.041666666666666664,,9.0,24
42,steady_m1,regime_marginal,1.0,observed,0.2916666666666667,0.2916666666666667,0.041666666666666664,4.285714285714286,7.5,24
42,steady_m2_r10_k1,regime_conditional,0.2,clean,0.0,0.0,0.041666666666666664,,9.0,24
42,steady_m2_r10_k1,regime_conditional,0.2,observed,1.0,0.9583333333333334,0.08333333333333333,2.608695652173913,3.0,24
42,steady_m2_r10_k1,regime_conditional,1.0,clean,0.08333333333333333,0.08333333333333333,0.041666666666666664,9.0,8.75,24
42,steady_m2_r10_k1,regime_conditional,1.0,observed,0.9583333333333334,0.9583333333333334,0.041666666666666664,1.4782608695652173,1.9166666666666667,24
42,steady_m2_r10_k1,regime_marginal,0.2,clean,0.041666666666666664,0.0,0.08333333333333333,,9.0,24
42,steady_m2_r10_k1,regime_marginal,0.2,observed,0.8333333333333334,0.7916666666666666,0.125,4.2105263157894735,4.833333333333333,24
42,steady_m2_r10_k1,regime_marginal,1.0,clean,0.0,0.0,0.041666666666666664,,9.0,24
42,steady_m2_r10_k1,regime_marginal,1.0,observed,0.9583333333333334,0.9583333333333334,0.041666666666666664,2.4347826086956523,2.5833333333333335,24
42,steady_m4,regime_conditional,0.2,clean,0.0,0.0,0.041666666666666664,,9.0,24
42,steady_m4,regime_conditional,0.2,observed,1.0,0.9583333333333334,0.08333333333333333,0.782608695652174,1.25,24
42,steady_m4,regime_conditional,1.0,clean,0.08333333333333333,0.08333333333333333,0.041666666666666664,9.0,8.75,24
42,steady_m4,regime_conditional,1.0,observed,1.0,0.9166666666666666,0.08333333333333333,0.0,0.75,24
42,steady_m4,regime_marginal,0.2,clean,0.041666666666666664,0.0,0.08333333333333333,,9.0,24
42,steady_m4,regime_marginal,0.2,observed,1.0,0.9583333333333334,0.125,1.826086956521739,2.25,24
42,steady_m4,regime_marginal,1.0,clean,0.0,0.0,0.041666666666666664,,9.0,24
42,steady_m4,regime_marginal,1.0,observed,1.0,0.9583333333333334,0.08333333333333333,0.4782608695652174,0.7083333333333334,24
42,steady_r02,regime_conditional,0.2,clean,0.0,0.0,0.08333333333333333,,4.0,12
42,steady_r02,regime_conditional,0.2,observed,0.8333333333333334,0.75,0.08333333333333333,2.111111111111111,2.5833333333333335,12
42,steady_r02,regime_conditional,1.0,clean,0.0,0.0,0.08333333333333333,,4.0,12
42,steady_r02,regime_conditional,1.0,observed,0.75,0.75,0.08333333333333333,0.5555555555555556,1.4166666666666667,12
42,steady_r02,regime_marginal,0.2,clean,0.08333333333333333,0.0,0.16666666666666666,,4.0,12
42,steady_r02,regime_marginal,0.2,observed,0.4166666666666667,0.3333333333333333,0.16666666666666666,2.25,3.4166666666666665,12
42,steady_r02,regime_marginal,1.0,clean,0.0,0.0,0.08333333333333333,,4.0,12
42,steady_r02,regime_marginal,1.0,observed,0.5833333333333334,0.5833333333333334,0.08333333333333333,1.0,2.25,12
42,steady_r20,regime_conditional,0.2,clean,0.027777777777777776,0.027777777777777776,0.027777777777777776,9.0,11.916666666666666,36
42,steady_r20,regime_conditional,0.2,observed,1.0,0.9166666666666666,0.1111111111111111,2.4242424242424243,3.2222222222222223,36
42,steady_r20,regime_conditional,1.0,clean,0.1111111111111111,0.1111111111111111,0.027777777777777776,7.5,11.5,36
42,steady_r20,regime_conditional,1.0,observed,0.9722222222222222,0.9722222222222222,0.027777777777777776,1.2285714285714286,1.5277777777777777,36
42,steady_r20,regime_marginal,0.2,clean,0.05555555555555555,0.027777777777777776,0.05555555555555555,7.0,11.86111111111111,36
42,steady_r20,regime_marginal,0.2,observed,0.9166666666666666,0.8888888888888888,0.08333333333333333,4.125,5.0,36
42,steady_r20,regime_marginal,1.0,clean,0.05555555555555555,0.05555555555555555,0.027777777777777776,8.0,11.777777777777779,36
42,steady_r20,regime_marginal,1.0,observed,0.9722222222222222,0.9722222222222222,0.027777777777777776,2.914285714285714,3.1666666666666665,36
42,switch_d0,regime_conditional,0.2,clean,0.0,0.0,0.041666666666666664,,9.0,24
42,switch_d0,regime_conditional,0.2,observed,0.9583333333333334,0.9166666666666666,0.08333333333333333,2.5,3.0416666666666665,24
42,switch_d0,regime_conditional,1.0,clean,0.08333333333333333,0.08333333333333333,0.041666666666666664,9.0,8.75,24
42,switch_d0,regime_conditional,1.0,observed,0.9583333333333334,0.9583333333333334,0.041666666666666664,1.7391304347826086,2.1666666666666665,24
42,switch_d0,regime_marginal,0.2,clean,0.041666666666666664,0.0,0.041666666666666664,,9.0,24
42,switch_d0,regime_marginal,0.2,observed,0.75,0.75,0.08333333333333333,3.7222222222222223,4.291666666666667,24
42,switch_d0,regime_marginal,1.0,clean,0.0,0.0,0.0,,9.0,24
42,switch_d0,regime_marginal,1.0,observed,0.9166666666666666,0.9166666666666666,0.0,1.8636363636363635,2.4583333333333335,24
42,switch_d12,regime_conditional,0.2,clean,0.125,0.125,0.08333333333333333,1.6666666666666667,7.958333333333333,24
42,switch_d12,regime_conditional,0.2,observed,0.9583333333333334,0.9166666666666666,0.125,2.227272727272727,2.7916666666666665,24
42,switch_d12,regime_conditional,1.0,clean,0.16666666666666666,0.16666666666666666,0.08333333333333333,3.0,7.75,24
42,switch_d12,regime_conditional,1.0,observed,1.0,1.0,0.08333333333333333,1.4166666666666667,1.4166666666666667,24
42,switch_d12,regime_marginal,0.2,clean,0.125,0.08333333333333333,0.041666666666666664,0.0,8.25,24
42,switch_d12,regime_marginal,0.2,observed,0.7916666666666666,0.7916666666666666,0.08333333333333333,3.3684210526315788,4.166666666666667,24
42,switch_d12,regime_marginal,1.0,clean,0.08333333333333333,0.08333333333333333,0.0,0.0,8.25,24
42,switch_d12,regime_marginal,1.0,observed,0.9166666666666666,0.9166666666666666,0.0,1.5454545454545454,2.1666666666666665,24
42,switch_d4,regime_conditional,0.2,clean,0.08333333333333333,0.08333333333333333,0.041666666666666664,0.0,8.25,24
42,switch_d4,regime_conditional,0.2,observed,0.9583333333333334,0.9166666666666666,0.08333333333333333,2.227272727272727,2.7916666666666665,24
42,switch_d4,regime_conditional,1.0,clean,0.16666666666666666,0.16666666666666666,0.041666666666666664,3.0,7.75,24
42,switch_d4,regime_conditional,1.0,observed,1.0,1.0,0.041666666666666664,1.4166666666666667,1.4166666666666667,24
42,switch_d4,regime_marginal,0.2,clean,0.125,0.08333333333333333,0.041666666666666664,0.0,8.25,24
42,switch_d4,regime_marginal,0.2,observed,0.7916666666666666,0.7916666666666666,0.08333333333333333,3.473684210526316,4.0,24
42,switch_d4,regime_marginal,1.0,clean,0.08333333333333333,0.08333333333333333,0.0,0.0,8.25,24
42,switch_d4,regime_marginal,1.0,observed,0.9583333333333334,0.9583333333333334,0.0,1.6956521739130435,1.875,24
43,steady_k2,regime_conditional,0.2,clean,0.08333333333333333,0.08333333333333333,0.0,3.25,8.270833333333334,48
43,steady_k2,regime_conditional,0.2,observed,0.9375,0.9375,0.020833333333333332,2.066666666666667,2.5625,48
43,steady_k2,regime_conditional,1.0,clean,0.08333333333333333,0.08333333333333333,0.0,2.0,8.416666666666666,48
43,steady_k2,regime_conditional,1.0,observed,0.8125,0.8125,0.020833333333333332,0.717948717948718,2.2083333333333335,48
43,steady_k2,regime_marginal,0.2,clean,0.041666666666666664,0.041666666666666664,0.0,4.5,8.6875,48
43,steady_k2,regime_marginal,0.2,observed,0.7291666666666666,0.7291666666666666,0.020833333333333332,3.8857142857142857,4.833333333333333,48
43,steady_k2,regime_marginal,1.0,clean,0.125,0.125,0.0,4.333333333333333,8.416666666666666,48
43,steady_k2,regime_marginal,1.0,observed,0.8125,0.8125,0.0,1.3846153846153846,2.625,48
43,steady_m05,regime_conditional,0.2,clean,0.08333333333333333,0.08333333333333333,0.0,5.5,8.458333333333334,24
43,steady_m05,regime_conditional,0.2,observed,0.125,0.125,0.0,2.3333333333333335,8.041666666666666,24
43,steady_m05,regime_conditional,1.0,clean,0.125,0.125,0.0,2.0,8.25,24
43,steady_m05,regime_conditional,1.0,observed,0.20833333333333334,0.20833333333333334,0.0,3.2,7.666666666666667,24
43,steady_m05,regime_marginal,0.2,clean,0.041666666666666664,0.041666666666666664,0.0,7.0,8.791666666666666,24
43,steady_m05,regime_marginal,0.2,observed,0.041666666666666664,0.041666666666666664,0.0,3.0,8.625,24
43,steady_m05,regime_marginal,1.0,clean,0.20833333333333334,0.20833333333333334,0.0,4.8,8.25,24
43,steady_m05,regime_marginal,1.0,observed,0.125,0.125,0.0,3.6666666666666665,8.458333333333334,24
43,steady_m1,regime_conditional,0.2,clean,0.08333333333333333,0.08333333333333333,0.0,5.5,8.458333333333334,24
43,steady_m1,regime_conditional,0.2,observed,0.5,0.5,0.0,5.166666666666667,6.583333333333333,24
43,steady_m1,regime_conditional,1.0,clean,0.125,0.125,0.0,2.0,8.25,24
43,steady_m1,regime_conditional,1.0,observed,0.4583333333333333,0.4583333333333333,0.0,3.909090909090909,6.291666666666667,24
43,steady_m1,regime_marginal,0.2,clean,0.041666666666666664,0.041666666666666664,0.0,7.0,8.791666666666666,24
43,steady_m1,regime_marginal,0.2,observed,0.125,0.125,0.0,2.0,8.0,24
43,steady_m1,regime_marginal,1.0,clean,0.20833333333333334,0.20833333333333334,0.0,4.8,8.25,24
43,steady_m1,regime_marginal,1.0,observed,0.3333333333333333,0.3333333333333333,0.0,3.125,6.791666666666667,24
43,steady_m2_r10_k1,regime_conditional,0.2,clean,0.08333333333333333,0.08333333333333333,0.0,5.5,8.458333333333334,24
43,steady_m2_r10_k1,regime_conditional,0.2,observed,1.0,1.0,0.0,2.0833333333333335,2.0833333333333335,24
43,steady_m2_r10_k1,regime_conditional,1.0,clean,0.125,0.125,0.0,2.0,8.25,24
43,steady_m2_r10_k1,regime_conditional,1.0,observed,0.9583333333333334,0.9583333333333334,0.0,1.7391304347826086,1.9166666666666667,24
43,steady_m2_r10_k1,regime_marginal,0.2,clean,0.041666666666666664,0.041666666666666664,0.0,7.0,8.791666666666666,24
43,steady_m2_r10_k1,regime_marginal,0.2,observed,0.75,0.75,0.0,4.166666666666667,5.125,24
43,steady_m2_r10_k1,regime_marginal,1.0,clean,0.20833333333333334,0.20833333333333334,0.0,4.8,8.25,24
43,steady_m2_r10_k1,regime_marginal,1.0,observed,0.7916666666666666,0.7916666666666666,0.0,1.4736842105263157,2.9166666666666665,24
43,steady_m4,regime_conditional,0.2,clean,0.08333333333333333,0.08333333333333333,0.0,5.5,8.458333333333334,24
43,steady_m4,regime_conditional,0.2,observed,1.0,0.9583333333333334,0.041666666666666664,0.5217391304347826,0.75,24
43,steady_m4,regime_conditional,1.0,clean,0.125,0.125,0.0,2.0,8.25,24
43,steady_m4,regime_conditional,1.0,observed,1.0,0.9583333333333334,0.041666666666666664,0.0,0.25,24
43,steady_m4,regime_marginal,0.2,clean,0.041666666666666664,0.041666666666666664,0.0,7.0,8.791666666666666,24
43,steady_m4,regime_marginal,0.2,observed,1.0,1.0,0.0,1.375,1.375,24
43,steady_m4,regime_marginal,1.0,clean,0.20833333333333334,0.20833333333333334,0.0,4.8,8.25,24
43,steady_m4,regime_marginal,1.0,observed,1.0,1.0,0.0,0.0,0.0,24
43,steady_r02,regime_conditional,0.2,clean,0.08333333333333333,0.08333333333333333,0.0,1.0,3.75,12
43,steady_r02,regime_conditional,0.2,observed,0.6666666666666666,0.6666666666666666,0.0,1.5,2.3333333333333335,12
43,steady_r02,regime_conditional,1.0,clean,0.0,0.0,0.0,,4.0,12
43,steady_r02,regime_conditional,1.0,observed,0.8333333333333334,0.8333333333333334,0.0,1.4,1.8333333333333333,12
43,steady_r02,regime_marginal,0.2,clean,0.0,0.0,0.0,,4.0,12
43,steady_r02,regime_marginal,0.2,observed,0.16666666666666666,0.16666666666666666,0.0,1.5,3.5833333333333335,12
43,steady_r02,regime_marginal,1.0,clean,0.0,0.0,0.0,,4.0,12
43,steady_r02,regime_marginal,1.0,observed,0.75,0.75,0.0,1.3333333333333333,2.0,12
43,steady_r20,regime_conditional,0.2,clean,0.08333333333333333,0.08333333333333333,0.0,5.333333333333333,11.444444444444445,36
43,steady_r20,regime_conditional,0.2,observed,1.0,1.0,0.05555555555555555,2.1944444444444446,2.1944444444444446,36
43,steady_r20,regime_conditional,1.0,clean,0.16666666666666666,0.16666666666666666,0.027777777777777776,5.0,10.833333333333334,36
43,steady_r20,regime_conditional,1.0,observed,1.0,1.0,0.05555555555555555,1.9166666666666667,1.9166666666666667,36
43,steady_r20,regime_marginal,0.2,clean,0.08333333333333333,0.08333333333333333,0.0,6.0,11.5,36
43,steady_r20,regime_marginal,0.2,observed,0.9166666666666666,0.9166666666666666,0.0,4.121212121212121,4.777777777777778,36
43,steady_r20,regime_marginal,1.0,clean,0.25,0.25,0.027777777777777776,6.0,10.5,36
43,steady_r20,regime_marginal,1.0,observed,0.9166666666666666,0.9166666666666666,0.027777777777777776,2.1515151515151514,2.9722222222222223,36
43,switch_d0,regime_conditional,0.2,clean,0.041666666666666664,0.041666666666666664,0.0,1.0,8.541666666666666,24
43,switch_d0,regime_conditional,0.2,observed,1.0,1.0,0.0,1.9583333333333333,1.9583333333333333,24
43,switch_d0,regime_conditional,1.0,clean,0.125,0.125,0.0,2.0,8.25,24
43,switch_d0,regime_conditional,1.0,observed,0.9583333333333334,0.9583333333333334,0.0,1.608695652173913,2.0416666666666665,24
43,switch_d0,regime_marginal,0.2,clean,0.041666666666666664,0.041666666666666664,0.0,10.0,8.916666666666666,24
43,switch_d0,regime_marginal,0.2,observed,0.75,0.75,0.0,3.7777777777777777,4.833333333333333,24
43,switch_d0,regime_marginal,1.0,clean,0.16666666666666666,0.16666666666666666,0.0,4.75,8.291666666666666,24
43,switch_d0,regime_marginal,1.0,observed,0.75,0.75,0.0,1.3333333333333333,3.0,24
43,switch_d12,regime_conditional,0.2,clean,0.20833333333333334,0.20833333333333334,0.125,1.0,6.958333333333333,24
43,switch_d12,regime_conditional,0.2,observed,0.9583333333333334,0.9583333333333334,0.125,2.130434782608696,2.5416666666666665,24
43,switch_d12,regime_conditional,1.0,clean,0.25,0.25,0.041666666666666664,1.5,6.875,24
43,switch_d12,regime_conditional,1.0,observed,0.9166666666666666,0.9166666666666666,0.041666666666666664,1.5,2.375,24
43,switch_d12,regime_marginal,0.2,clean,0.08333333333333333,0.08333333333333333,0.125,0.0,8.25,24
43,switch_d12,regime_marginal,0.2,observed,0.7916666666666666,0.7916666666666666,0.125,3.4210526315789473,4.208333333333333,24
43,switch_d12,regime_marginal,1.0,clean,0.125,0.125,0.0,0.0,8.0,24
43,switch_d12,regime_marginal,1.0,observed,0.7916666666666666,0.7916666666666666,0.0,1.1578947368421053,2.4166666666666665,24
43,switch_d4,regime_conditional,0.2,clean,0.20833333333333334,0.20833333333333334,0.0,1.0,6.958333333333333,24
43,switch_d4,regime_conditional,0.2,observed,1.0,1.0,0.0,2.2083333333333335,2.2083333333333335,24
43,switch_d4,regime_conditional,1.0,clean,0.25,0.25,0.0,1.5,6.875,24
43,switch_d4,regime_conditional,1.0,observed,0.9583333333333334,0.9583333333333334,0.0,1.608695652173913,2.0416666666666665,24
43,switch_d4,regime_marginal,0.2,clean,0.08333333333333333,0.08333333333333333,0.0,0.0,8.25,24
43,switch_d4,regime_marginal,0.2,observed,0.75,0.75,0.0,3.3333333333333335,4.5,24
43,switch_d4,regime_marginal,1.0,clean,0.16666666666666666,0.16666666666666666,0.0,2.25,7.875,24
43,switch_d4,regime_marginal,1.0,observed,0.7916666666666666,0.7916666666666666,0.0,1.1578947368421053,2.4166666666666665,24
44,steady_k2,regime_conditional,0.2,clean,0.10416666666666667,0.10416666666666667,0.0,5.4,8.4375,48
44,steady_k2,regime_conditional,0.2,observed,0.9583333333333334,0.9375,0.08333333333333333,2.466666666666667,2.6875,48
44,steady_k2,regime_conditional,1.0,clean,0.10416666666666667,0.10416666666666667,0.0,3.8,8.645833333333334,48
44,steady_k2,regime_conditional,1.0,observed,0.8541666666666666,0.8333333333333334,0.041666666666666664,1.075,2.1458333333333335,48
44,steady_k2,regime_marginal,0.2,clean,0.020833333333333332,0.020833333333333332,0.0,7.0,8.895833333333334,48
44,steady_k2,regime_marginal,0.2,observed,0.75,0.7291666666666666,0.0625,4.6571428571428575,5.395833333333333,48
44,steady_k2,regime_marginal,1.0,clean,0.020833333333333332,0.020833333333333332,0.0,3.0,8.9375,48
44,steady_k2,regime_marginal,1.0,observed,0.7916666666666666,0.7916666666666666,0.020833333333333332,2.8947368421052633,3.9166666666666665,48
44,steady_m05,regime_conditional,0.2,clean,0.125,0.125,0.0,7.0,8.625,24
44,steady_m05,regime_conditional,0.2,observed,0.25,0.25,0.041666666666666664,4.666666666666667,7.666666666666667,24
44,steady_m05,regime_conditional,1.0,clean,0.041666666666666664,0.041666666666666664,0.0,3.0,8.875,24
44,steady_m05,regime_conditional,1.0,observed,0.125,0.125,0.0,4.666666666666667,8.583333333333334,24
44,steady_m05,regime_marginal,0.2,clean,0.0,0.0,0.0,,9.0,24
44,steady_m05,regime_marginal,0.2,observed,0.041666666666666664,0.041666666666666664,0.0,5.0,8.958333333333334,24
44,steady_m05,regime_marginal,1.0,clean,0.041666666666666664,0.041666666666666664,0.0,3.0,8.875,24
44,steady_m05,regime_marginal,1.0,observed,0.041666666666666664,0.041666666666666664,0.0,3.0,8.875,24
44,steady_m1,regime_conditional,0.2,clean,0.125,0.125,0.0,7.0,8.625,24
44,steady_m1,regime_conditional,0.2,observed,0.625,0.5416666666666666,0.08333333333333333,4.461538461538462,6.166666666666667,24
44,steady_m1,regime_conditional,1.0,clean,0.041666666666666664,0.041666666666666664,0.0,3.0,8.875,24
44,steady_m1,regime_conditional,1.0,observed,0.5,0.5,0.0,3.75,6.125,24
44,steady_m1,regime_marginal,0.2,clean,0.0,0.0,0.0,,9.0,24
44,steady_m1,regime_marginal,0.2,observed,0.125,0.125,0.041666666666666664,6.0,8.5,24
44,steady_m1,regime_marginal,1.0,clean,0.041666666666666664,0.041666666666666664,0.0,3.0,8.875,24
44,steady_m1,regime_marginal,1.0,observed,0.125,0.125,0.0,4.0,8.25,24
44,steady_m2_r10_k1,regime_conditional,0.2,clean,0.125,0.125,0.0,7.0,8.625,24
44,steady_m2_r10_k1,regime_conditional,0.2,observed,0.9583333333333334,0.9166666666666666,0.08333333333333333,2.3636363636363638,2.6666666666666665,24
44,steady_m2_r10_k1,regime_conditional,1.0,clean,0.041666666666666664,0.041666666666666664,0.0,3.0,8.875,24
44,steady_m2_r10_k1,regime_conditional,1.0,observed,0.9583333333333334,0.9583333333333334,0.08333333333333333,1.391304347826087,1.5833333333333333,24
44,steady_m2_r10_k1,regime_marginal,0.2,clean,0.0,0.0,0.0,,9.0,24
44,steady_m2_r10_k1,regime_marginal,0.2,observed,0.7083333333333334,0.6666666666666666,0.08333333333333333,5.125,5.916666666666667,24
44,steady_m2_r10_k1,regime_marginal,1.0,clean,0.041666666666666664,0.041666666666666664,0.0,3.0,8.875,24
44,steady_m2_r10_k1,regime_marginal,1.0,observed,0.7083333333333334,0.7083333333333334,0.041666666666666664,3.5294117647058822,4.75,24
44,steady_m4,regime_conditional,0.2,clean,0.125,0.125,0.0,7.0,8.625,24
44,steady_m4,regime_conditional,0.2,observed,1.0,1.0,0.08333333333333333,0.875,0.875,24
44,steady_m4,regime_conditional,1.0,clean,0.041666666666666664,0.041666666666666664,0.0,3.0,8.875,24
44,steady_m4,regime_conditional,1.0,observed,1.0,0.9166666666666666,0.08333333333333333,0.0,0.5,24
44,steady_m4,regime_marginal,0.2,clean,0.0,0.0,0.0,,9.0,24
44,steady_m4,regime_marginal,0.2,observed,1.0,0.9166666666666666,0.08333333333333333,1.7272727272727273,2.0833333333333335,24
44,steady_m4,regime_marginal,1.0,clean,0.041666666666666664,0.041666666666666664,0.0,3.0,8.875,24
44,steady_m4,regime_marginal,1.0,observed,1.0,1.0,0.08333333333333333,0.20833333333333334,0.20833333333333334,24
44,steady_r02,regime_conditional,0.2,clean,0.0,0.0,0.0,,4.0,12
44,steady_r02,regime_conditional,0.2,observed,0.75,0.75,0.0,1.2222222222222223,1.9166666666666667,12
44,steady_r02,regime_conditional,1.0,clean,0.0,0.0,0.0,,4.0,12
44,steady_r02,regime_conditional,1.0,observed,0.8333333333333334,0.8333333333333334,0.0,0.4,1.0,12
44,steady_r02,regime_marginal,0.2,clean,0.0,0.0,0.0,,4.0,12
44,steady_r02,regime_marginal,0.2,observed,0.3333333333333333,0.3333333333333333,0.0,1.5,3.1666666666666665,12
44,steady_r02,regime_marginal,1.0,clean,0.0,0.0,0.0,,4.0,12
44,steady_r02,regime_marginal,1.0,observed,0.4166666666666667,0.4166666666666667,0.0,0.2,2.4166666666666665,12
44,steady_r20,regime_conditional,0.2,clean,0.1388888888888889,0.1388888888888889,0.0,7.2,11.333333333333334,36
44,steady_r20,regime_conditional,0.2,observed,1.0,1.0,0.05555555555555555,2.5277777777777777,2.5277777777777777,36
44,steady_r20,regime_conditional,1.0,clean,0.1388888888888889,0.1388888888888889,0.0,6.4,11.222222222222221,36
44,steady_r20,regime_conditional,1.0,observed,1.0,1.0,0.05555555555555555,1.6388888888888888,1.6388888888888888,36
44,steady_r20,regime_marginal,0.2,clean,0.05555555555555555,0.05555555555555555,0.0,5.5,11.63888888888889,36
44,steady_r20,regime_marginal,0.2,observed,0.8611111111111112,0.8611111111111112,0.05555555555555555,5.258064516129032,6.194444444444445,36
44,steady_r20,regime_marginal,1.0,clean,0.1111111111111111,0.1111111111111111,0.0,3.25,11.027777777777779,36
44,steady_r20,regime_marginal,1.0,observed,0.9166666666666666,0.9166666666666666,0.027777777777777776,3.9696969696969697,4.638888888888889,36
44,switch_d0,regime_conditional,0.2,clean,0.08333333333333333,0.08333333333333333,0.0,5.0,8.666666666666666,24
44,switch_d0,regime_conditional,0.2,observed,0.9583333333333334,0.9166666666666666,0.08333333333333333,2.272727272727273,2.5833333333333335,24
44,switch_d0,regime_conditional,1.0,clean,0.041666666666666664,0.041666666666666664,0.0,3.0,8.875,24
44,switch_d0,regime_conditional,1.0,observed,0.9583333333333334,0.9583333333333334,0.041666666666666664,1.3478260869565217,1.5416666666666667,24
44,switch_d0,regime_marginal,0.2,clean,0.0,0.0,0.0,,9.0,24
44,switch_d0,regime_marginal,0.2,observed,0.7916666666666666,0.7083333333333334,0.08333333333333333,5.352941176470588,6.041666666666667,24
44,switch_d0,regime_marginal,1.0,clean,0.041666666666666664,0.041666666666666664,0.0,3.0,8.875,24
44,switch_d0,regime_marginal,1.0,observed,0.75,0.75,0.041666666666666664,3.111111111111111,4.083333333333333,24
44,switch_d12,regime_conditional,0.2,clean,0.16666666666666666,0.16666666666666666,0.0,2.0,7.583333333333333,24
44,switch_d12,regime_conditional,0.2,observed,1.0,0.9583333333333334,0.08333333333333333,2.0869565217391304,2.25,24
44,switch_d12,regime_conditional,1.0,clean,0.125,0.125,0.0,0.0,7.75,24
44,switch_d12,regime_conditional,1.0,observed,1.0,1.0,0.041666666666666664,1.2916666666666667,1.2916666666666667,24
44,switch_d12,regime_marginal,0.2,clean,0.16666666666666666,0.16666666666666666,0.041666666666666664,1.5,7.75,24
44,switch_d12,regime_marginal,0.2,observed,0.875,0.7916666666666666,0.125,4.421052631578948,4.75,24
44,switch_d12,regime_marginal,1.0,clean,0.20833333333333334,0.20833333333333334,0.041666666666666664,0.6,7.125,24
44,switch_d12,regime_marginal,1.0,observed,0.7916666666666666,0.7916666666666666,0.08333333333333333,2.3684210526315788,3.125,24
44,switch_d4,regime_conditional,0.2,clean,0.16666666666666666,0.16666666666666666,0.0,2.0,7.583333333333333,24
44,switch_d4,regime_conditional,0.2,observed,1.0,0.9583333333333334,0.08333333333333333,2.217391304347826,2.375,24
44,switch_d4,regime_conditional,1.0,clean,0.125,0.125,0.0,0.0,7.75,24
44,switch_d4,regime_conditional,1.0,observed,1.0,1.0,0.041666666666666664,1.2916666666666667,1.2916666666666667,24
44,switch_d4,regime_marginal,0.2,clean,0.125,0.125,0.0,0.6666666666666666,7.833333333333333,24
44,switch_d4,regime_marginal,0.2,observed,0.875,0.7916666666666666,0.08333333333333333,4.421052631578948,4.75,24
44,switch_d4,regime_marginal,1.0,clean,0.20833333333333334,0.20833333333333334,0.0,0.6,7.125,24
44,switch_d4,regime_marginal,1.0,observed,0.7916666666666666,0.7916666666666666,0.041666666666666664,2.3684210526315788,3.125,24
45,steady_k2,regime_conditional,0.2,clean,0.041666666666666664,0.041666666666666664,0.0,7.0,8.791666666666666,48
45,steady_k2,regime_conditional,0.2,observed,0.9583333333333334,0.9583333333333334,0.0,2.4565217391304346,2.6041666666666665,48
45,steady_k2,regime_conditional,1.0,clean,0.08333333333333333,0.08333333333333333,0.041666666666666664,6.5,8.666666666666666,48
45,steady_k2,regime_conditional,1.0,observed,0.9375,0.9375,0.041666666666666664,1.8444444444444446,2.2291666666666665,48
45,steady_k2,regime_marginal,0.2,clean,0.0,0.0,0.0,,9.0,48
45,steady_k2,regime_marginal,0.2,observed,0.75,0.75,0.0,4.0,4.75,48
45,steady_k2,regime_marginal,1.0,clean,0.020833333333333332,0.020833333333333332,0.0,3.0,8.8125,48
45,steady_k2,regime_marginal,1.0,observed,0.7708333333333334,0.7708333333333334,0.0,2.2432432432432434,3.3541666666666665,48
45,steady_m05,regime_conditional,0.2,clean,0.041666666666666664,0.041666666666666664,0.0,9.0,8.875,24
45,steady_m05,regime_conditional,0.2,observed,0.16666666666666666,0.16666666666666666,0.0,5.5,8.416666666666666,24
45,steady_m05,regime_conditional,1.0,clean,0.125,0.125,0.041666666666666664,7.0,8.625,24
45,steady_m05,regime_conditional,1.0,observed,0.125,0.125,0.041666666666666664,5.666666666666667,8.458333333333334,24
45,steady_m05,regime_marginal,0.2,clean,0.0,0.0,0.0,,9.0,24
45,steady_m05,regime_marginal,0.2,observed,0.041666666666666664,0.041666666666666664,0.0,5.0,8.958333333333334,24
45,steady_m05,regime_marginal,1.0,clean,0.0,0.0,0.0,,9.0,24
45,steady_m05,regime_marginal,1.0,observed,0.08333333333333333,0.08333333333333333,0.0,8.0,8.666666666666666,24
45,steady_m1,regime_conditional,0.2,clean,0.041666666666666664,0.041666666666666664,0.0,9.0,8.875,24
45,steady_m1,regime_conditional,0.2,observed,0.5833333333333334,0.5833333333333334,0.0,4.857142857142857,6.083333333333333,24
45,steady_m1,regime_conditional,1.0,clean,0.125,0.125,0.041666666666666664,7.0,8.625,24
45,steady_m1,regime_conditional,1.0,observed,0.5833333333333334,0.5833333333333334,0.041666666666666664,5.357142857142857,6.125,24
45,steady_m1,regime_marginal,0.2,clean,0.0,0.0,0.0,,9.0,24
45,steady_m1,regime_marginal,0.2,observed,0.16666666666666666,0.16666666666666666,0.0,6.25,8.291666666666666,24
45,steady_m1,regime_marginal,1.0,clean,0.0,0.0,0.0,,9.0,24
45,steady_m1,regime_marginal,1.0,observed,0.2916666666666667,0.2916666666666667,0.0,5.0,7.958333333333333,24
45,steady_m2_r10_k1,regime_conditional,0.2,clean,0.041666666666666664,0.041666666666666664,0.0,9.0,8.875,24
45,steady_m2_r10_k1,regime_conditional,0.2,observed,1.0,1.0,0.0,2.2916666666666665,2.2916666666666665,24
45,steady_m2_r10_k1,regime_conditional,1.0,clean,0.125,0.125,0.041666666666666664,7.0,8.625,24
45,steady_m2_r10_k1,regime_conditional,1.0,observed,0.9166666666666666,0.9166666666666666,0.041666666666666664,1.0454545454545454,1.4583333333333333,24
45,steady_m2_r10_k1,regime_marginal,0.2,clean,0.0,0.0,0.0,,9.0,24
45,steady_m2_r10_k1,regime_marginal,0.2,observed,0.7916666666666666,0.7916666666666666,0.0,4.421052631578948,5.0,24
45,steady_m2_r10_k1,regime_marginal,1.0,clean,0.0,0.0,0.0,,9.0,24
45,steady_m2_r10_k1,regime_marginal,1.0,observed,0.7916666666666666,0.7916666666666666,0.0,2.6315789473684212,3.5833333333333335,24
45,steady_m4,regime_conditional,0.2,clean,0.041666666666666664,0.041666666666666664,0.0,9.0,8.875,24
45,steady_m4,regime_conditional,0.2,observed,1.0,1.0,0.0,0.5833333333333334,0.5833333333333334,24
45,steady_m4,regime_conditional,1.0,clean,0.125,0.125,0.041666666666666664,7.0,8.625,24
45,steady_m4,regime_conditional,1.0,observed,1.0,0.9583333333333334,0.041666666666666664,0.043478260869565216,0.2916666666666667,24
45,steady_m4,regime_marginal,0.2,clean,0.0,0.0,0.0,,9.0,24
45,steady_m4,regime_marginal,0.2,observed,1.0,1.0,0.0,1.4166666666666667,1.4166666666666667,24
45,steady_m4,regime_marginal,1.0,clean,0.0,0.0,0.0,,9.0,24
45,steady_m4,regime_marginal,1.0,observed,1.0,1.0,0.0,0.125,0.125,24
45,steady_r02,regime_conditional,0.2,clean,0.0,0.0,0.0,,4.0,12
45,steady_r02,regime_conditional,0.2,observed,1.0,1.0,0.0,2.1666666666666665,2.1666666666666665,12
45,steady_r02,regime_conditional,1.0,clean,0.0,0.0,0.0,,4.0,12
45,steady_r02,regime_conditional,1.0,observed,1.0,1.0,0.0,0.5833333333333334,0.5833333333333334,12
45,steady_r02,regime_marginal,0.2,clean,0.0,0.0,0.0,,4.0,12
45,steady_r02,regime_marginal,0.2,observed,0.4166666666666667,0.4166666666666667,0.0,2.6,3.4166666666666665,12
45,steady_r02,regime_marginal,1.0,clean,0.0,0.0,0.0,,4.0,12
45,steady_r02,regime_marginal,1.0,observed,0.5833333333333334,0.5833333333333334,0.0,0.8571428571428571,2.1666666666666665,12
45,steady_r20,regime_conditional,0.2,clean,0.08333333333333333,0.05555555555555555,0.027777777777777776,7.5,11.75,36
45,steady_r20,regime_conditional,0.2,observed,1.0,0.9166666666666666,0.1388888888888889,2.5757575757575757,3.361111111111111,36
45,steady_r20,regime_conditional,1.0,clean,0.16666666666666666,0.16666666666666666,0.027777777777777776,6.166666666666667,11.027777777777779,36
45,steady_r20,regime_conditional,1.0,observed,1.0,1.0,0.05555555555555555,1.6111111111111112,1.6111111111111112,36
45,steady_r20,regime_marginal,0.2,clean,0.027777777777777776,0.027777777777777776,0.027777777777777776,4.0,11.777777777777779,36
45,steady_r20,regime_marginal,0.2,observed,0.8888888888888888,0.8333333333333334,0.08333333333333333,4.233333333333333,5.527777777777778,36
45,steady_r20,regime_marginal,1.0,clean,0.027777777777777776,0.027777777777777776,0.0,4.0,11.777777777777779,36
45,steady_r20,regime_marginal,1.0,observed,0.9166666666666666,0.9166666666666666,0.027777777777777776,3.090909090909091,3.8333333333333335,36
45,switch_d0,regime_conditional,0.2,clean,0.041666666666666664,0.041666666666666664,0.0,9.0,8.875,24
45,switch_d0,regime_conditional,0.2,observed,1.0,1.0,0.0,2.3333333333333335,2.3333333333333335,24
45,switch_d0,regime_conditional,1.0,clean,0.08333333333333333,0.08333333333333333,0.041666666666666664,7.0,8.583333333333334,24
45,switch_d0,regime_conditional,1.0,observed,0.9583333333333334,0.9583333333333334,0.041666666666666664,1.6521739130434783,1.8333333333333333,24
45,switch_d0,regime_marginal,0.2,clean,0.0,0.0,0.0,,9.0,24
45,switch_d0,regime_marginal,0.2,observed,0.8333333333333334,0.8333333333333334,0.0,4.4,4.916666666666667,24
45,switch_d0,regime_marginal,1.0,clean,0.041666666666666664,0.041666666666666664,0.0,11.0,8.958333333333334,24
45,switch_d0,regime_marginal,1.0,observed,0.7916666666666666,0.7916666666666666,0.0,2.8421052631578947,3.75,24
45,switch_d12,regime_conditional,0.2,clean,0.16666666666666666,0.16666666666666666,0.041666666666666664,3.0,8.25,24
45,switch_d12,regime_conditional,0.2,observed,0.9583333333333334,0.9583333333333334,0.041666666666666664,2.1739130434782608,2.3333333333333335,24
45,switch_d12,regime_conditional,1.0,clean,0.20833333333333334,0.16666666666666666,0.08333333333333333,3.5,8.083333333333334,24
45,switch_d12,regime_conditional,1.0,observed,0.9166666666666666,0.875,0.08333333333333333,1.5238095238095237,2.0833333333333335,24
45,switch_d12,regime_marginal,0.2,clean,0.041666666666666664,0.041666666666666664,0.16666666666666666,0.0,8.75,24
45,switch_d12,regime_marginal,0.2,observed,0.875,0.875,0.16666666666666666,4.238095238095238,4.708333333333333,24
45,switch_d12,regime_marginal,1.0,clean,0.08333333333333333,0.08333333333333333,0.16666666666666666,5.5,8.708333333333334,24
45,switch_d12,regime_marginal,1.0,observed,0.875,0.8333333333333334,0.16666666666666666,3.15,4.125,24
45,switch_d4,regime_conditional,0.2,clean,0.16666666666666666,0.16666666666666666,0.0,3.0,8.25,24
45,switch_d4,regime_conditional,0.2,observed,0.9583333333333334,0.9583333333333334,0.0,2.217391304347826,2.375,24
45,switch_d4,regime_conditional,1.0,clean,0.20833333333333334,0.16666666666666666,0.041666666666666664,3.5,8.083333333333334,24
45,switch_d4,regime_conditional,1.0,observed,0.9583333333333334,0.9166666666666666,0.041666666666666664,1.6363636363636365,2.0,24
45,switch_d4,regime_marginal,0.2,clean,0.041666666666666664,0.041666666666666664,0.0,0.0,8.75,24
45,switch_d4,regime_marginal,0.2,observed,0.8333333333333334,0.8333333333333334,0.0,4.25,4.791666666666667,24
45,switch_d4,regime_marginal,1.0,clean,0.08333333333333333,0.08333333333333333,0.0,5.5,8.708333333333334,24
45,switch_d4,regime_marginal,1.0,observed,0.875,0.875,0.0,2.619047619047619,3.2916666666666665,24
46,steady_k2,regime_conditional,0.2,clean,0.0625,0.0625,0.0,4.666666666666667,8.666666666666666,48
46,steady_k2,regime_conditional,0.2,observed,0.9583333333333334,0.9375,0.041666666666666664,2.2444444444444445,2.4791666666666665,48
46,steady_k2,regime_conditional,1.0,clean,0.10416666666666667,0.10416666666666667,0.020833333333333332,3.2,8.458333333333334,48
46,steady_k2,regime_conditional,1.0,observed,0.875,0.875,0.020833333333333332,1.9047619047619047,2.5416666666666665,48
46,steady_k2,regime_marginal,0.2,clean,0.041666666666666664,0.041666666666666664,0.0,3.5,8.770833333333334,48
46,steady_k2,regime_marginal,0.2,observed,0.7708333333333334,0.75,0.020833333333333332,3.611111111111111,4.583333333333333,48
46,steady_k2,regime_marginal,1.0,clean,0.08333333333333333,0.08333333333333333,0.020833333333333332,4.25,8.479166666666666,48
46,steady_k2,regime_marginal,1.0,observed,0.75,0.75,0.020833333333333332,2.3055555555555554,3.4791666666666665,48
46,steady_m05,regime_conditional,0.2,clean,0.08333333333333333,0.08333333333333333,0.0,4.5,8.375,24
46,steady_m05,regime_conditional,0.2,observed,0.20833333333333334,0.20833333333333334,0.0,4.2,7.875,24
46,steady_m05,regime_conditional,1.0,clean,0.125,0.125,0.041666666666666664,3.6666666666666665,8.208333333333334,24
46,steady_m05,regime_conditional,1.0,observed,0.16666666666666666,0.16666666666666666,0.041666666666666664,1.5,7.5,24
46,steady_m05,regime_marginal,0.2,clean,0.041666666666666664,0.041666666666666664,0.0,2.0,8.583333333333334,24
46,steady_m05,regime_marginal,0.2,observed,0.041666666666666664,0.041666666666666664,0.0,2.0,8.583333333333334,24
46,steady_m05,regime_marginal,1.0,clean,0.125,0.125,0.041666666666666664,5.333333333333333,8.166666666666666,24
46,steady_m05,regime_marginal,1.0,observed,0.041666666666666664,0.041666666666666664,0.041666666666666664,2.0,8.583333333333334,24
46,steady_m1,regime_conditional,0.2,clean,0.08333333333333333,0.08333333333333333,0.0,4.5,8.375,24
46,steady_m1,regime_conditional,0.2,observed,0.5,0.5,0.0,3.25,6.125,24
46,steady_m1,regime_conditional,1.0,clean,0.125,0.125,0.041666666666666664,3.6666666666666665,8.208333333333334,24
46,steady_m1,regime_conditional,1.0,observed,0.2916666666666667,0.2916666666666667,0.041666666666666664,2.4285714285714284,6.708333333333333,24
46,steady_m1,regime_marginal,0.2,clean,0.041666666666666664,0.041666666666666664,0.0,2.0,8.583333333333334,24
46,steady_m1,regime_marginal,0.2,observed,0.125,0.125,0.0,6.0,8.25,24
46,steady_m1,regime_marginal,1.0,clean,0.125,0.125,0.041666666666666664,5.333333333333333,8.166666666666666,24
46,steady_m1,regime_marginal,1.0,observed,0.2916666666666667,0.2916666666666667,0.041666666666666664,3.857142857142857,7.125,24
46,steady_m2_r10_k1,regime_conditional,0.2,clean,0.08333333333333333,0.08333333333333333,0.0,4.5,8.375,24
46,steady_m2_r10_k1,regime_conditional,0.2,observed,1.0,1.0,0.0,2.625,2.625,24
46,steady_m2_r10_k1,regime_conditional,1.0,clean,0.125,0.125,0.041666666666666664,3.6666666666666665,8.208333333333334,24
46,steady_m2_r10_k1,regime_conditional,1.0,observed,0.9583333333333334,0.9583333333333334,0.041666666666666664,1.6956521739130435,1.875,24
46,steady_m2_r10_k1,regime_marginal,0.2,clean,0.041666666666666664,0.041666666666666664,0.0,2.0,8.583333333333334,24
46,steady_m2_r10_k1,regime_marginal,0.2,observed,0.7083333333333334,0.7083333333333334,0.0,3.588235294117647,4.791666666666667,24
46,steady_m2_r10_k1,regime_marginal,1.0,clean,0.125,0.125,0.041666666666666664,5.333333333333333,8.166666666666666,24
46,steady_m2_r10_k1,regime_marginal,1.0,observed,0.6666666666666666,0.6666666666666666,0.041666666666666664,1.875,3.75,24
46,steady_m4,regime_conditional,0.2,clean,0.08333333333333333,0.08333333333333333,0.0,4.5,8.375,24
46,steady_m4,regime_conditional,0.2,observed,1.0,1.0,0.041666666666666664,0.7916666666666666,0.7916666666666666,24
46,steady_m4,regime_conditional,1.0,clean,0.125,0.125,0.041666666666666664,3.6666666666666665,8.208333333333334,24
46,steady_m4,regime_conditional,1.0,observed,1.0,0.9583333333333334,0.041666666666666664,0.0,0.25,24
46,steady_m4,regime_marginal,0.2,clean,0.041666666666666664,0.041666666666666664,0.0,2.0,8.583333333333334,24
46,steady_m4,regime_marginal,0.2,observed,1.0,1.0,0.0,1.7083333333333333,1.7083333333333333,24
46,steady_m4,regime_marginal,1.0,clean,0.125,0.125,0.041666666666666664,5.333333333333333,8.166666666666666,24
46,steady_m4,regime_marginal,1.0,observed,1.0,0.9583333333333334,0.041666666666666664,0.17391304347826086,0.4166666666666667,24
46,steady_r02,regime_conditional,0.2,clean,0.08333333333333333,0.08333333333333333,0.0,2.0,3.8333333333333335,12
46,steady_r02,regime_conditional,0.2,observed,0.9166666666666666,0.9166666666666666,0.0,2.272727272727273,2.4166666666666665,12
46,steady_r02,regime_conditional,1.0,clean,0.08333333333333333,0.08333333333333333,0.0,2.0,3.8333333333333335,12
46,steady_r02,regime_conditional,1.0,observed,0.8333333333333334,0.8333333333333334,0.0,1.8,2.1666666666666665,12
46,steady_r02,regime_marginal,0.2,clean,0.08333333333333333,0.08333333333333333,0.0,2.0,3.8333333333333335,12
46,steady_r02,regime_marginal,0.2,observed,0.4166666666666667,0.4166666666666667,0.0,2.4,3.3333333333333335,12
46,steady_r02,regime_marginal,1.0,clean,0.0,0.0,0.0,,4.0,12
46,steady_r02,regime_marginal,1.0,observed,0.5833333333333334,0.5833333333333334,0.0,1.4285714285714286,2.5,12
46,steady_r20,regime_conditional,0.2,clean,0.08333333333333333,0.08333333333333333,0.0,6.0,11.5,36
46,steady_r20,regime_conditional,0.2,observed,1.0,0.9722222222222222,0.027777777777777776,2.7142857142857144,2.9722222222222223,36
46,steady_r20,regime_conditional,1.0,clean,0.1111111111111111,0.1111111111111111,0.027777777777777776,3.5,11.055555555555555,36
46,steady_r20,regime_conditional,1.0,observed,1.0,1.0,0.027777777777777776,1.9166666666666667,1.9166666666666667,36
46,steady_r20,regime_marginal,0.2,clean,0.05555555555555555,0.05555555555555555,0.0,2.5,11.472222222222221,36
46,steady_r20,regime_marginal,0.2,observed,0.9166666666666666,0.8888888888888888,0.027777777777777776,4.75,5.555555555555555,36
46,steady_r20,regime_marginal,1.0,clean,0.1111111111111111,0.1111111111111111,0.027777777777777776,4.75,11.194444444444445,36
46,steady_r20,regime_marginal,1.0,observed,0.8611111111111112,0.8611111111111112,0.027777777777777776,3.4516129032258065,4.638888888888889,36
46,switch_d0,regime_conditional,0.2,clean,0.08333333333333333,0.08333333333333333,0.0,4.5,8.375,24
46,switch_d0,regime_conditional,0.2,observed,0.9583333333333334,0.9583333333333334,0.0,2.3043478260869565,2.4583333333333335,24
46,switch_d0,regime_conditional,1.0,clean,0.125,0.125,0.041666666666666664,3.6666666666666665,8.208333333333334,24
46,switch_d0,regime_conditional,1.0,observed,0.9583333333333334,0.9583333333333334,0.041666666666666664,1.565217391304348,1.75,24
46,switch_d0,regime_marginal,0.2,clean,0.041666666666666664,0.041666666666666664,0.0,2.0,8.583333333333334,24
46,switch_d0,regime_marginal,0.2,observed,0.75,0.75,0.0,3.388888888888889,4.541666666666667,24
46,switch_d0,regime_marginal,1.0,clean,0.08333333333333333,0.08333333333333333,0.041666666666666664,3.0,8.25,24
46,switch_d0,regime_marginal,1.0,observed,0.7083333333333334,0.7083333333333334,0.041666666666666664,1.7058823529411764,3.4583333333333335,24
46,switch_d12,regime_conditional,0.2,clean,0.08333333333333333,0.08333333333333333,0.041666666666666664,4.5,8.375,24
46,switch_d12,regime_conditional,0.2,observed,0.9583333333333334,0.9583333333333334,0.041666666666666664,2.3043478260869565,2.4583333333333335,24
46,switch_d12,regime_conditional,1.0,clean,0.125,0.125,0.08333333333333333,3.6666666666666665,8.208333333333334,24
46,switch_d12,regime_conditional,1.0,observed,0.9583333333333334,0.9583333333333334,0.08333333333333333,1.565217391304348,1.75,24
46,switch_d12,regime_marginal,0.2,clean,0.08333333333333333,0.08333333333333333,0.041666666666666664,2.0,8.416666666666666,24
46,switch_d12,regime_marginal,0.2,observed,0.75,0.75,0.041666666666666664,3.3333333333333335,4.5,24
46,switch_d12,regime_marginal,1.0,clean,0.125,0.125,0.08333333333333333,2.3333333333333335,8.041666666666666,24
46,switch_d12,regime_marginal,1.0,observed,0.7083333333333334,0.7083333333333334,0.08333333333333333,1.7058823529411764,3.4583333333333335,24
46,switch_d4,regime_conditional,0.2,clean,0.08333333333333333,0.08333333333333333,0.0,4.5,8.375,24
46,switch_d4,regime_conditional,0.2,observed,0.9583333333333334,0.9583333333333334,0.0,2.3043478260869565,2.4583333333333335,24
46,switch_d4,regime_conditional,1.0,clean,0.125,0.125,0.041666666666666664,3.6666666666666665,8.208333333333334,24
46,switch_d4,regime_conditional,1.0,observed,0.9583333333333334,0.9583333333333334,0.041666666666666664,1.565217391304348,1.75,24
46,switch_d4,regime_marginal,0.2,clean,0.08333333333333333,0.08333333333333333,0.0,2.0,8.416666666666666,24
46,switch_d4,regime_marginal,0.2,observed,0.75,0.75,0.0,3.3333333333333335,4.5,24
46,switch_d4,regime_marginal,1.0,clean,0.125,0.125,0.041666666666666664,2.3333333333333335,8.041666666666666,24
46,switch_d4,regime_marginal,1.0,observed,0.7083333333333334,0.7083333333333334,0.041666666666666664,1.7058823529411764,3.4583333333333335,24
