seed,scenario,method,view,any_active_hit,fresh_onset_hit,pre_active,fresh_delay_detected,fresh_delay_capped,scoreable_fraction,fully_unavailable,comparison
42,steady_k2,regime_conditional,clean,-0.125,-0.125,-0.020833333333333332,,0.4375,-0.06944444444444453,0.041666666666666664,sma_minus_point
42,steady_k2,regime_conditional,observed,-0.02083333333333337,-0.04166666666666674,0.04166666666666667,2.6228020419739084,2.0416666666666665,-0.06944444444444453,0.041666666666666664,sma_minus_point
42,steady_k2,regime_marginal,clean,0.041666666666666664,0.020833333333333332,0.020833333333333332,,-0.20833333333333393,-0.06944444444444453,0.041666666666666664,sma_minus_point
42,steady_k2,regime_marginal,observed,-0.27083333333333337,-0.3125,0.0625,3.11570827489481,3.0624999999999996,-0.06944444444444453,0.041666666666666664,sma_minus_point
42,steady_m05,regime_conditional,clean,-0.08333333333333333,-0.08333333333333333,-0.041666666666666664,,0.25,-0.06944444444444453,0.041666666666666664,sma_minus_point
42,steady_m05,regime_conditional,observed,0.08333333333333334,0.08333333333333334,-0.041666666666666664,-1.7333333333333334,-0.4999999999999991,-0.06944444444444453,0.041666666666666664,sma_minus_point
42,steady_m05,regime_marginal,clean,0.041666666666666664,0.0,0.0,,0.0,-0.06944444444444453,0.041666666666666664,sma_minus_point
42,steady_m05,regime_marginal,observed,-0.041666666666666664,-0.041666666666666664,0.0,-0.5,0.25,-0.06944444444444453,0.041666666666666664,sma_minus_point
42,steady_m1,regime_conditional,clean,-0.08333333333333333,-0.08333333333333333,-0.041666666666666664,,0.25,-0.06944444444444453,0.041666666666666664,sma_minus_point
42,steady_m1,regime_conditional,observed,0.12500000000000006,0.08333333333333331,0.0,1.72027972027972,-0.5,-0.06944444444444453,0.041666666666666664,sma_minus_point
42,steady_m1,regime_marginal,clean,0.041666666666666664,0.0,0.0,,0.0,-0.06944444444444453,0.041666666666666664,sma_minus_point
42,steady_m1,regime_marginal,observed,0.0,0.0,0.0,2.428571428571429,0.20833333333333304,-0.06944444444444453,0.041666666666666664,sma_minus_point
42,steady_m2_r10_k1,regime_conditional,clean,-0.08333333333333333,-0.08333333333333333,-0.041666666666666664,,0.25,-0.06944444444444453,0.041666666666666664,sma_minus_point
42,steady_m2_r10_k1,regime_conditional,observed,-0.04166666666666674,-0.08333333333333337,0.0,2.0455486542443064,1.9166666666666667,-0.06944444444444453,0.041666666666666664,sma_minus_point
42,steady_m2_r10_k1,regime_marginal,clean,0.041666666666666664,0.0,0.0,,0.0,-0.06944444444444453,0.041666666666666664,sma_minus_point
42,steady_m2_r10_k1,regime_marginal,observed,-0.29166666666666674,-0.33333333333333337,0.041666666666666664,2.8318840579710143,2.9583333333333335,-0.06944444444444453,0.041666666666666664,sma_minus_point
42,steady_m4,regime_conditional,clean,-0.08333333333333333,-0.08333333333333333,-0.041666666666666664,,0.25,-0.06944444444444453,0.041666666666666664,sma_minus_point
42,steady_m4,regime_conditional,observed,-0.04166666666666663,0.0,0.0,1.8636363636363635,1.7083333333333335,-0.06944444444444453,0.041666666666666664,sma_minus_point
42,steady_m4,regime_marginal,clean,0.041666666666666664,0.0,0.0,,0.0,-0.06944444444444453,0.041666666666666664,sma_minus_point
42,steady_m4,regime_marginal,observed,-0.04166666666666663,-0.04166666666666674,0.0,2.6126482213438735,2.625,-0.06944444444444453,0.041666666666666664,sma_minus_point
42,steady_r02,regime_conditional,clean,0.0,0.0,-0.08333333333333333,,0.0,-0.08333333333333337,0.08333333333333333,sma_minus_point
42,steady_r02,regime_conditional,observed,-0.25,-0.25,-0.08333333333333333,1.4444444444444444,1.5833333333333333,-0.08333333333333337,0.08333333333333333,sma_minus_point
42,steady_r02,regime_marginal,clean,0.08333333333333333,0.0,0.0,,0.0,-0.08333333333333337,0.08333333333333333,sma_minus_point
42,steady_r02,regime_marginal,observed,-0.41666666666666674,-0.41666666666666674,0.0,0.5,1.3333333333333335,-0.08333333333333337,0.08333333333333333,sma_minus_point
42,steady_r20,regime_conditional,clean,-0.1111111111111111,-0.1111111111111111,-0.027777777777777776,,0.5,-0.05555555555555558,0.0,sma_minus_point
42,steady_r20,regime_conditional,observed,0.02777777777777779,-0.02777777777777779,0.05555555555555555,2.712605042016807,2.8611111111111116,-0.05555555555555558,0.0,sma_minus_point
42,steady_r20,regime_marginal,clean,0.0,-0.027777777777777776,0.0,1.0,0.1388888888888875,-0.05555555555555558,0.0,sma_minus_point
42,steady_r20,regime_marginal,observed,-0.02777777777777779,-0.05555555555555558,0.05555555555555555,2.661471861471862,2.944444444444444,-0.05555555555555558,0.0,sma_minus_point
42,switch_d0,regime_conditional,clean,-0.08333333333333333,-0.08333333333333333,-0.041666666666666664,,0.25,-0.16666666666666663,0.08333333333333333,sma_minus_point
42,switch_d0,regime_conditional,observed,-0.125,-0.16666666666666674,0.0,2.2608695652173916,2.2500000000000004,-0.16666666666666663,0.08333333333333333,sma_minus_point
42,switch_d0,regime_marginal,clean,0.041666666666666664,0.0,0.041666666666666664,,0.0,-0.16666666666666663,0.08333333333333333,sma_minus_point
42,switch_d0,regime_marginal,observed,-0.20833333333333326,-0.25,0.08333333333333333,3.3863636363636367,3.0416666666666665,-0.16666666666666663,0.08333333333333333,sma_minus_point
42,switch_d12,regime_conditional,clean,-0.04166666666666666,-0.04166666666666666,-0.041666666666666664,-0.6666666666666665,0.2916666666666661,-0.11111111111111116,0.08333333333333333,sma_minus_point
42,switch_d12,regime_conditional,observed,-0.16666666666666663,-0.20833333333333337,0.0,1.7938596491228072,2.375,-0.11111111111111116,0.08333333333333333,sma_minus_point
42,switch_d12,regime_marginal,clean,0.04166666666666667,0.0,0.041666666666666664,1.0,0.08333333333333393,-0.11111111111111116,0.08333333333333333,sma_minus_point
42,switch_d12,regime_marginal,observed,-0.20833333333333326,-0.25,0.08333333333333333,2.8295454545454546,3.0000000000000004,-0.11111111111111116,0.08333333333333333,sma_minus_point
42,switch_d4,regime_conditional,clean,-0.08333333333333333,-0.08333333333333333,-0.041666666666666664,-2.5,0.5416666666666661,-0.13888888888888884,0.041666666666666664,sma_minus_point
42,switch_d4,regime_conditional,observed,-0.125,-0.16666666666666663,0.0,1.7833333333333334,2.25,-0.13888888888888884,0.041666666666666664,sma_minus_point
42,switch_d4,regime_marginal,clean,0.04166666666666667,0.0,0.041666666666666664,1.0,0.08333333333333393,-0.13888888888888884,0.041666666666666664,sma_minus_point
42,switch_d4,regime_marginal,observed,-0.25,-0.29166666666666674,0.08333333333333333,2.6793478260869565,3.291666666666667,-0.13888888888888884,0.041666666666666664,sma_minus_point
43,steady_k2,regime_conditional,clean,-0.0625,-0.0625,0.0,2.0,0.41666666666666785,-0.02777777777777779,0.0,sma_minus_point
43,steady_k2,regime_conditional,observed,0.08333333333333337,0.0625,0.0,2.9963369963369964,1.9166666666666665,-0.02777777777777779,0.0,sma_minus_point
43,steady_k2,regime_marginal,clean,-0.08333333333333334,-0.08333333333333334,0.0,2.166666666666667,0.35416666666666785,-0.02777777777777779,0.0,sma_minus_point
43,steady_k2,regime_marginal,observed,-0.10416666666666663,-0.125,0.020833333333333332,3.9487179487179485,3.166666666666667,-0.02777777777777779,0.0,sma_minus_point
43,steady_m05,regime_conditional,clean,-0.125,-0.125,0.0,,0.75,-0.02777777777777779,0.0,sma_minus_point
43,steady_m05,regime_conditional,observed,-0.125,-0.125,0.0,2.3,1.041666666666667,-0.02777777777777779,0.0,sma_minus_point
43,steady_m05,regime_marginal,clean,-0.16666666666666669,-0.16666666666666669,0.0,4.2,0.625,-0.02777777777777779,0.0,sma_minus_point
43,steady_m05,regime_marginal,observed,-0.08333333333333334,-0.08333333333333334,0.0,4.333333333333334,0.375,-0.02777777777777779,0.0,sma_minus_point
43,steady_m1,regime_conditional,clean,-0.125,-0.125,0.0,,0.75,-0.02777777777777779,0.0,sma_minus_point
43,steady_m1,regime_conditional,observed,0.041666666666666685,0.041666666666666685,0.0,2.340909090909091,0.583333333333333,-0.02777777777777779,0.0,sma_minus_point
43,steady_m1,regime_marginal,clean,-0.16666666666666669,-0.16666666666666669,0.0,4.2,0.625,-0.02777777777777779,0.0,sma_minus_point
43,steady_m1,regime_marginal,observed,-0.20833333333333331,-0.20833333333333331,0.0,3.208333333333333,1.4999999999999991,-0.02777777777777779,0.0,sma_minus_point
43,steady_m2_r10_k1,regime_conditional,clean,-0.125,-0.125,0.0,,0.75,-0.02777777777777779,0.0,sma_minus_point
43,steady_m2_r10_k1,regime_conditional,observed,0.04166666666666663,0.04166666666666663,0.0,1.8442028985507248,1.6666666666666667,-0.02777777777777779,0.0,sma_minus_point
43,steady_m2_r10_k1,regime_marginal,clean,-0.16666666666666669,-0.16666666666666669,0.0,4.2,0.625,-0.02777777777777779,0.0,sma_minus_point
43,steady_m2_r10_k1,regime_marginal,observed,-0.125,-0.125,0.0,3.963815789473684,3.2083333333333335,-0.02777777777777779,0.0,sma_minus_point
43,steady_m4,regime_conditional,clean,-0.125,-0.125,0.0,,0.75,-0.02777777777777779,0.0,sma_minus_point
43,steady_m4,regime_conditional,observed,0.0,0.0,0.0,1.608695652173913,1.5416666666666667,-0.02777777777777779,0.0,sma_minus_point
43,steady_m4,regime_marginal,clean,-0.16666666666666669,-0.16666666666666669,0.0,4.2,0.625,-0.02777777777777779,0.0,sma_minus_point
43,steady_m4,regime_marginal,observed,0.0,0.0,0.0,2.9166666666666665,2.9166666666666665,-0.02777777777777779,0.0,sma_minus_point
43,steady_r02,regime_conditional,clean,0.0,0.0,0.0,,0.0,-0.08333333333333337,0.08333333333333333,sma_minus_point
43,steady_r02,regime_conditional,observed,-0.33333333333333337,-0.33333333333333337,0.0,0.9333333333333336,1.3333333333333333,-0.08333333333333337,0.08333333333333333,sma_minus_point
43,steady_r02,regime_marginal,clean,0.0,0.0,0.0,,0.0,-0.08333333333333337,0.08333333333333333,sma_minus_point
43,steady_r02,regime_marginal,observed,-0.5833333333333334,-0.5833333333333334,0.0,1.6666666666666667,1.8333333333333335,-0.08333333333333337,0.08333333333333333,sma_minus_point
43,steady_r20,regime_conditional,clean,-0.1388888888888889,-0.1388888888888889,-0.027777777777777776,1.0,1.0,-0.05555555555555558,0.0,sma_minus_point
43,steady_r20,regime_conditional,observed,0.0,0.0,0.0,1.861111111111111,1.861111111111111,-0.05555555555555558,0.0,sma_minus_point
43,steady_r20,regime_marginal,clean,-0.16666666666666669,-0.16666666666666669,-0.027777777777777776,0.0,1.0,-0.05555555555555558,0.0,sma_minus_point
43,steady_r20,regime_marginal,observed,0.0,0.0,-0.027777777777777776,3.363636363636364,3.083333333333333,-0.05555555555555558,0.0,sma_minus_point
43,switch_d0,regime_conditional,clean,-0.08333333333333334,-0.125,0.041666666666666664,,0.75,-0.1527777777777778,0.041666666666666664,sma_minus_point
43,switch_d0,regime_conditional,observed,0.0,0.0,0.041666666666666664,2.5217391304347823,2.1666666666666665,-0.1527777777777778,0.041666666666666664,sma_minus_point
43,switch_d0,regime_marginal,clean,-0.125,-0.125,0.0,5.25,0.625,-0.1527777777777778,0.041666666666666664,sma_minus_point
43,switch_d0,regime_marginal,observed,-0.125,-0.125,0.0,4.0,3.083333333333333,-0.1527777777777778,0.041666666666666664,sma_minus_point
43,switch_d12,regime_conditional,clean,-0.04166666666666666,-0.08333333333333334,0.125,0.0,0.625,-0.18055555555555547,0.125,sma_minus_point
43,switch_d12,regime_conditional,observed,-0.08333333333333326,-0.08333333333333326,0.125,2.2,1.958333333333333,-0.18055555555555547,0.125,sma_minus_point
43,switch_d12,regime_marginal,clean,-0.04166666666666667,-0.04166666666666667,0.08333333333333333,1.0,0.3333333333333339,-0.18055555555555547,0.125,sma_minus_point
43,switch_d12,regime_marginal,observed,-0.125,-0.125,0.08333333333333333,3.4046052631578947,2.8750000000000004,-0.18055555555555547,0.125,sma_minus_point
43,switch_d4,regime_conditional,clean,-0.04166666666666666,-0.08333333333333334,0.041666666666666664,0.0,0.625,-0.125,0.0,sma_minus_point
43,switch_d4,regime_conditional,observed,-0.04166666666666674,-0.04166666666666674,0.041666666666666664,1.7094861660079053,2.0000000000000004,-0.125,0.0,sma_minus_point
43,switch_d4,regime_marginal,clean,-0.08333333333333333,-0.08333333333333333,0.0,-1.25,0.4583333333333339,-0.125,0.0,sma_minus_point
43,switch_d4,regime_marginal,observed,-0.16666666666666663,-0.16666666666666663,0.0,3.3087719298245615,3.3750000000000004,-0.125,0.0,sma_minus_point
44,steady_k2,regime_conditional,clean,-0.0625,-0.0625,0.0,1.7000000000000002,0.08333333333333215,-0.04166666666666663,0.041666666666666664,sma_minus_point
44,steady_k2,regime_conditional,observed,0.02083333333333337,0.0,0.041666666666666664,2.4000000000000004,1.75,-0.04166666666666663,0.041666666666666664,sma_minus_point
44,steady_k2,regime_marginal,clean,0.0,0.0,0.0,8.0,0.041666666666666075,-0.04166666666666663,0.041666666666666664,sma_minus_point
44,steady_k2,regime_marginal,observed,-0.20833333333333326,-0.25,0.0625,2.3360323886639676,2.1666666666666665,-0.04166666666666663,0.041666666666666664,sma_minus_point
44,steady_m05,regime_conditional,clean,-0.041666666666666664,-0.041666666666666664,0.0,,0.125,-0.04166666666666663,0.041666666666666664,sma_minus_point
44,steady_m05,regime_conditional,observed,0.0,0.0,0.041666666666666664,-0.666666666666667,-0.3333333333333339,-0.04166666666666663,0.041666666666666664,sma_minus_point
44,steady_m05,regime_marginal,clean,-0.041666666666666664,-0.041666666666666664,0.0,,0.125,-0.04166666666666663,0.041666666666666664,sma_minus_point
44,steady_m05,regime_marginal,observed,-0.041666666666666664,-0.041666666666666664,0.0,,0.125,-0.04166666666666663,0.041666666666666664,sma_minus_point
44,steady_m1,regime_conditional,clean,-0.041666666666666664,-0.041666666666666664,0.0,,0.125,-0.04166666666666663,0.041666666666666664,sma_minus_point
44,steady_m1,regime_conditional,observed,-0.041666666666666685,-0.125,0.08333333333333333,0.8055555555555554,0.833333333333333,-0.04166666666666663,0.041666666666666664,sma_minus_point
44,steady_m1,regime_marginal,clean,-0.041666666666666664,-0.041666666666666664,0.0,,0.125,-0.04166666666666663,0.041666666666666664,sma_minus_point
44,steady_m1,regime_marginal,observed,-0.04166666666666667,-0.04166666666666667,0.041666666666666664,2.5,0.5416666666666661,-0.04166666666666663,0.041666666666666664,sma_minus_point
44,steady_m2_r10_k1,regime_conditional,clean,-0.041666666666666664,-0.041666666666666664,0.0,,0.125,-0.04166666666666663,0.041666666666666664,sma_minus_point
44,steady_m2_r10_k1,regime_conditional,observed,-0.04166666666666674,-0.125,0.0,2.0586956521739133,2.291666666666667,-0.04166666666666663,0.041666666666666664,sma_minus_point
44,steady_m2_r10_k1,regime_marginal,clean,-0.041666666666666664,-0.041666666666666664,0.0,,0.125,-0.04166666666666663,0.041666666666666664,sma_minus_point
44,steady_m2_r10_k1,regime_marginal,observed,-0.16666666666666674,-0.25000000000000006,0.041666666666666664,1.925133689839572,1.75,-0.04166666666666663,0.041666666666666664,sma_minus_point
44,steady_m4,regime_conditional,clean,-0.041666666666666664,-0.041666666666666664,0.0,,0.125,-0.04166666666666663,0.041666666666666664,sma_minus_point
44,steady_m4,regime_conditional,observed,-0.04166666666666663,0.04166666666666674,0.0,1.826086956521739,1.5,-0.04166666666666663,0.041666666666666664,sma_minus_point
44,steady_m4,regime_marginal,clean,-0.041666666666666664,-0.041666666666666664,0.0,,0.125,-0.04166666666666663,0.041666666666666664,sma_minus_point
44,steady_m4,regime_marginal,observed,-0.08333333333333337,-0.16666666666666663,0.0,2.6916666666666664,3.208333333333333,-0.04166666666666663,0.041666666666666664,sma_minus_point
44,steady_r02,regime_conditional,clean,0.0,0.0,0.0,,0.0,0.0,0.0,sma_minus_point
44,steady_r02,regime_conditional,observed,-0.33333333333333337,-0.33333333333333337,0.0,1.4333333333333331,1.9166666666666665,0.0,0.0,sma_minus_point
44,steady_r02,regime_marginal,clean,0.0,0.0,0.0,,0.0,0.0,0.0,sma_minus_point
44,steady_r02,regime_marginal,observed,-0.16666666666666669,-0.16666666666666669,0.0,2.1333333333333333,1.166666666666667,0.0,0.0,sma_minus_point
44,steady_r20,regime_conditional,clean,-0.08333333333333334,-0.08333333333333334,0.0,1.0999999999999996,0.5277777777777786,-0.03703703703703709,0.0,sma_minus_point
44,steady_r20,regime_conditional,observed,0.0,0.0,0.0,2.305555555555556,2.305555555555556,-0.03703703703703709,0.0,sma_minus_point
44,steady_r20,regime_marginal,clean,-0.05555555555555555,-0.05555555555555555,0.0,3.25,0.6666666666666661,-0.03703703703703709,0.0,sma_minus_point
44,steady_r20,regime_marginal,observed,-0.02777777777777779,-0.05555555555555547,0.027777777777777776,2.0625610948191593,2.2222222222222214,-0.03703703703703709,0.0,sma_minus_point
44,switch_d0,regime_conditional,clean,-0.041666666666666664,-0.041666666666666664,0.0,,0.125,-0.20833333333333337,0.125,sma_minus_point
44,switch_d0,regime_conditional,observed,-0.08333333333333337,-0.16666666666666674,0.041666666666666664,2.494279176201373,2.75,-0.20833333333333337,0.125,sma_minus_point
44,switch_d0,regime_marginal,clean,-0.041666666666666664,-0.041666666666666664,0.0,,0.125,-0.20833333333333337,0.125,sma_minus_point
44,switch_d0,regime_marginal,observed,-0.20833333333333337,-0.2916666666666667,0.041666666666666664,3.4343434343434347,2.666666666666667,-0.20833333333333337,0.125,sma_minus_point
44,switch_d12,regime_conditional,clean,0.0,0.0,0.0,0.3333333333333333,0.04166666666666696,-0.08333333333333337,0.08333333333333333,sma_minus_point
44,switch_d12,regime_conditional,observed,-0.08333333333333337,-0.16666666666666663,0.041666666666666664,1.508333333333333,2.041666666666667,-0.08333333333333337,0.08333333333333333,sma_minus_point
44,switch_d12,regime_marginal,clean,-0.041666666666666685,-0.041666666666666685,0.0,1.9,0.541666666666667,-0.08333333333333337,0.08333333333333333,sma_minus_point
44,switch_d12,regime_marginal,observed,-0.125,-0.20833333333333326,0.04166666666666667,2.7030075187969924,2.333333333333333,-0.08333333333333337,0.08333333333333333,sma_minus_point
44,switch_d4,regime_conditional,clean,0.0,0.0,0.0,0.3333333333333333,0.04166666666666696,-0.1527777777777778,0.041666666666666664,sma_minus_point
44,switch_d4,regime_conditional,observed,-0.08333333333333337,-0.16666666666666663,0.041666666666666664,1.4083333333333334,2.208333333333333,-0.1527777777777778,0.041666666666666664,sma_minus_point
44,switch_d4,regime_marginal,clean,-0.08333333333333334,-0.08333333333333334,0.0,0.7333333333333333,0.791666666666667,-0.1527777777777778,0.041666666666666664,sma_minus_point
44,switch_d4,regime_marginal,observed,-0.125,-0.20833333333333326,0.041666666666666664,2.7030075187969924,2.333333333333333,-0.1527777777777778,0.041666666666666664,sma_minus_point
45,steady_k2,regime_conditional,clean,-0.041666666666666664,-0.041666666666666664,-0.041666666666666664,1.0,0.14583333333333393,-0.04166666666666663,0.041666666666666664,sma_minus_point
45,steady_k2,regime_conditional,observed,-0.04166666666666663,-0.04166666666666663,-0.041666666666666664,1.434625322997416,1.4583333333333335,-0.04166666666666663,0.041666666666666664,sma_minus_point
45,steady_k2,regime_marginal,clean,-0.020833333333333332,-0.020833333333333332,0.0,,0.1875,-0.04166666666666663,0.041666666666666664,sma_minus_point
45,steady_k2,regime_marginal,observed,-0.14583333333333337,-0.14583333333333337,0.0,2.49009009009009,2.2291666666666665,-0.04166666666666663,0.041666666666666664,sma_minus_point
45,steady_m05,regime_conditional,clean,-0.08333333333333334,-0.08333333333333334,-0.041666666666666664,2.0,0.25,-0.04166666666666663,0.041666666666666664,sma_minus_point
45,steady_m05,regime_conditional,observed,0.04166666666666666,0.04166666666666666,-0.041666666666666664,0.08333333333333304,-0.25,-0.04166666666666663,0.041666666666666664,sma_minus_point
45,steady_m05,regime_marginal,clean,0.0,0.0,0.0,,0.0,-0.04166666666666663,0.041666666666666664,sma_minus_point
45,steady_m05,regime_marginal,observed,-0.08333333333333333,-0.08333333333333333,0.0,,0.3333333333333339,-0.04166666666666663,0.041666666666666664,sma_minus_point
45,steady_m1,regime_conditional,clean,-0.08333333333333334,-0.08333333333333334,-0.041666666666666664,2.0,0.25,-0.04166666666666663,0.041666666666666664,sma_minus_point
45,steady_m1,regime_conditional,observed,-0.08333333333333337,-0.08333333333333337,-0.041666666666666664,0.14285714285714324,0.625,-0.04166666666666663,0.041666666666666664,sma_minus_point
45,steady_m1,regime_marginal,clean,0.0,0.0,0.0,,0.0,-0.04166666666666663,0.041666666666666664,sma_minus_point
45,steady_m1,regime_marginal,observed,-0.12500000000000003,-0.12500000000000003,0.0,1.75,0.41666666666666696,-0.04166666666666663,0.041666666666666664,sma_minus_point
45,steady_m2_r10_k1,regime_conditional,clean,-0.08333333333333334,-0.08333333333333334,-0.041666666666666664,2.0,0.25,-0.04166666666666663,0.041666666666666664,sma_minus_point
45,steady_m2_r10_k1,regime_conditional,observed,0.0,0.0,-0.041666666666666664,2.3181818181818183,2.125,-0.04166666666666663,0.041666666666666664,sma_minus_point
45,steady_m2_r10_k1,regime_marginal,clean,0.0,0.0,0.0,,0.0,-0.04166666666666663,0.041666666666666664,sma_minus_point
45,steady_m2_r10_k1,regime_marginal,observed,-0.125,-0.125,0.0,1.9934210526315788,1.9999999999999996,-0.04166666666666663,0.041666666666666664,sma_minus_point
45,steady_m4,regime_conditional,clean,-0.08333333333333334,-0.08333333333333334,-0.041666666666666664,2.0,0.25,-0.04166666666666663,0.041666666666666664,sma_minus_point
45,steady_m4,regime_conditional,observed,-0.04166666666666663,0.0,0.0,1.565217391304348,1.5,-0.04166666666666663,0.041666666666666664,sma_minus_point
45,steady_m4,regime_marginal,clean,0.0,0.0,0.0,,0.0,-0.04166666666666663,0.041666666666666664,sma_minus_point
45,steady_m4,regime_marginal,observed,-0.04166666666666663,-0.04166666666666663,0.0,2.483695652173913,2.625,-0.04166666666666663,0.041666666666666664,sma_minus_point
45,steady_r02,regime_conditional,clean,0.0,0.0,0.0,,0.0,0.0,0.0,sma_minus_point
45,steady_r02,regime_conditional,observed,-0.5,-0.5,0.0,2.083333333333333,2.75,0.0,0.0,sma_minus_point
45,steady_r02,regime_marginal,clean,0.0,0.0,0.0,,0.0,0.0,0.0,sma_minus_point
45,steady_r02,regime_marginal,observed,-0.33333333333333337,-0.33333333333333337,0.0,2.142857142857143,1.5833333333333335,0.0,0.0,sma_minus_point
45,steady_r20,regime_conditional,clean,-0.1111111111111111,-0.1111111111111111,0.0,0.33333333333333304,0.6666666666666661,-0.03703703703703709,0.0,sma_minus_point
45,steady_r20,regime_conditional,observed,0.0,-0.08333333333333337,0.08333333333333334,2.54040404040404,3.194444444444444,-0.03703703703703709,0.0,sma_minus_point
45,steady_r20,regime_marginal,clean,0.0,-0.027777777777777776,0.027777777777777776,,0.22222222222222143,-0.03703703703703709,0.0,sma_minus_point
45,steady_r20,regime_marginal,observed,-0.05555555555555547,-0.11111111111111105,0.08333333333333333,2.1504702194357366,2.722222222222222,-0.03703703703703709,0.0,sma_minus_point
45,switch_d0,regime_conditional,clean,-0.08333333333333333,-0.08333333333333333,-0.041666666666666664,,0.4166666666666661,-0.16666666666666663,0.16666666666666666,sma_minus_point
45,switch_d0,regime_conditional,observed,-0.125,-0.125,-0.041666666666666664,2.1478260869565213,2.333333333333334,-0.16666666666666663,0.16666666666666666,sma_minus_point
45,switch_d0,regime_marginal,clean,-0.041666666666666664,-0.041666666666666664,0.0,,0.041666666666666075,-0.16666666666666663,0.16666666666666666,sma_minus_point
45,switch_d0,regime_marginal,observed,-0.25,-0.25,0.0,2.5425101214574903,2.416666666666667,-0.16666666666666663,0.16666666666666666,sma_minus_point
45,switch_d12,regime_conditional,clean,-0.08333333333333334,-0.04166666666666666,-0.041666666666666664,-1.8333333333333333,0.375,-0.1527777777777778,0.041666666666666664,sma_minus_point
45,switch_d12,regime_conditional,observed,0.0,0.04166666666666663,-0.041666666666666664,2.7943722943722946,2.3749999999999996,-0.1527777777777778,0.041666666666666664,sma_minus_point
45,switch_d12,regime_marginal,clean,-0.041666666666666664,-0.041666666666666664,0.0,-4.5,0.08333333333333215,-0.1527777777777778,0.041666666666666664,sma_minus_point
45,switch_d12,regime_marginal,observed,-0.25,-0.20833333333333337,0.0,2.2500000000000004,2.0,-0.1527777777777778,0.041666666666666664,sma_minus_point
45,switch_d4,regime_conditional,clean,-0.08333333333333334,-0.04166666666666666,-0.041666666666666664,-1.8333333333333333,0.375,-0.08333333333333337,0.041666666666666664,sma_minus_point
45,switch_d4,regime_conditional,observed,-0.04166666666666674,0.0,-0.041666666666666664,1.909090909090909,1.75,-0.08333333333333337,0.041666666666666664,sma_minus_point
45,switch_d4,regime_marginal,clean,-0.041666666666666664,-0.041666666666666664,0.0,-4.5,0.08333333333333215,-0.08333333333333337,0.041666666666666664,sma_minus_point
45,switch_d4,regime_marginal,observed,-0.25,-0.25,0.0,2.3142857142857145,2.5416666666666665,-0.08333333333333337,0.041666666666666664,sma_minus_point
46,steady_k2,regime_conditional,clean,-0.0625,-0.0625,0.0,1.7999999999999998,0.25,-0.125,0.041666666666666664,sma_minus_point
46,steady_k2,regime_conditional,observed,0.0625,0.04166666666666663,0.04166666666666667,2.0725108225108224,1.6041666666666665,-0.125,0.041666666666666664,sma_minus_point
46,steady_k2,regime_marginal,clean,-0.08333333333333333,-0.08333333333333333,-0.020833333333333332,,0.5208333333333339,-0.125,0.041666666666666664,sma_minus_point
46,steady_k2,regime_marginal,observed,-0.10416666666666663,-0.125,0.0,2.8277777777777784,2.3541666666666665,-0.125,0.041666666666666664,sma_minus_point
46,steady_m05,regime_conditional,clean,-0.04166666666666667,-0.04166666666666667,0.0,1.3333333333333335,0.20833333333333215,-0.125,0.041666666666666664,sma_minus_point
46,steady_m05,regime_conditional,observed,0.0,0.0,0.0,6.25,0.7916666666666661,-0.125,0.041666666666666664,sma_minus_point
46,steady_m05,regime_marginal,clean,-0.125,-0.125,-0.041666666666666664,,0.8333333333333339,-0.125,0.041666666666666664,sma_minus_point
46,steady_m05,regime_marginal,observed,0.0,0.0,-0.041666666666666664,0.0,0.0,-0.125,0.041666666666666664,sma_minus_point
46,steady_m1,regime_conditional,clean,-0.04166666666666667,-0.04166666666666667,0.0,1.3333333333333335,0.20833333333333215,-0.125,0.041666666666666664,sma_minus_point
46,steady_m1,regime_conditional,observed,0.16666666666666663,0.16666666666666663,0.0,2.5714285714285716,0.08333333333333393,-0.125,0.041666666666666664,sma_minus_point
46,steady_m1,regime_marginal,clean,-0.125,-0.125,-0.041666666666666664,,0.8333333333333339,-0.125,0.041666666666666664,sma_minus_point
46,steady_m1,regime_marginal,observed,-0.12500000000000003,-0.12500000000000003,-0.041666666666666664,4.142857142857142,1.208333333333334,-0.125,0.041666666666666664,sma_minus_point
46,steady_m2_r10_k1,regime_conditional,clean,-0.04166666666666667,-0.04166666666666667,0.0,1.3333333333333335,0.20833333333333215,-0.125,0.041666666666666664,sma_minus_point
46,steady_m2_r10_k1,regime_conditional,observed,-0.125,-0.125,0.041666666666666664,2.2543478260869567,2.416666666666667,-0.125,0.041666666666666664,sma_minus_point
46,steady_m2_r10_k1,regime_marginal,clean,-0.125,-0.125,-0.041666666666666664,,0.8333333333333339,-0.125,0.041666666666666664,sma_minus_point
46,steady_m2_r10_k1,regime_marginal,observed,-0.08333333333333326,-0.08333333333333326,-0.041666666666666664,3.196428571428571,2.458333333333333,-0.125,0.041666666666666664,sma_minus_point
46,steady_m4,regime_conditional,clean,-0.04166666666666667,-0.04166666666666667,0.0,1.3333333333333335,0.20833333333333215,-0.125,0.041666666666666664,sma_minus_point
46,steady_m4,regime_conditional,observed,-0.04166666666666663,-0.04166666666666674,0.041666666666666664,2.5454545454545454,2.8333333333333335,-0.125,0.041666666666666664,sma_minus_point
46,steady_m4,regime_marginal,clean,-0.125,-0.125,-0.041666666666666664,,0.8333333333333339,-0.125,0.041666666666666664,sma_minus_point
46,steady_m4,regime_marginal,observed,-0.04166666666666663,0.0,-0.041666666666666664,3.2608695652173916,3.125,-0.125,0.041666666666666664,sma_minus_point
46,steady_r02,regime_conditional,clean,0.0,0.0,0.08333333333333333,0.0,0.0,-0.25,0.25,sma_minus_point
46,steady_r02,regime_conditional,observed,-0.5,-0.5,0.08333333333333333,0.7,1.3333333333333335,-0.25,0.25,sma_minus_point
46,steady_r02,regime_marginal,clean,0.0,0.0,0.0,,0.0,-0.25,0.25,sma_minus_point
46,steady_r02,regime_marginal,observed,-0.5,-0.5,0.0,-0.4285714285714286,1.25,-0.25,0.25,sma_minus_point
46,steady_r20,regime_conditional,clean,-0.027777777777777776,-0.027777777777777776,0.0,2.833333333333333,0.4722222222222232,-0.09259259259259267,0.0,sma_minus_point
46,steady_r20,regime_conditional,observed,0.0,-0.02777777777777779,0.027777777777777776,2.5404761904761903,2.75,-0.09259259259259267,0.0,sma_minus_point
46,steady_r20,regime_marginal,clean,-0.08333333333333333,-0.08333333333333333,0.0,5.25,0.75,-0.09259259259259267,0.0,sma_minus_point
46,steady_r20,regime_marginal,observed,0.02777777777777768,-0.02777777777777779,0.027777777777777776,2.7150537634408605,2.5,-0.09259259259259267,0.0,sma_minus_point
46,switch_d0,regime_conditional,clean,-0.08333333333333334,-0.08333333333333334,0.0,-1.6666666666666665,0.375,-0.16666666666666663,0.08333333333333333,sma_minus_point
46,switch_d0,regime_conditional,observed,-0.125,-0.16666666666666674,0.041666666666666664,2.645308924485126,3.083333333333333,-0.16666666666666663,0.08333333333333333,sma_minus_point
46,switch_d0,regime_marginal,clean,-0.041666666666666664,-0.041666666666666664,0.0,-1.0,0.3333333333333339,-0.16666666666666663,0.08333333333333333,sma_minus_point
46,switch_d0,regime_marginal,observed,-0.125,-0.16666666666666674,0.0,3.601809954751131,3.1666666666666665,-0.16666666666666663,0.08333333333333333,sma_minus_point
46,switch_d12,regime_conditional,clean,-0.08333333333333334,-0.08333333333333334,0.0,-1.6666666666666665,0.375,-0.18055555555555547,0.041666666666666664,sma_minus_point
46,switch_d12,regime_conditional,observed,-0.08333333333333337,-0.125,0.04166666666666667,2.984782608695652,3.291666666666667,-0.18055555555555547,0.041666666666666664,sma_minus_point
46,switch_d12,regime_marginal,clean,-0.04166666666666667,-0.04166666666666667,0.0,0.16666666666666652,0.41666666666666785,-0.18055555555555547,0.041666666666666664,sma_minus_point
46,switch_d12,regime_marginal,observed,-0.125,-0.16666666666666674,0.0,3.986425339366516,3.3749999999999996,-0.18055555555555547,0.041666666666666664,sma_minus_point
46,switch_d4,regime_conditional,clean,-0.08333333333333334,-0.08333333333333334,0.0,-1.6666666666666665,0.375,-0.13888888888888884,0.041666666666666664,sma_minus_point
46,switch_d4,regime_conditional,observed,-0.08333333333333337,-0.125,0.041666666666666664,2.5847826086956527,2.958333333333333,-0.13888888888888884,0.041666666666666664,sma_minus_point
46,switch_d4,regime_marginal,clean,-0.04166666666666667,-0.04166666666666667,0.0,0.16666666666666652,0.41666666666666785,-0.13888888888888884,0.041666666666666664,sma_minus_point
46,switch_d4,regime_marginal,observed,-0.125,-0.16666666666666674,0.0,3.601809954751131,3.1666666666666665,-0.13888888888888884,0.041666666666666664,sma_minus_point
42,steady_k2,regime_conditional,clean,0.0,0.0,-0.020833333333333332,,0.0,-0.06944444444444453,0.041666666666666664,sma_minus_ewma
42,steady_k2,regime_conditional,observed,-0.0625,-0.04166666666666674,-0.02083333333333333,1.3204764605785595,1.0,-0.06944444444444453,0.041666666666666664,sma_minus_ewma
42,steady_k2,regime_marginal,clean,0.0,0.020833333333333332,-0.020833333333333336,,-0.20833333333333393,-0.06944444444444453,0.041666666666666664,sma_minus_ewma
42,steady_k2,regime_marginal,observed,-0.125,-0.125,-0.020833333333333343,1.0845684394071489,0.5416666666666661,-0.06944444444444453,0.041666666666666664,sma_minus_ewma
42,steady_m05,regime_conditional,clean,0.0,0.0,-0.041666666666666664,,0.0,-0.06944444444444453,0.041666666666666664,sma_minus_ewma
42,steady_m05,regime_conditional,observed,-0.04166666666666666,0.0,-0.041666666666666664,-1.8000000000000007,-0.3749999999999991,-0.06944444444444453,0.041666666666666664,sma_minus_ewma
42,steady_m05,regime_marginal,clean,0.0,0.0,-0.041666666666666664,,0.0,-0.06944444444444453,0.041666666666666664,sma_minus_ewma
42,steady_m05,regime_marginal,observed,-0.041666666666666664,0.0,-0.041666666666666664,0.0,0.0,-0.06944444444444453,0.041666666666666664,sma_minus_ewma
42,steady_m1,regime_conditional,clean,0.0,0.0,-0.041666666666666664,,0.0,-0.06944444444444453,0.041666666666666664,sma_minus_ewma
42,steady_m1,regime_conditional,observed,0.0,-0.04166666666666674,-0.041666666666666664,0.3956043956043951,0.25,-0.06944444444444453,0.041666666666666664,sma_minus_ewma
42,steady_m1,regime_marginal,clean,0.0,0.0,-0.041666666666666664,,0.0,-0.06944444444444453,0.041666666666666664,sma_minus_ewma
42,steady_m1,regime_marginal,observed,-0.04166666666666663,0.0,-0.041666666666666664,0.14285714285714324,0.041666666666666075,-0.06944444444444453,0.041666666666666664,sma_minus_ewma
42,steady_m2_r10_k1,regime_conditional,clean,0.0,0.0,-0.041666666666666664,,0.0,-0.06944444444444453,0.041666666666666664,sma_minus_ewma
42,steady_m2_r10_k1,regime_conditional,observed,-0.08333333333333337,-0.08333333333333337,-0.041666666666666664,0.9151138716356106,0.8333333333333335,-0.06944444444444453,0.041666666666666664,sma_minus_ewma
42,steady_m2_r10_k1,regime_marginal,clean,0.0,0.0,-0.041666666666666664,,0.0,-0.06944444444444453,0.041666666666666664,sma_minus_ewma
42,steady_m2_r10_k1,regime_marginal,observed,-0.16666666666666674,-0.16666666666666663,-0.04166666666666667,1.0561403508771932,0.7083333333333339,-0.06944444444444453,0.041666666666666664,sma_minus_ewma
42,steady_m4,regime_conditional,clean,0.0,0.0,-0.041666666666666664,,0.0,-0.06944444444444453,0.041666666666666664,sma_minus_ewma
42,steady_m4,regime_conditional,observed,-0.04166666666666663,-0.04166666666666674,0.0,1.0810276679841895,1.2083333333333335,-0.06944444444444453,0.041666666666666664,sma_minus_ewma
42,steady_m4,regime_marginal,clean,0.0,0.0,-0.041666666666666664,,0.0,-0.06944444444444453,0.041666666666666664,sma_minus_ewma
42,steady_m4,regime_marginal,observed,-0.04166666666666663,-0.04166666666666674,-0.04166666666666667,1.2648221343873518,1.0833333333333335,-0.06944444444444453,0.041666666666666664,sma_minus_ewma
42,steady_r02,regime_conditional,clean,0.0,0.0,-0.08333333333333333,,0.0,-0.08333333333333337,0.08333333333333333,sma_minus_ewma
42,steady_r02,regime_conditional,observed,-0.33333333333333337,-0.25,-0.08333333333333333,-0.11111111111111116,0.4166666666666665,-0.08333333333333337,0.08333333333333333,sma_minus_ewma
42,steady_r02,regime_marginal,clean,0.0,0.0,-0.08333333333333333,,0.0,-0.08333333333333337,0.08333333333333333,sma_minus_ewma
42,steady_r02,regime_marginal,observed,-0.25,-0.16666666666666666,-0.08333333333333333,-0.75,0.16666666666666696,-0.08333333333333337,0.08333333333333333,sma_minus_ewma
42,steady_r20,regime_conditional,clean,-0.027777777777777776,-0.027777777777777776,-0.027777777777777776,,0.08333333333333393,-0.05555555555555558,0.0,sma_minus_ewma
42,steady_r20,regime_conditional,observed,0.0,0.02777777777777779,-0.027777777777777776,1.5169340463458112,1.166666666666667,-0.05555555555555558,0.0,sma_minus_ewma
42,steady_r20,regime_marginal,clean,0.0,0.0,-0.027777777777777776,2.0,0.05555555555555536,-0.05555555555555558,0.0,sma_minus_ewma
42,steady_r20,regime_marginal,observed,0.02777777777777779,0.02777777777777779,0.0,1.4507575757575761,1.1111111111111107,-0.05555555555555558,0.0,sma_minus_ewma
42,switch_d0,regime_conditional,clean,0.0,0.0,-0.041666666666666664,,0.0,-0.16666666666666663,0.08333333333333333,sma_minus_ewma
42,switch_d0,regime_conditional,observed,-0.125,-0.125,-0.041666666666666664,1.5,1.3750000000000004,-0.16666666666666663,0.08333333333333333,sma_minus_ewma
42,switch_d0,regime_marginal,clean,0.0,0.0,0.0,,0.0,-0.16666666666666663,0.08333333333333333,sma_minus_ewma
42,switch_d0,regime_marginal,observed,-0.04166666666666663,-0.08333333333333337,0.0,1.5277777777777777,1.208333333333333,-0.16666666666666663,0.08333333333333333,sma_minus_ewma
42,switch_d12,regime_conditional,clean,0.0,0.0,-0.041666666666666664,0.6666666666666667,0.08333333333333304,-0.11111111111111116,0.08333333333333333,sma_minus_ewma
42,switch_d12,regime_conditional,observed,-0.125,-0.125,-0.04166666666666667,0.9832535885167468,1.0,-0.11111111111111116,0.08333333333333333,sma_minus_ewma
42,switch_d12,regime_marginal,clean,0.0,0.0,0.0,1.0,0.08333333333333393,-0.11111111111111116,0.08333333333333333,sma_minus_ewma
42,switch_d12,regime_marginal,observed,-0.08333333333333326,-0.125,0.0,1.0065789473684212,1.0,-0.11111111111111116,0.08333333333333333,sma_minus_ewma
42,switch_d4,regime_conditional,clean,0.0,0.0,-0.041666666666666664,0.5,0.041666666666666075,-0.13888888888888884,0.041666666666666664,sma_minus_ewma
42,switch_d4,regime_conditional,observed,-0.08333333333333337,-0.08333333333333326,-0.041666666666666664,0.9727272727272731,0.875,-0.13888888888888884,0.041666666666666664,sma_minus_ewma
42,switch_d4,regime_marginal,clean,0.0,0.0,0.0,1.0,0.08333333333333393,-0.13888888888888884,0.041666666666666664,sma_minus_ewma
42,switch_d4,regime_marginal,observed,-0.08333333333333326,-0.125,0.0,0.9013157894736841,1.166666666666667,-0.13888888888888884,0.041666666666666664,sma_minus_ewma
43,steady_k2,regime_conditional,clean,-0.0625,-0.0625,0.0,0.75,0.5625,-0.02777777777777779,0.0,sma_minus_ewma
43,steady_k2,regime_conditional,observed,-0.04166666666666663,-0.0625,0.0,1.6476190476190475,1.5625,-0.02777777777777779,0.0,sma_minus_ewma
43,steady_k2,regime_marginal,clean,0.0,0.0,0.0,2.0,0.08333333333333393,-0.02777777777777779,0.0,sma_minus_ewma
43,steady_k2,regime_marginal,observed,-0.02083333333333326,-0.04166666666666663,0.0,1.4476190476190474,0.9583333333333339,-0.02777777777777779,0.0,sma_minus_ewma
43,steady_m05,regime_conditional,clean,-0.08333333333333333,-0.08333333333333333,0.0,,0.5416666666666661,-0.02777777777777779,0.0,sma_minus_ewma
43,steady_m05,regime_conditional,observed,-0.04166666666666667,-0.04166666666666667,0.0,3.1666666666666665,0.6666666666666679,-0.02777777777777779,0.0,sma_minus_ewma
43,steady_m05,regime_marginal,clean,0.0,0.0,0.0,2.0,0.08333333333333393,-0.02777777777777779,0.0,sma_minus_ewma
43,steady_m05,regime_marginal,observed,0.0,0.0,0.0,5.0,0.20833333333333393,-0.02777777777777779,0.0,sma_minus_ewma
43,steady_m1,regime_conditional,clean,-0.08333333333333333,-0.08333333333333333,0.0,,0.5416666666666661,-0.02777777777777779,0.0,sma_minus_ewma
43,steady_m1,regime_conditional,observed,0.0,0.0,0.0,1.083333333333333,0.29166666666666696,-0.02777777777777779,0.0,sma_minus_ewma
43,steady_m1,regime_marginal,clean,0.0,0.0,0.0,2.0,0.08333333333333393,-0.02777777777777779,0.0,sma_minus_ewma
43,steady_m1,regime_marginal,observed,0.0,0.0,0.0,4.333333333333333,0.2916666666666661,-0.02777777777777779,0.0,sma_minus_ewma
43,steady_m2_r10_k1,regime_conditional,clean,-0.08333333333333333,-0.08333333333333333,0.0,,0.5416666666666661,-0.02777777777777779,0.0,sma_minus_ewma
43,steady_m2_r10_k1,regime_conditional,observed,0.0,0.0,0.0,1.5,1.5,-0.02777777777777779,0.0,sma_minus_ewma
43,steady_m2_r10_k1,regime_marginal,clean,0.0,0.0,0.0,2.0,0.08333333333333393,-0.02777777777777779,0.0,sma_minus_ewma
43,steady_m2_r10_k1,regime_marginal,observed,-0.08333333333333337,-0.08333333333333337,0.0,1.270833333333333,1.0,-0.02777777777777779,0.0,sma_minus_ewma
43,steady_m4,regime_conditional,clean,-0.08333333333333333,-0.08333333333333333,0.0,,0.5416666666666661,-0.02777777777777779,0.0,sma_minus_ewma
43,steady_m4,regime_conditional,observed,0.0,0.0,0.0,1.0869565217391304,1.0416666666666667,-0.02777777777777779,0.0,sma_minus_ewma
43,steady_m4,regime_marginal,clean,0.0,0.0,0.0,2.0,0.08333333333333393,-0.02777777777777779,0.0,sma_minus_ewma
43,steady_m4,regime_marginal,observed,0.0,0.0,0.0,1.5416666666666665,1.5416666666666665,-0.02777777777777779,0.0,sma_minus_ewma
43,steady_r02,regime_conditional,clean,-0.08333333333333333,-0.08333333333333333,0.0,,0.25,-0.08333333333333337,0.08333333333333333,sma_minus_ewma
43,steady_r02,regime_conditional,observed,-0.16666666666666663,-0.16666666666666663,0.0,0.8333333333333335,0.833333333333333,-0.08333333333333337,0.08333333333333333,sma_minus_ewma
43,steady_r02,regime_marginal,clean,0.0,0.0,0.0,,0.0,-0.08333333333333337,0.08333333333333333,sma_minus_ewma
43,steady_r02,regime_marginal,observed,0.0,0.0,0.0,1.5,0.25,-0.08333333333333337,0.08333333333333333,sma_minus_ewma
43,steady_r20,regime_conditional,clean,-0.05555555555555555,-0.05555555555555555,0.0,0.666666666666667,0.3888888888888893,-0.05555555555555558,0.0,sma_minus_ewma
43,steady_r20,regime_conditional,observed,0.0,0.0,0.0,1.583333333333333,1.583333333333333,-0.05555555555555558,0.0,sma_minus_ewma
43,steady_r20,regime_marginal,clean,0.0,0.0,0.0,0.0,0.0,-0.05555555555555558,0.0,sma_minus_ewma
43,steady_r20,regime_marginal,observed,0.0,0.0,0.0,1.3939393939393945,1.2777777777777777,-0.05555555555555558,0.0,sma_minus_ewma
43,switch_d0,regime_conditional,clean,0.0,-0.041666666666666664,0.041666666666666664,,0.4583333333333339,-0.1527777777777778,0.041666666666666664,sma_minus_ewma
43,switch_d0,regime_conditional,observed,-0.04166666666666663,-0.04166666666666663,0.041666666666666664,2.1721014492753623,2.25,-0.1527777777777778,0.041666666666666664,sma_minus_ewma
43,switch_d0,regime_marginal,clean,0.0,0.0,0.0,0.0,0.0,-0.1527777777777778,0.041666666666666664,sma_minus_ewma
43,switch_d0,regime_marginal,observed,-0.125,-0.125,0.0,1.5555555555555554,1.25,-0.1527777777777778,0.041666666666666664,sma_minus_ewma
43,switch_d12,regime_conditional,clean,0.0,-0.041666666666666685,0.04166666666666666,0.5,0.541666666666667,-0.18055555555555547,0.125,sma_minus_ewma
43,switch_d12,regime_conditional,observed,-0.125,-0.125,0.04166666666666666,1.5695652173913044,1.7916666666666665,-0.18055555555555547,0.125,sma_minus_ewma
43,switch_d12,regime_marginal,clean,0.0,0.0,-0.04166666666666667,1.0,0.08333333333333393,-0.18055555555555547,0.125,sma_minus_ewma
43,switch_d12,regime_marginal,observed,-0.125,-0.125,-0.04166666666666667,1.1414473684210527,1.083333333333334,-0.18055555555555547,0.125,sma_minus_ewma
43,switch_d4,regime_conditional,clean,0.0,-0.041666666666666685,0.041666666666666664,0.5,0.541666666666667,-0.125,0.0,sma_minus_ewma
43,switch_d4,regime_conditional,observed,-0.08333333333333337,-0.08333333333333337,0.041666666666666664,1.1098484848484849,1.8333333333333335,-0.125,0.0,sma_minus_ewma
43,switch_d4,regime_marginal,clean,0.0,0.0,0.0,1.0,0.08333333333333393,-0.125,0.0,sma_minus_ewma
43,switch_d4,regime_marginal,observed,-0.125,-0.125,0.0,1.1333333333333333,1.291666666666667,-0.125,0.0,sma_minus_ewma
44,steady_k2,regime_conditional,clean,-0.0625,-0.0625,0.0,0.09999999999999964,0.2916666666666661,-0.04166666666666663,0.041666666666666664,sma_minus_ewma
44,steady_k2,regime_conditional,observed,-0.08333333333333337,-0.10416666666666663,0.0,1.0083333333333333,1.2083333333333335,-0.04166666666666663,0.041666666666666664,sma_minus_ewma
44,steady_k2,regime_marginal,clean,0.0,0.0,0.0,4.0,0.08333333333333215,-0.04166666666666663,0.041666666666666664,sma_minus_ewma
44,steady_k2,regime_marginal,observed,-0.16666666666666663,-0.1875,0.02083333333333333,0.5736263736263734,0.6875,-0.04166666666666663,0.041666666666666664,sma_minus_ewma
44,steady_m05,regime_conditional,clean,-0.125,-0.125,0.0,,0.375,-0.04166666666666663,0.041666666666666664,sma_minus_ewma
44,steady_m05,regime_conditional,observed,-0.125,-0.125,0.0,-0.666666666666667,0.583333333333333,-0.04166666666666663,0.041666666666666664,sma_minus_ewma
44,steady_m05,regime_marginal,clean,0.0,0.0,0.0,,0.0,-0.04166666666666663,0.041666666666666664,sma_minus_ewma
44,steady_m05,regime_marginal,observed,-0.041666666666666664,-0.041666666666666664,0.0,,0.041666666666666075,-0.04166666666666663,0.041666666666666664,sma_minus_ewma
44,steady_m1,regime_conditional,clean,-0.125,-0.125,0.0,,0.375,-0.04166666666666663,0.041666666666666664,sma_minus_ewma
44,steady_m1,regime_conditional,observed,-0.16666666666666669,-0.16666666666666663,0.0,0.09401709401709368,0.7916666666666661,-0.04166666666666663,0.041666666666666664,sma_minus_ewma
44,steady_m1,regime_marginal,clean,0.0,0.0,0.0,,0.0,-0.04166666666666663,0.041666666666666664,sma_minus_ewma
44,steady_m1,regime_marginal,observed,-0.04166666666666667,-0.04166666666666667,0.0,0.5,0.2916666666666661,-0.04166666666666663,0.041666666666666664,sma_minus_ewma
44,steady_m2_r10_k1,regime_conditional,clean,-0.125,-0.125,0.0,,0.375,-0.04166666666666663,0.041666666666666664,sma_minus_ewma
44,steady_m2_r10_k1,regime_conditional,observed,-0.04166666666666674,-0.08333333333333326,0.0,1.0863636363636364,1.2083333333333335,-0.04166666666666663,0.041666666666666664,sma_minus_ewma
44,steady_m2_r10_k1,regime_marginal,clean,0.0,0.0,0.0,,0.0,-0.04166666666666663,0.041666666666666664,sma_minus_ewma
44,steady_m2_r10_k1,regime_marginal,observed,-0.16666666666666674,-0.20833333333333331,0.0,0.32954545454545414,0.583333333333333,-0.04166666666666663,0.041666666666666664,sma_minus_ewma
44,steady_m4,regime_conditional,clean,-0.125,-0.125,0.0,,0.375,-0.04166666666666663,0.041666666666666664,sma_minus_ewma
44,steady_m4,regime_conditional,observed,-0.04166666666666663,-0.04166666666666663,0.0,0.951086956521739,1.125,-0.04166666666666663,0.041666666666666664,sma_minus_ewma
44,steady_m4,regime_marginal,clean,0.0,0.0,0.0,,0.0,-0.04166666666666663,0.041666666666666664,sma_minus_ewma
44,steady_m4,regime_marginal,observed,-0.08333333333333337,-0.08333333333333326,0.0,1.1727272727272726,1.333333333333333,-0.04166666666666663,0.041666666666666664,sma_minus_ewma
44,steady_r02,regime_conditional,clean,0.0,0.0,0.0,,0.0,0.0,0.0,sma_minus_ewma
44,steady_r02,regime_conditional,observed,-0.25,-0.25,0.0,0.6111111111111109,0.9999999999999998,0.0,0.0,sma_minus_ewma
44,steady_r02,regime_marginal,clean,0.0,0.0,0.0,,0.0,0.0,0.0,sma_minus_ewma
44,steady_r02,regime_marginal,observed,-0.08333333333333331,-0.08333333333333331,0.0,0.8333333333333335,0.41666666666666696,0.0,0.0,sma_minus_ewma
44,steady_r20,regime_conditional,clean,-0.08333333333333334,-0.08333333333333334,0.0,0.2999999999999998,0.4166666666666661,-0.03703703703703709,0.0,sma_minus_ewma
44,steady_r20,regime_conditional,observed,0.0,0.0,0.0,1.416666666666667,1.416666666666667,-0.03703703703703709,0.0,sma_minus_ewma
44,steady_r20,regime_marginal,clean,0.0,0.0,0.0,1.0,0.05555555555555536,-0.03703703703703709,0.0,sma_minus_ewma
44,steady_r20,regime_marginal,observed,0.02777777777777768,0.0,0.0,0.774193548387097,0.6666666666666661,-0.03703703703703709,0.0,sma_minus_ewma
44,switch_d0,regime_conditional,clean,-0.08333333333333333,-0.08333333333333333,0.0,,0.3333333333333339,-0.20833333333333337,0.125,sma_minus_ewma
44,switch_d0,regime_conditional,observed,-0.08333333333333337,-0.125,0.0,1.5693779904306218,1.7083333333333335,-0.20833333333333337,0.125,sma_minus_ewma
44,switch_d0,regime_marginal,clean,0.0,0.0,0.0,,0.0,-0.20833333333333337,0.125,sma_minus_ewma
44,switch_d0,regime_marginal,observed,-0.25,-0.25000000000000006,0.0,1.192513368983958,0.708333333333333,-0.20833333333333337,0.125,sma_minus_ewma
44,switch_d12,regime_conditional,clean,-0.04166666666666666,-0.04166666666666666,0.0,-1.6666666666666667,0.20833333333333393,-0.08333333333333337,0.08333333333333333,sma_minus_ewma
44,switch_d12,regime_conditional,observed,-0.08333333333333337,-0.125,0.0,0.7130434782608694,1.0833333333333335,-0.08333333333333337,0.08333333333333333,sma_minus_ewma
44,switch_d12,regime_marginal,clean,0.0,0.0,0.0,1.0,-0.08333333333333304,-0.08333333333333337,0.08333333333333333,sma_minus_ewma
44,switch_d12,regime_marginal,observed,-0.20833333333333337,-0.20833333333333326,0.0,0.6503759398496234,0.708333333333333,-0.08333333333333337,0.08333333333333333,sma_minus_ewma
44,switch_d4,regime_conditional,clean,-0.04166666666666666,-0.04166666666666666,0.0,-1.6666666666666667,0.20833333333333393,-0.1527777777777778,0.041666666666666664,sma_minus_ewma
44,switch_d4,regime_conditional,observed,-0.08333333333333337,-0.125,0.0,0.482608695652174,1.125,-0.1527777777777778,0.041666666666666664,sma_minus_ewma
44,switch_d4,regime_marginal,clean,0.0,0.0,0.0,0.6666666666666666,0.08333333333333393,-0.1527777777777778,0.041666666666666664,sma_minus_ewma
44,switch_d4,regime_marginal,observed,-0.20833333333333337,-0.20833333333333326,0.0,0.6503759398496234,0.708333333333333,-0.1527777777777778,0.041666666666666664,sma_minus_ewma
45,steady_k2,regime_conditional,clean,0.0,0.0,0.0,0.5,0.020833333333333925,-0.04166666666666663,0.041666666666666664,sma_minus_ewma
45,steady_k2,regime_conditional,observed,-0.0625,-0.0625,0.0,0.8225480283114259,1.0833333333333335,-0.04166666666666663,0.041666666666666664,sma_minus_ewma
45,steady_k2,regime_marginal,clean,0.0,0.0,0.0,,0.0,-0.04166666666666663,0.041666666666666664,sma_minus_ewma
45,steady_k2,regime_marginal,observed,-0.125,-0.125,0.0,0.7333333333333334,0.833333333333333,-0.04166666666666663,0.041666666666666664,sma_minus_ewma
45,steady_m05,regime_conditional,clean,0.0,0.0,0.0,0.0,0.0,-0.04166666666666663,0.041666666666666664,sma_minus_ewma
45,steady_m05,regime_conditional,observed,0.0,0.0,0.0,0.25,-0.20833333333333215,-0.04166666666666663,0.041666666666666664,sma_minus_ewma
45,steady_m05,regime_marginal,clean,0.0,0.0,0.0,,0.0,-0.04166666666666663,0.041666666666666664,sma_minus_ewma
45,steady_m05,regime_marginal,observed,-0.041666666666666664,-0.041666666666666664,0.0,,0.041666666666666075,-0.04166666666666663,0.041666666666666664,sma_minus_ewma
45,steady_m1,regime_conditional,clean,0.0,0.0,0.0,0.0,0.0,-0.04166666666666663,0.041666666666666664,sma_minus_ewma
45,steady_m1,regime_conditional,observed,-0.08333333333333337,-0.08333333333333337,0.0,0.6428571428571432,0.666666666666667,-0.04166666666666663,0.041666666666666664,sma_minus_ewma
45,steady_m1,regime_marginal,clean,0.0,0.0,0.0,,0.0,-0.04166666666666663,0.041666666666666664,sma_minus_ewma
45,steady_m1,regime_marginal,observed,0.0,0.0,0.0,0.5,0.08333333333333393,-0.04166666666666663,0.041666666666666664,sma_minus_ewma
45,steady_m2_r10_k1,regime_conditional,clean,0.0,0.0,0.0,0.0,0.0,-0.04166666666666663,0.041666666666666664,sma_minus_ewma
45,steady_m2_r10_k1,regime_conditional,observed,-0.08333333333333337,-0.08333333333333337,0.0,1.0719696969696972,1.291666666666667,-0.04166666666666663,0.041666666666666664,sma_minus_ewma
45,steady_m2_r10_k1,regime_marginal,clean,0.0,0.0,0.0,,0.0,-0.04166666666666663,0.041666666666666664,sma_minus_ewma
45,steady_m2_r10_k1,regime_marginal,observed,-0.125,-0.125,0.0,0.2039473684210522,0.583333333333333,-0.04166666666666663,0.041666666666666664,sma_minus_ewma
45,steady_m4,regime_conditional,clean,0.0,0.0,0.0,0.0,0.0,-0.04166666666666663,0.041666666666666664,sma_minus_ewma
45,steady_m4,regime_conditional,observed,-0.04166666666666663,-0.04166666666666663,0.041666666666666664,1.0253623188405796,1.2083333333333335,-0.04166666666666663,0.041666666666666664,sma_minus_ewma
45,steady_m4,regime_marginal,clean,0.0,0.0,0.0,,0.0,-0.04166666666666663,0.041666666666666664,sma_minus_ewma
45,steady_m4,regime_marginal,observed,-0.04166666666666663,-0.04166666666666663,0.0,1.1920289855072463,1.3333333333333333,-0.04166666666666663,0.041666666666666664,sma_minus_ewma
45,steady_r02,regime_conditional,clean,0.0,0.0,0.0,,0.0,0.0,0.0,sma_minus_ewma
45,steady_r02,regime_conditional,observed,-0.5,-0.5,0.0,0.5,1.166666666666667,0.0,0.0,sma_minus_ewma
45,steady_r02,regime_marginal,clean,0.0,0.0,0.0,,0.0,0.0,0.0,sma_minus_ewma
45,steady_r02,regime_marginal,observed,-0.16666666666666669,-0.16666666666666669,0.0,0.3999999999999999,0.3333333333333335,0.0,0.0,sma_minus_ewma
45,steady_r20,regime_conditional,clean,-0.027777777777777776,0.0,0.0,-1.0,-0.05555555555555536,-0.03703703703703709,0.0,sma_minus_ewma
45,steady_r20,regime_conditional,observed,0.0,0.0,0.0,1.5757575757575757,1.4444444444444442,-0.03703703703703709,0.0,sma_minus_ewma
45,steady_r20,regime_marginal,clean,0.0,-0.027777777777777776,0.0,,0.22222222222222143,-0.03703703703703709,0.0,sma_minus_ewma
45,steady_r20,regime_marginal,observed,-0.02777777777777768,-0.02777777777777779,0.027777777777777776,1.008045977011494,1.0277777777777777,-0.03703703703703709,0.0,sma_minus_ewma
45,switch_d0,regime_conditional,clean,-0.041666666666666664,-0.041666666666666664,0.0,,0.125,-0.16666666666666663,0.16666666666666666,sma_minus_ewma
45,switch_d0,regime_conditional,observed,-0.16666666666666663,-0.16666666666666663,0.0,1.4666666666666663,1.8333333333333335,-0.16666666666666663,0.16666666666666666,sma_minus_ewma
45,switch_d0,regime_marginal,clean,0.0,0.0,0.0,,0.0,-0.16666666666666663,0.16666666666666666,sma_minus_ewma
45,switch_d0,regime_marginal,observed,-0.29166666666666674,-0.29166666666666674,0.0,0.9846153846153847,1.25,-0.16666666666666663,0.16666666666666666,sma_minus_ewma
45,switch_d12,regime_conditional,clean,-0.04166666666666666,-0.04166666666666666,0.0,-1.3333333333333333,0.20833333333333393,-0.1527777777777778,0.041666666666666664,sma_minus_ewma
45,switch_d12,regime_conditional,observed,-0.04166666666666674,-0.04166666666666674,0.0,2.1442687747035576,2.1249999999999996,-0.1527777777777778,0.041666666666666664,sma_minus_ewma
45,switch_d12,regime_marginal,clean,0.0,0.0,0.0,1.0,0.041666666666666075,-0.1527777777777778,0.041666666666666664,sma_minus_ewma
45,switch_d12,regime_marginal,observed,-0.25,-0.25,0.0,1.1619047619047622,1.416666666666667,-0.1527777777777778,0.041666666666666664,sma_minus_ewma
45,switch_d4,regime_conditional,clean,-0.04166666666666666,-0.04166666666666666,0.0,-1.3333333333333333,0.20833333333333393,-0.08333333333333337,0.041666666666666664,sma_minus_ewma
45,switch_d4,regime_conditional,observed,-0.04166666666666674,-0.04166666666666674,0.0,1.3280632411067192,1.375,-0.08333333333333337,0.041666666666666664,sma_minus_ewma
45,switch_d4,regime_marginal,clean,0.0,0.0,0.0,1.0,0.041666666666666075,-0.08333333333333337,0.041666666666666664,sma_minus_ewma
45,switch_d4,regime_marginal,observed,-0.20833333333333337,-0.20833333333333337,0.0,0.6833333333333336,1.041666666666666,-0.08333333333333337,0.041666666666666664,sma_minus_ewma
46,steady_k2,regime_conditional,clean,-0.020833333333333336,-0.020833333333333336,0.020833333333333332,0.33333333333333304,0.04166666666666785,-0.125,0.041666666666666664,sma_minus_ewma
46,steady_k2,regime_conditional,observed,-0.02083333333333337,-0.02083333333333337,0.020833333333333336,1.7328282828282826,1.6666666666666665,-0.125,0.041666666666666664,sma_minus_ewma
46,steady_k2,regime_marginal,clean,-0.041666666666666664,-0.041666666666666664,0.0,,0.22916666666666607,-0.125,0.041666666666666664,sma_minus_ewma
46,steady_k2,regime_marginal,observed,-0.125,-0.125,0.0,1.5222222222222226,1.25,-0.125,0.041666666666666664,sma_minus_ewma
46,steady_m05,regime_conditional,clean,0.0,0.0,0.041666666666666664,0.5,0.041666666666666075,-0.125,0.041666666666666664,sma_minus_ewma
46,steady_m05,regime_conditional,observed,-0.041666666666666685,-0.041666666666666685,0.041666666666666664,3.55,0.4166666666666661,-0.125,0.041666666666666664,sma_minus_ewma
46,steady_m05,regime_marginal,clean,-0.041666666666666664,-0.041666666666666664,0.0,,0.4166666666666661,-0.125,0.041666666666666664,sma_minus_ewma
46,steady_m05,regime_marginal,observed,0.0,0.0,0.0,0.0,0.0,-0.125,0.041666666666666664,sma_minus_ewma
46,steady_m1,regime_conditional,clean,0.0,0.0,0.041666666666666664,0.5,0.041666666666666075,-0.125,0.041666666666666664,sma_minus_ewma
46,steady_m1,regime_conditional,observed,-0.041666666666666685,-0.041666666666666685,0.041666666666666664,1.75,0.666666666666667,-0.125,0.041666666666666664,sma_minus_ewma
46,steady_m1,regime_marginal,clean,-0.041666666666666664,-0.041666666666666664,0.0,,0.4166666666666661,-0.125,0.041666666666666664,sma_minus_ewma
46,steady_m1,regime_marginal,observed,0.04166666666666666,0.04166666666666666,0.0,2.0,0.08333333333333393,-0.125,0.041666666666666664,sma_minus_ewma
46,steady_m2_r10_k1,regime_conditional,clean,0.0,0.0,0.041666666666666664,0.5,0.041666666666666075,-0.125,0.041666666666666664,sma_minus_ewma
46,steady_m2_r10_k1,regime_conditional,observed,-0.16666666666666663,-0.16666666666666663,0.08333333333333333,1.3250000000000002,1.666666666666667,-0.125,0.041666666666666664,sma_minus_ewma
46,steady_m2_r10_k1,regime_marginal,clean,-0.041666666666666664,-0.041666666666666664,0.0,,0.4166666666666661,-0.125,0.041666666666666664,sma_minus_ewma
46,steady_m2_r10_k1,regime_marginal,observed,-0.125,-0.125,0.0,1.483193277310924,1.416666666666666,-0.125,0.041666666666666664,sma_minus_ewma
46,steady_m4,regime_conditional,clean,0.0,0.0,0.041666666666666664,0.5,0.041666666666666075,-0.125,0.041666666666666664,sma_minus_ewma
46,steady_m4,regime_conditional,observed,-0.04166666666666663,-0.08333333333333337,0.041666666666666664,1.753787878787879,2.291666666666667,-0.125,0.041666666666666664,sma_minus_ewma
46,steady_m4,regime_marginal,clean,-0.041666666666666664,-0.041666666666666664,0.0,,0.4166666666666661,-0.125,0.041666666666666664,sma_minus_ewma
46,steady_m4,regime_marginal,observed,-0.04166666666666663,-0.04166666666666663,0.0,1.726449275362319,1.8333333333333333,-0.125,0.041666666666666664,sma_minus_ewma
46,steady_r02,regime_conditional,clean,0.0,0.0,0.08333333333333333,0.0,0.0,-0.25,0.25,sma_minus_ewma
46,steady_r02,regime_conditional,observed,-0.5833333333333333,-0.5833333333333333,0.08333333333333333,0.22727272727272707,1.0833333333333335,-0.25,0.25,sma_minus_ewma
46,steady_r02,regime_marginal,clean,-0.08333333333333333,-0.08333333333333333,0.0,,0.16666666666666652,-0.25,0.25,sma_minus_ewma
46,steady_r02,regime_marginal,observed,-0.33333333333333337,-0.33333333333333337,0.0,-1.4,0.4166666666666665,-0.25,0.25,sma_minus_ewma
46,steady_r20,regime_conditional,clean,0.0,0.0,0.027777777777777776,0.33333333333333304,0.027777777777778567,-0.09259259259259267,0.0,sma_minus_ewma
46,steady_r20,regime_conditional,observed,0.0,0.0,0.027777777777777776,1.7428571428571429,1.6944444444444446,-0.09259259259259267,0.0,sma_minus_ewma
46,steady_r20,regime_marginal,clean,-0.027777777777777776,-0.027777777777777776,0.027777777777777776,7.5,0.4722222222222232,-0.09259259259259267,0.0,sma_minus_ewma
46,steady_r20,regime_marginal,observed,-0.02777777777777779,-0.05555555555555547,0.027777777777777776,1.416666666666667,1.583333333333334,-0.09259259259259267,0.0,sma_minus_ewma
46,switch_d0,regime_conditional,clean,-0.041666666666666664,-0.041666666666666664,0.041666666666666664,-2.5,0.20833333333333393,-0.16666666666666663,0.08333333333333333,sma_minus_ewma
46,switch_d0,regime_conditional,observed,-0.125,-0.16666666666666674,0.08333333333333333,1.906178489702517,2.3749999999999996,-0.16666666666666663,0.08333333333333333,sma_minus_ewma
46,switch_d0,regime_marginal,clean,0.0,0.0,0.041666666666666664,0.0,0.0,-0.16666666666666663,0.08333333333333333,sma_minus_ewma
46,switch_d0,regime_marginal,observed,-0.16666666666666663,-0.20833333333333337,0.041666666666666664,1.9188034188034186,2.083333333333333,-0.16666666666666663,0.08333333333333333,sma_minus_ewma
46,switch_d12,regime_conditional,clean,-0.041666666666666664,-0.041666666666666664,0.041666666666666664,-2.5,0.20833333333333393,-0.18055555555555547,0.041666666666666664,sma_minus_ewma
46,switch_d12,regime_conditional,observed,-0.08333333333333337,-0.125,0.08333333333333334,2.2456521739130433,2.5833333333333335,-0.18055555555555547,0.041666666666666664,sma_minus_ewma
46,switch_d12,regime_marginal,clean,0.0,0.0,0.041666666666666664,0.5,0.04166666666666785,-0.18055555555555547,0.041666666666666664,sma_minus_ewma
46,switch_d12,regime_marginal,observed,-0.16666666666666663,-0.20833333333333337,0.041666666666666664,2.358974358974359,2.333333333333333,-0.18055555555555547,0.041666666666666664,sma_minus_ewma
46,switch_d4,regime_conditional,clean,-0.041666666666666664,-0.041666666666666664,0.041666666666666664,-2.5,0.20833333333333393,-0.13888888888888884,0.041666666666666664,sma_minus_ewma
46,switch_d4,regime_conditional,observed,-0.08333333333333337,-0.125,0.08333333333333333,1.8456521739130438,2.2499999999999996,-0.13888888888888884,0.041666666666666664,sma_minus_ewma
46,switch_d4,regime_marginal,clean,0.0,0.0,0.041666666666666664,0.5,0.04166666666666785,-0.13888888888888884,0.041666666666666664,sma_minus_ewma
46,switch_d4,regime_marginal,observed,-0.16666666666666663,-0.20833333333333337,0.041666666666666664,1.974358974358974,2.125,-0.13888888888888884,0.041666666666666664,sma_minus_ewma
