seed,scenario,method,temporal,view,any_active_hit,fresh_onset_hit,pre_active,fresh_delay_detected,fresh_delay_capped,scoreable_fraction,fully_unavailable,event_channel_count
42,steady_k2,regime_conditional,ewma,clean,0.0,0.0,0.020833333333333332,,9.0,1.0,0.0,48
42,steady_k2,regime_conditional,ewma,observed,0.9375,0.8958333333333334,0.08333333333333333,3.0697674418604652,3.625,1.0,0.0,48
42,steady_k2,regime_conditional,point,clean,0.125,0.125,0.020833333333333332,7.5,8.5625,1.0,0.0,48
42,steady_k2,regime_conditional,point,observed,0.8958333333333334,0.8958333333333334,0.020833333333333332,1.7674418604651163,2.5833333333333335,1.0,0.0,48
42,steady_k2,regime_conditional,sma,clean,0.0,0.0,0.0,,9.0,0.9305555555555555,0.041666666666666664,48
42,steady_k2,regime_conditional,sma,observed,0.875,0.8541666666666666,0.0625,4.390243902439025,4.625,0.9305555555555555,0.041666666666666664,48
42,steady_k2,regime_marginal,ewma,clean,0.041666666666666664,0.0,0.0625,,9.0,1.0,0.0,48
42,steady_k2,regime_marginal,ewma,observed,0.8125,0.7708333333333334,0.10416666666666667,4.27027027027027,5.041666666666667,1.0,0.0,48
42,steady_k2,regime_marginal,point,clean,0.0,0.0,0.020833333333333332,,9.0,1.0,0.0,48
42,steady_k2,regime_marginal,point,observed,0.9583333333333334,0.9583333333333334,0.020833333333333332,2.239130434782609,2.5208333333333335,1.0,0.0,48
42,steady_k2,regime_marginal,sma,clean,0.041666666666666664,0.020833333333333332,0.041666666666666664,2.0,8.791666666666666,0.9305555555555555,0.041666666666666664,48
42,steady_k2,regime_marginal,sma,observed,0.6875,0.6458333333333334,0.08333333333333333,5.354838709677419,5.583333333333333,0.9305555555555555,0.041666666666666664,48
42,steady_m05,regime_conditional,ewma,clean,0.0,0.0,0.041666666666666664,,9.0,1.0,0.0,24
42,steady_m05,regime_conditional,ewma,observed,0.25,0.20833333333333334,0.041666666666666664,7.4,8.291666666666666,1.0,0.0,24
42,steady_m05,regime_conditional,point,clean,0.08333333333333333,0.08333333333333333,0.041666666666666664,9.0,8.75,1.0,0.0,24
42,steady_m05,regime_conditional,point,observed,0.125,0.125,0.041666666666666664,7.333333333333333,8.416666666666666,1.0,0.0,24
42,steady_m05,regime_conditional,sma,clean,0.0,0.0,0.0,,9.0,0.9305555555555555,0.041666666666666664,24
42,steady_m05,regime_conditional,sma,observed,0.20833333333333334,0.20833333333333334,0.0,5.6,7.916666666666667,0.9305555555555555,0.041666666666666664,24
42,steady_m05,regime_marginal,ewma,clean,0.041666666666666664,0.0,0.08333333333333333,,9.0,1.0,0.0,24
42,steady_m05,regime_marginal,ewma,observed,0.08333333333333333,0.041666666666666664,0.08333333333333333,5.0,8.708333333333334,1.0,0.0,24
42,steady_m05,regime_marginal,point,clean,0.0,0.0,0.041666666666666664,,9.0,1.0,0.0,24
42,steady_m05,regime_marginal,point,observed,0.08333333333333333,0.08333333333333333,0.041666666666666664,5.5,8.458333333333334,1.0,0.0,24
42,steady_m05,regime_marginal,sma,clean,0.041666666666666664,0.0,0.041666666666666664,,9.0,0.9305555555555555,0.041666666666666664,24
42,steady_m05,regime_marginal,sma,observed,0.041666666666666664,0.041666666666666664,0.041666666666666664,5.0,8.708333333333334,0.9305555555555555,0.041666666666666664,24
42,steady_m1,regime_conditional,ewma,clean,0.0,0.0,0.041666666666666664,,9.0,1.0,0.0,24
42,steady_m1,regime_conditional,ewma,observed,0.5833333333333334,0.5833333333333334,0.08333333333333333,5.142857142857143,5.75,1.0,0.0,24
42,steady_m1,regime_conditional,point,clean,0.08333333333333333,0.08333333333333333,0.041666666666666664,9.0,8.75,1.0,0.0,24
42,steady_m1,regime_conditional,point,observed,0.4583333333333333,0.4583333333333333,0.041666666666666664,3.8181818181818183,6.5,1.0,0.0,24
42,steady_m1,regime_conditional,sma,clean,0.0,0.0,0.0,,9.0,0.9305555555555555,0.041666666666666664,24
42,steady_m1,regime_conditional,sma,observed,0.5833333333333334,0.5416666666666666,0.041666666666666664,5.538461538461538,6.0,0.9305555555555555,0.041666666666666664,24
42,steady_m1,regime_marginal,ewma,clean,0.041666666666666664,0.0,0.08333333333333333,,9.0,1.0,0.0,24
42,steady_m1,regime_marginal,ewma,observed,0.3333333333333333,0.2916666666666667,0.08333333333333333,6.571428571428571,7.666666666666667,1.0,0.0,24
42,steady_m1,regime_marginal,point,clean,0.0,0.0,0.041666666666666664,,9.0,1.0,0.0,24
42,steady_m1,regime_marginal,point,observed,0.2916666666666667,0.2916666666666667,0.041666666666666664,4.285714285714286,7.5,1.0,0.0,24
42,steady_m1,regime_marginal,sma,clean,0.041666666666666664,0.0,0.041666666666666664,,9.0,0.9305555555555555,0.041666666666666664,24
42,steady_m1,regime_marginal,sma,observed,0.2916666666666667,0.2916666666666667,0.041666666666666664,6.714285714285714,7.708333333333333,0.9305555555555555,0.041666666666666664,24
42,steady_m2_r10_k1,regime_conditional,ewma,clean,0.0,0.0,0.041666666666666664,,9.0,1.0,0.0,24
42,steady_m2_r10_k1,regime_conditional,ewma,observed,1.0,0.9583333333333334,0.08333333333333333,2.608695652173913,3.0,1.0,0.0,24
42,steady_m2_r10_k1,regime_conditional,point,clean,0.08333333333333333,0.08333333333333333,0.041666666666666664,9.0,8.75,1.0,0.0,24
42,steady_m2_r10_k1,regime_conditional,point,observed,0.9583333333333334,0.9583333333333334,0.041666666666666664,1.4782608695652173,1.9166666666666667,1.0,0.0,24
42,steady_m2_r10_k1,regime_conditional,sma,clean,0.0,0.0,0.0,,9.0,0.9305555555555555,0.041666666666666664,24
42,steady_m2_r10_k1,regime_conditional,sma,observed,0.9166666666666666,0.875,0.041666666666666664,3.5238095238095237,3.8333333333333335,0.9305555555555555,0.041666666666666664,24
42,steady_m2_r10_k1,regime_marginal,ewma,clean,0.041666666666666664,0.0,0.08333333333333333,,9.0,1.0,0.0,24
42,steady_m2_r10_k1,regime_marginal,ewma,observed,0.8333333333333334,0.7916666666666666,0.125,4.2105263157894735,4.833333333333333,1.0,0.0,24
42,steady_m2_r10_k1,regime_marginal,point,clean,0.0,0.0,0.041666666666666664,,9.0,1.0,0.0,24
42,steady_m2_r10_k1,regime_marginal,point,observed,0.9583333333333334,0.9583333333333334,0.041666666666666664,2.4347826086956523,2.5833333333333335,1.0,0.0,24
42,steady_m2_r10_k1,regime_marginal,sma,clean,0.041666666666666664,0.0,0.041666666666666664,,9.0,0.9305555555555555,0.041666666666666664,24
42,steady_m2_r10_k1,regime_marginal,sma,observed,0.6666666666666666,0.625,0.08333333333333333,5.266666666666667,5.541666666666667,0.9305555555555555,0.041666666666666664,24
42,steady_m4,regime_conditional,ewma,clean,0.0,0.0,0.041666666666666664,,9.0,1.0,0.0,24
42,steady_m4,regime_conditional,ewma,observed,1.0,0.9583333333333334,0.08333333333333333,0.782608695652174,1.25,1.0,0.0,24
42,steady_m4,regime_conditional,point,clean,0.08333333333333333,0.08333333333333333,0.041666666666666664,9.0,8.75,1.0,0.0,24
42,steady_m4,regime_conditional,point,observed,1.0,0.9166666666666666,0.08333333333333333,0.0,0.75,1.0,0.0,24
42,steady_m4,regime_conditional,sma,clean,0.0,0.0,0.0,,9.0,0.9305555555555555,0.041666666666666664,24
42,steady_m4,regime_conditional,sma,observed,0.9583333333333334,0.9166666666666666,0.08333333333333333,1.8636363636363635,2.4583333333333335,0.9305555555555555,0.041666666666666664,24
42,steady_m4,regime_marginal,ewma,clean,0.041666666666666664,0.0,0.08333333333333333,,9.0,1.0,0.0,24
42,steady_m4,regime_marginal,ewma,observed,1.0,0.9583333333333334,0.125,1.826086956521739,2.25,1.0,0.0,24
42,steady_m4,regime_marginal,point,clean,0.0,0.0,0.041666666666666664,,9.0,1.0,0.0,24
42,steady_m4,regime_marginal,point,observed,1.0,0.9583333333333334,0.08333333333333333,0.4782608695652174,0.7083333333333334,1.0,0.0,24
42,steady_m4,regime_marginal,sma,clean,0.041666666666666664,0.0,0.041666666666666664,,9.0,0.9305555555555555,0.041666666666666664,24
42,steady_m4,regime_marginal,sma,observed,0.9583333333333334,0.9166666666666666,0.08333333333333333,3.090909090909091,3.3333333333333335,0.9305555555555555,0.041666666666666664,24
42,steady_r02,regime_conditional,ewma,clean,0.0,0.0,0.08333333333333333,,4.0,1.0,0.0,12
42,steady_r02,regime_conditional,ewma,observed,0.8333333333333334,0.75,0.08333333333333333,2.111111111111111,2.5833333333333335,1.0,0.0,12
42,steady_r02,regime_conditional,point,clean,0.0,0.0,0.08333333333333333,,4.0,1.0,0.0,12
42,steady_r02,regime_conditional,point,observed,0.75,0.75,0.08333333333333333,0.5555555555555556,1.4166666666666667,1.0,0.0,12
42,steady_r02,regime_conditional,sma,clean,0.0,0.0,0.0,,4.0,0.9166666666666666,0.08333333333333333,12
42,steady_r02,regime_conditional,sma,observed,0.5,0.5,0.0,2.0,3.0,0.9166666666666666,0.08333333333333333,12
42,steady_r02,regime_marginal,ewma,clean,0.08333333333333333,0.0,0.16666666666666666,,4.0,1.0,0.0,12
42,steady_r02,regime_marginal,ewma,observed,0.4166666666666667,0.3333333333333333,0.16666666666666666,2.25,3.4166666666666665,1.0,0.0,12
42,steady_r02,regime_marginal,point,clean,0.0,0.0,0.08333333333333333,,4.0,1.0,0.0,12
42,steady_r02,regime_marginal,point,observed,0.5833333333333334,0.5833333333333334,0.08333333333333333,1.0,2.25,1.0,0.0,12
42,steady_r02,regime_marginal,sma,clean,0.08333333333333333,0.0,0.08333333333333333,,4.0,0.9166666666666666,0.08333333333333333,12
42,steady_r02,regime_marginal,sma,observed,0.16666666666666666,0.16666666666666666,0.08333333333333333,1.5,3.5833333333333335,0.9166666666666666,0.08333333333333333,12
42,steady_r20,regime_conditional,ewma,clean,0.027777777777777776,0.027777777777777776,0.027777777777777776,9.0,11.916666666666666,1.0,0.0,36
42,steady_r20,regime_conditional,ewma,observed,1.0,0.9166666666666666,0.1111111111111111,2.4242424242424243,3.2222222222222223,1.0,0.0,36
42,steady_r20,regime_conditional,point,clean,0.1111111111111111,0.1111111111111111,0.027777777777777776,7.5,11.5,1.0,0.0,36
42,steady_r20,regime_conditional,point,observed,0.9722222222222222,0.9722222222222222,0.027777777777777776,1.2285714285714286,1.5277777777777777,1.0,0.0,36
42,steady_r20,regime_conditional,sma,clean,0.0,0.0,0.0,,12.0,0.9444444444444444,0.0,36
42,steady_r20,regime_conditional,sma,observed,1.0,0.9444444444444444,0.08333333333333333,3.9411764705882355,4.388888888888889,0.9444444444444444,0.0,36
42,steady_r20,regime_marginal,ewma,clean,0.05555555555555555,0.027777777777777776,0.05555555555555555,7.0,11.86111111111111,1.0,0.0,36
42,steady_r20,regime_marginal,ewma,observed,0.9166666666666666,0.8888888888888888,0.08333333333333333,4.125,5.0,1.0,0.0,36
42,steady_r20,regime_marginal,point,clean,0.05555555555555555,0.05555555555555555,0.027777777777777776,8.0,11.777777777777779,1.0,0.0,36
42,steady_r20,regime_marginal,point,observed,0.9722222222222222,0.9722222222222222,0.027777777777777776,2.914285714285714,3.1666666666666665,1.0,0.0,36
42,steady_r20,regime_marginal,sma,clean,0.05555555555555555,0.027777777777777776,0.027777777777777776,9.0,11.916666666666666,0.9444444444444444,0.0,36
42,steady_r20,regime_marginal,sma,observed,0.9444444444444444,0.9166666666666666,0.08333333333333333,5.575757575757576,6.111111111111111,0.9444444444444444,0.0,36
42,switch_d0,regime_conditional,ewma,clean,0.0,0.0,0.041666666666666664,,9.0,1.0,0.0,24
42,switch_d0,regime_conditional,ewma,observed,0.9583333333333334,0.9166666666666666,0.08333333333333333,2.5,3.0416666666666665,1.0,0.0,24
42,switch_d0,regime_conditional,point,clean,0.08333333333333333,0.08333333333333333,0.041666666666666664,9.0,8.75,1.0,0.0,24
42,switch_d0,regime_conditional,point,observed,0.9583333333333334,0.9583333333333334,0.041666666666666664,1.7391304347826086,2.1666666666666665,1.0,0.0,24
42,switch_d0,regime_conditional,sma,clean,0.0,0.0,0.0,,9.0,0.8333333333333334,0.08333333333333333,24
42,switch_d0,regime_conditional,sma,observed,0.8333333333333334,0.7916666666666666,0.041666666666666664,4.0,4.416666666666667,0.8333333333333334,0.08333333333333333,24
42,switch_d0,regime_marginal,ewma,clean,0.041666666666666664,0.0,0.041666666666666664,,9.0,1.0,0.0,24
42,switch_d0,regime_marginal,ewma,observed,0.75,0.75,0.08333333333333333,3.7222222222222223,4.291666666666667,1.0,0.0,24
42,switch_d0,regime_marginal,point,clean,0.0,0.0,0.0,,9.0,1.0,0.0,24
42,switch_d0,regime_marginal,point,observed,0.9166666666666666,0.9166666666666666,0.0,1.8636363636363635,2.4583333333333335,1.0,0.0,24
42,switch_d0,regime_marginal,sma,clean,0.041666666666666664,0.0,0.041666666666666664,,9.0,0.8333333333333334,0.08333333333333333,24
42,switch_d0,regime_marginal,sma,observed,0.7083333333333334,0.6666666666666666,0.08333333333333333,5.25,5.5,0.8333333333333334,0.08333333333333333,24
42,switch_d12,regime_conditional,ewma,clean,0.125,0.125,0.08333333333333333,1.6666666666666667,7.958333333333333,1.0,0.0,24
42,switch_d12,regime_conditional,ewma,observed,0.9583333333333334,0.9166666666666666,0.125,2.227272727272727,2.7916666666666665,1.0,0.0,24
42,switch_d12,regime_conditional,point,clean,0.16666666666666666,0.16666666666666666,0.08333333333333333,3.0,7.75,1.0,0.0,24
42,switch_d12,regime_conditional,point,observed,1.0,1.0,0.08333333333333333,1.4166666666666667,1.4166666666666667,1.0,0.0,24
42,switch_d12,regime_conditional,sma,clean,0.125,0.125,0.041666666666666664,2.3333333333333335,8.041666666666666,0.8888888888888888,0.08333333333333333,24
42,switch_d12,regime_conditional,sma,observed,0.8333333333333334,0.7916666666666666,0.08333333333333333,3.210526315789474,3.7916666666666665,0.8888888888888888,0.08333333333333333,24
42,switch_d12,regime_marginal,ewma,clean,0.125,0.08333333333333333,0.041666666666666664,0.0,8.25,1.0,0.0,24
42,switch_d12,regime_marginal,ewma,observed,0.7916666666666666,0.7916666666666666,0.08333333333333333,3.3684210526315788,4.166666666666667,1.0,0.0,24
42,switch_d12,regime_marginal,point,clean,0.08333333333333333,0.08333333333333333,0.0,0.0,8.25,1.0,0.0,24
42,switch_d12,regime_marginal,point,observed,0.9166666666666666,0.9166666666666666,0.0,1.5454545454545454,2.1666666666666665,1.0,0.0,24
42,switch_d12,regime_marginal,sma,clean,0.125,0.08333333333333333,0.041666666666666664,1.0,8.333333333333334,0.8888888888888888,0.08333333333333333,24
42,switch_d12,regime_marginal,sma,observed,0.7083333333333334,0.6666666666666666,0.08333333333333333,4.375,5.166666666666667,0.8888888888888888,0.08333333333333333,24
42,switch_d4,regime_conditional,ewma,clean,0.08333333333333333,0.08333333333333333,0.041666666666666664,0.0,8.25,1.0,0.0,24
42,switch_d4,regime_conditional,ewma,observed,0.9583333333333334,0.9166666666666666,0.08333333333333333,2.227272727272727,2.7916666666666665,1.0,0.0,24
42,switch_d4,regime_conditional,point,clean,0.16666666666666666,0.16666666666666666,0.041666666666666664,3.0,7.75,1.0,0.0,24
42,switch_d4,regime_conditional,point,observed,1.0,1.0,0.041666666666666664,1.4166666666666667,1.4166666666666667,1.0,0.0,24
42,switch_d4,regime_conditional,sma,clean,0.08333333333333333,0.08333333333333333,0.0,0.5,8.291666666666666,0.8611111111111112,0.041666666666666664,24
42,switch_d4,regime_conditional,sma,observed,0.875,0.8333333333333334,0.041666666666666664,3.2,3.6666666666666665,0.8611111111111112,0.041666666666666664,24
42,switch_d4,regime_marginal,ewma,clean,0.125,0.08333333333333333,0.041666666666666664,0.0,8.25,1.0,0.0,24
42,switch_d4,regime_marginal,ewma,observed,0.7916666666666666,0.7916666666666666,0.08333333333333333,3.473684210526316,4.0,1.0,0.0,24
42,switch_d4,regime_marginal,point,clean,0.08333333333333333,0.08333333333333333,0.0,0.0,8.25,1.0,0.0,24
42,switch_d4,regime_marginal,point,observed,0.9583333333333334,0.9583333333333334,0.0,1.6956521739130435,1.875,1.0,0.0,24
42,switch_d4,regime_marginal,sma,clean,0.125,0.08333333333333333,0.041666666666666664,1.0,8.333333333333334,0.8611111111111112,0.041666666666666664,24
42,switch_d4,regime_marginal,sma,observed,0.7083333333333334,0.6666666666666666,0.08333333333333333,4.375,5.166666666666667,0.8611111111111112,0.041666666666666664,24
43,steady_k2,regime_conditional,ewma,clean,0.08333333333333333,0.08333333333333333,0.0,3.25,8.270833333333334,1.0,0.0,48
43,steady_k2,regime_conditional,ewma,observed,0.9375,0.9375,0.020833333333333332,2.066666666666667,2.5625,1.0,0.0,48
43,steady_k2,regime_conditional,point,clean,0.08333333333333333,0.08333333333333333,0.0,2.0,8.416666666666666,1.0,0.0,48
43,steady_k2,regime_conditional,point,observed,0.8125,0.8125,0.020833333333333332,0.717948717948718,2.2083333333333335,1.0,0.0,48
43,steady_k2,regime_conditional,sma,clean,0.020833333333333332,0.020833333333333332,0.0,4.0,8.833333333333334,0.9722222222222222,0.0,48
43,steady_k2,regime_conditional,sma,observed,0.8958333333333334,0.875,0.020833333333333332,3.7142857142857144,4.125,0.9722222222222222,0.0,48
43,steady_k2,regime_marginal,ewma,clean,0.041666666666666664,0.041666666666666664,0.0,4.5,8.6875,1.0,0.0,48
43,steady_k2,regime_marginal,ewma,observed,0.7291666666666666,0.7291666666666666,0.020833333333333332,3.8857142857142857,4.833333333333333,1.0,0.0,48
43,steady_k2,regime_marginal,point,clean,0.125,0.125,0.0,4.333333333333333,8.416666666666666,1.0,0.0,48
43,steady_k2,regime_marginal,point,observed,0.8125,0.8125,0.0,1.3846153846153846,2.625,1.0,0.0,48
43,steady_k2,regime_marginal,sma,clean,0.041666666666666664,0.041666666666666664,0.0,6.5,8.770833333333334,0.9722222222222222,0.0,48
43,steady_k2,regime_marginal,sma,observed,0.7083333333333334,0.6875,0.020833333333333332,5.333333333333333,5.791666666666667,0.9722222222222222,0.0,48
43,steady_m05,regime_conditional,ewma,clean,0.08333333333333333,0.08333333333333333,0.0,5.5,8.458333333333334,1.0,0.0,24
43,steady_m05,regime_conditional,ewma,observed,0.125,0.125,0.0,2.3333333333333335,8.041666666666666,1.0,0.0,24
43,steady_m05,regime_conditional,point,clean,0.125,0.125,0.0,2.0,8.25,1.0,0.0,24
43,steady_m05,regime_conditional,point,observed,0.20833333333333334,0.20833333333333334,0.0,3.2,7.666666666666667,1.0,0.0,24
43,steady_m05,regime_conditional,sma,clean,0.0,0.0,0.0,,9.0,0.9722222222222222,0.0,24
43,steady_m05,regime_conditional,sma,observed,0.08333333333333333,0.08333333333333333,0.0,5.5,8.708333333333334,0.9722222222222222,0.0,24
43,steady_m05,regime_marginal,ewma,clean,0.041666666666666664,0.041666666666666664,0.0,7.0,8.791666666666666,1.0,0.0,24
43,steady_m05,regime_marginal,ewma,observed,0.041666666666666664,0.041666666666666664,0.0,3.0,8.625,1.0,0.0,24
43,steady_m05,regime_marginal,point,clean,0.20833333333333334,0.20833333333333334,0.0,4.8,8.25,1.0,0.0,24
43,steady_m05,regime_marginal,point,observed,0.125,0.125,0.0,3.6666666666666665,8.458333333333334,1.0,0.0,24
43,steady_m05,regime_marginal,sma,clean,0.041666666666666664,0.041666666666666664,0.0,9.0,8.875,0.9722222222222222,0.0,24
43,steady_m05,regime_marginal,sma,observed,0.041666666666666664,0.041666666666666664,0.0,8.0,8.833333333333334,0.9722222222222222,0.0,24
43,steady_m1,regime_conditional,ewma,clean,0.08333333333333333,0.08333333333333333,0.0,5.5,8.458333333333334,1.0,0.0,24
43,steady_m1,regime_conditional,ewma,observed,0.5,0.5,0.0,5.166666666666667,6.583333333333333,1.0,0.0,24
43,steady_m1,regime_conditional,point,clean,0.125,0.125,0.0,2.0,8.25,1.0,0.0,24
43,steady_m1,regime_conditional,point,observed,0.4583333333333333,0.4583333333333333,0.0,3.909090909090909,6.291666666666667,1.0,0.0,24
43,steady_m1,regime_conditional,sma,clean,0.0,0.0,0.0,,9.0,0.9722222222222222,0.0,24
43,steady_m1,regime_conditional,sma,observed,0.5,0.5,0.0,6.25,6.875,0.9722222222222222,0.0,24
43,steady_m1,regime_marginal,ewma,clean,0.041666666666666664,0.041666666666666664,0.0,7.0,8.791666666666666,1.0,0.0,24
43,steady_m1,regime_marginal,ewma,observed,0.125,0.125,0.0,2.0,8.0,1.0,0.0,24
43,steady_m1,regime_marginal,point,clean,0.20833333333333334,0.20833333333333334,0.0,4.8,8.25,1.0,0.0,24
43,steady_m1,regime_marginal,point,observed,0.3333333333333333,0.3333333333333333,0.0,3.125,6.791666666666667,1.0,0.0,24
43,steady_m1,regime_marginal,sma,clean,0.041666666666666664,0.041666666666666664,0.0,9.0,8.875,0.9722222222222222,0.0,24
43,steady_m1,regime_marginal,sma,observed,0.125,0.125,0.0,6.333333333333333,8.291666666666666,0.9722222222222222,0.0,24
43,steady_m2_r10_k1,regime_conditional,ewma,clean,0.08333333333333333,0.08333333333333333,0.0,5.5,8.458333333333334,1.0,0.0,24
43,steady_m2_r10_k1,regime_conditional,ewma,observed,1.0,1.0,0.0,2.0833333333333335,2.0833333333333335,1.0,0.0,24
43,steady_m2_r10_k1,regime_conditional,point,clean,0.125,0.125,0.0,2.0,8.25,1.0,0.0,24
43,steady_m2_r10_k1,regime_conditional,point,observed,0.9583333333333334,0.9583333333333334,0.0,1.7391304347826086,1.9166666666666667,1.0,0.0,24
43,steady_m2_r10_k1,regime_conditional,sma,clean,0.0,0.0,0.0,,9.0,0.9722222222222222,0.0,24
43,steady_m2_r10_k1,regime_conditional,sma,observed,1.0,1.0,0.0,3.5833333333333335,3.5833333333333335,0.9722222222222222,0.0,24
43,steady_m2_r10_k1,regime_marginal,ewma,clean,0.041666666666666664,0.041666666666666664,0.0,7.0,8.791666666666666,1.0,0.0,24
43,steady_m2_r10_k1,regime_marginal,ewma,observed,0.75,0.75,0.0,4.166666666666667,5.125,1.0,0.0,24
43,steady_m2_r10_k1,regime_marginal,point,clean,0.20833333333333334,0.20833333333333334,0.0,4.8,8.25,1.0,0.0,24
43,steady_m2_r10_k1,regime_marginal,point,observed,0.7916666666666666,0.7916666666666666,0.0,1.4736842105263157,2.9166666666666665,1.0,0.0,24
43,steady_m2_r10_k1,regime_marginal,sma,clean,0.041666666666666664,0.041666666666666664,0.0,9.0,8.875,0.9722222222222222,0.0,24
43,steady_m2_r10_k1,regime_marginal,sma,observed,0.6666666666666666,0.6666666666666666,0.0,5.4375,6.125,0.9722222222222222,0.0,24
43,steady_m4,regime_conditional,ewma,clean,0.08333333333333333,0.08333333333333333,0.0,5.5,8.458333333333334,1.0,0.0,24
43,steady_m4,regime_conditional,ewma,observed,1.0,0.9583333333333334,0.041666666666666664,0.5217391304347826,0.75,1.0,0.0,24
43,steady_m4,regime_conditional,point,clean,0.125,0.125,0.0,2.0,8.25,1.0,0.0,24
43,steady_m4,regime_conditional,point,observed,1.0,0.9583333333333334,0.041666666666666664,0.0,0.25,1.0,0.0,24
43,steady_m4,regime_conditional,sma,clean,0.0,0.0,0.0,,9.0,0.9722222222222222,0.0,24
43,steady_m4,regime_conditional,sma,observed,1.0,0.9583333333333334,0.041666666666666664,1.608695652173913,1.7916666666666667,0.9722222222222222,0.0,24
43,steady_m4,regime_marginal,ewma,clean,0.041666666666666664,0.041666666666666664,0.0,7.0,8.791666666666666,1.0,0.0,24
43,steady_m4,regime_marginal,ewma,observed,1.0,1.0,0.0,1.375,1.375,1.0,0.0,24
43,steady_m4,regime_marginal,point,clean,0.20833333333333334,0.20833333333333334,0.0,4.8,8.25,1.0,0.0,24
43,steady_m4,regime_marginal,point,observed,1.0,1.0,0.0,0.0,0.0,1.0,0.0,24
43,steady_m4,regime_marginal,sma,clean,0.041666666666666664,0.041666666666666664,0.0,9.0,8.875,0.9722222222222222,0.0,24
43,steady_m4,regime_marginal,sma,observed,1.0,1.0,0.0,2.9166666666666665,2.9166666666666665,0.9722222222222222,0.0,24
43,steady_r02,regime_conditional,ewma,clean,0.08333333333333333,0.08333333333333333,0.0,1.0,3.75,1.0,0.0,12
43,steady_r02,regime_conditional,ewma,observed,0.6666666666666666,0.6666666666666666,0.0,1.5,2.3333333333333335,1.0,0.0,12
43,steady_r02,regime_conditional,point,clean,0.0,0.0,0.0,,4.0,1.0,0.0,12
43,steady_r02,regime_conditional,point,observed,0.8333333333333334,0.8333333333333334,0.0,1.4,1.8333333333333333,1.0,0.0,12
43,steady_r02,regime_conditional,sma,clean,0.0,0.0,0.0,,4.0,0.9166666666666666,0.08333333333333333,12
43,steady_r02,regime_conditional,sma,observed,0.5,0.5,0.0,2.3333333333333335,3.1666666666666665,0.9166666666666666,0.08333333333333333,12
43,steady_r02,regime_marginal,ewma,clean,0.0,0.0,0.0,,4.0,1.0,0.0,12
43,steady_r02,regime_marginal,ewma,observed,0.16666666666666666,0.16666666666666666,0.0,1.5,3.5833333333333335,1.0,0.0,12
43,steady_r02,regime_marginal,point,clean,0.0,0.0,0.0,,4.0,1.0,0.0,12
43,steady_r02,regime_marginal,point,observed,0.75,0.75,0.0,1.3333333333333333,2.0,1.0,0.0,12
43,steady_r02,regime_marginal,sma,clean,0.0,0.0,0.0,,4.0,0.9166666666666666,0.08333333333333333,12
43,steady_r02,regime_marginal,sma,observed,0.16666666666666666,0.16666666666666666,0.0,3.0,3.8333333333333335,0.9166666666666666,0.08333333333333333,12
43,steady_r20,regime_conditional,ewma,clean,0.08333333333333333,0.08333333333333333,0.0,5.333333333333333,11.444444444444445,1.0,0.0,36
43,steady_r20,regime_conditional,ewma,observed,1.0,1.0,0.05555555555555555,2.1944444444444446,2.1944444444444446,1.0,0.0,36
43,steady_r20,regime_conditional,point,clean,0.16666666666666666,0.16666666666666666,0.027777777777777776,5.0,10.833333333333334,1.0,0.0,36
43,steady_r20,regime_conditional,point,observed,1.0,1.0,0.05555555555555555,1.9166666666666667,1.9166666666666667,1.0,0.0,36
43,steady_r20,regime_conditional,sma,clean,0.027777777777777776,0.027777777777777776,0.0,6.0,11.833333333333334,0.9444444444444444,0.0,36
43,steady_r20,regime_conditional,sma,observed,1.0,1.0,0.05555555555555555,3.7777777777777777,3.7777777777777777,0.9444444444444444,0.0,36
43,steady_r20,regime_marginal,ewma,clean,0.08333333333333333,0.08333333333333333,0.0,6.0,11.5,1.0,0.0,36
43,steady_r20,regime_marginal,ewma,observed,0.9166666666666666,0.9166666666666666,0.0,4.121212121212121,4.777777777777778,1.0,0.0,36
43,steady_r20,regime_marginal,point,clean,0.25,0.25,0.027777777777777776,6.0,10.5,1.0,0.0,36
43,steady_r20,regime_marginal,point,observed,0.9166666666666666,0.9166666666666666,0.027777777777777776,2.1515151515151514,2.9722222222222223,1.0,0.0,36
43,steady_r20,regime_marginal,sma,clean,0.08333333333333333,0.08333333333333333,0.0,6.0,11.5,0.9444444444444444,0.0,36
43,steady_r20,regime_marginal,sma,observed,0.9166666666666666,0.9166666666666666,0.0,5.515151515151516,6.055555555555555,0.9444444444444444,0.0,36
43,switch_d0,regime_conditional,ewma,clean,0.041666666666666664,0.041666666666666664,0.0,1.0,8.541666666666666,1.0,0.0,24
43,switch_d0,regime_conditional,ewma,observed,1.0,1.0,0.0,1.9583333333333333,1.9583333333333333,1.0,0.0,24
43,switch_d0,regime_conditional,point,clean,0.125,0.125,0.0,2.0,8.25,1.0,0.0,24
43,switch_d0,regime_conditional,point,observed,0.9583333333333334,0.9583333333333334,0.0,1.608695652173913,2.0416666666666665,1.0,0.0,24
43,switch_d0,regime_conditional,sma,clean,0.041666666666666664,0.0,0.041666666666666664,,9.0,0.8472222222222222,0.041666666666666664,24
43,switch_d0,regime_conditional,sma,observed,0.9583333333333334,0.9583333333333334,0.041666666666666664,4.130434782608695,4.208333333333333,0.8472222222222222,0.041666666666666664,24
43,switch_d0,regime_marginal,ewma,clean,0.041666666666666664,0.041666666666666664,0.0,10.0,8.916666666666666,1.0,0.0,24
43,switch_d0,regime_marginal,ewma,observed,0.75,0.75,0.0,3.7777777777777777,4.833333333333333,1.0,0.0,24
43,switch_d0,regime_marginal,point,clean,0.16666666666666666,0.16666666666666666,0.0,4.75,8.291666666666666,1.0,0.0,24
43,switch_d0,regime_marginal,point,observed,0.75,0.75,0.0,1.3333333333333333,3.0,1.0,0.0,24
43,switch_d0,regime_marginal,sma,clean,0.041666666666666664,0.041666666666666664,0.0,10.0,8.916666666666666,0.8472222222222222,0.041666666666666664,24
43,switch_d0,regime_marginal,sma,observed,0.625,0.625,0.0,5.333333333333333,6.083333333333333,0.8472222222222222,0.041666666666666664,24
43,switch_d12,regime_conditional,ewma,clean,0.20833333333333334,0.20833333333333334,0.125,1.0,6.958333333333333,1.0,0.0,24
43,switch_d12,regime_conditional,ewma,observed,0.9583333333333334,0.9583333333333334,0.125,2.130434782608696,2.5416666666666665,1.0,0.0,24
43,switch_d12,regime_conditional,point,clean,0.25,0.25,0.041666666666666664,1.5,6.875,1.0,0.0,24
43,switch_d12,regime_conditional,point,observed,0.9166666666666666,0.9166666666666666,0.041666666666666664,1.5,2.375,1.0,0.0,24
43,switch_d12,regime_conditional,sma,clean,0.20833333333333334,0.16666666666666666,0.16666666666666666,1.5,7.5,0.8194444444444445,0.125,24
43,switch_d12,regime_conditional,sma,observed,0.8333333333333334,0.8333333333333334,0.16666666666666666,3.7,4.333333333333333,0.8194444444444445,0.125,24
43,switch_d12,regime_marginal,ewma,clean,0.08333333333333333,0.08333333333333333,0.125,0.0,8.25,1.0,0.0,24
43,switch_d12,regime_marginal,ewma,observed,0.7916666666666666,0.7916666666666666,0.125,3.4210526315789473,4.208333333333333,1.0,0.0,24
43,switch_d12,regime_marginal,point,clean,0.125,0.125,0.0,0.0,8.0,1.0,0.0,24
43,switch_d12,regime_marginal,point,observed,0.7916666666666666,0.7916666666666666,0.0,1.1578947368421053,2.4166666666666665,1.0,0.0,24
43,switch_d12,regime_marginal,sma,clean,0.08333333333333333,0.08333333333333333,0.08333333333333333,1.0,8.333333333333334,0.8194444444444445,0.125,24
43,switch_d12,regime_marginal,sma,observed,0.6666666666666666,0.6666666666666666,0.08333333333333333,4.5625,5.291666666666667,0.8194444444444445,0.125,24
43,switch_d4,regime_conditional,ewma,clean,0.20833333333333334,0.20833333333333334,0.0,1.0,6.958333333333333,1.0,0.0,24
43,switch_d4,regime_conditional,ewma,observed,1.0,1.0,0.0,2.2083333333333335,2.2083333333333335,1.0,0.0,24
43,switch_d4,regime_conditional,point,clean,0.25,0.25,0.0,1.5,6.875,1.0,0.0,24
43,switch_d4,regime_conditional,point,observed,0.9583333333333334,0.9583333333333334,0.0,1.608695652173913,2.0416666666666665,1.0,0.0,24
43,switch_d4,regime_conditional,sma,clean,0.20833333333333334,0.16666666666666666,0.041666666666666664,1.5,7.5,0.875,0.0,24
43,switch_d4,regime_conditional,sma,observed,0.9166666666666666,0.9166666666666666,0.041666666666666664,3.3181818181818183,4.041666666666667,0.875,0.0,24
43,switch_d4,regime_marginal,ewma,clean,0.08333333333333333,0.08333333333333333,0.0,0.0,8.25,1.0,0.0,24
43,switch_d4,regime_marginal,ewma,observed,0.75,0.75,0.0,3.3333333333333335,4.5,1.0,0.0,24
43,switch_d4,regime_marginal,point,clean,0.16666666666666666,0.16666666666666666,0.0,2.25,7.875,1.0,0.0,24
43,switch_d4,regime_marginal,point,observed,0.7916666666666666,0.7916666666666666,0.0,1.1578947368421053,2.4166666666666665,1.0,0.0,24
43,switch_d4,regime_marginal,sma,clean,0.08333333333333333,0.08333333333333333,0.0,1.0,8.333333333333334,0.875,0.0,24
43,switch_d4,regime_marginal,sma,observed,0.625,0.625,0.0,4.466666666666667,5.791666666666667,0.875,0.0,24
44,steady_k2,regime_conditional,ewma,clean,0.10416666666666667,0.10416666666666667,0.0,5.4,8.4375,1.0,0.0,48
44,steady_k2,regime_conditional,ewma,observed,0.9583333333333334,0.9375,0.08333333333333333,2.466666666666667,2.6875,1.0,0.0,48
44,steady_k2,regime_conditional,point,clean,0.10416666666666667,0.10416666666666667,0.0,3.8,8.645833333333334,1.0,0.0,48
44,steady_k2,regime_conditional,point,observed,0.8541666666666666,0.8333333333333334,0.041666666666666664,1.075,2.1458333333333335,1.0,0.0,48
44,steady_k2,regime_conditional,sma,clean,0.041666666666666664,0.041666666666666664,0.0,5.5,8.729166666666666,0.9583333333333334,0.041666666666666664,48
44,steady_k2,regime_conditional,sma,observed,0.875,0.8333333333333334,0.08333333333333333,3.475,3.8958333333333335,0.9583333333333334,0.041666666666666664,48
44,steady_k2,regime_marginal,ewma,clean,0.020833333333333332,0.020833333333333332,0.0,7.0,8.895833333333334,1.0,0.0,48
44,steady_k2,regime_marginal,ewma,observed,0.75,0.7291666666666666,0.0625,4.6571428571428575,5.395833333333333,1.0,0.0,48
44,steady_k2,regime_marginal,point,clean,0.020833333333333332,0.020833333333333332,0.0,3.0,8.9375,1.0,0.0,48
44,steady_k2,regime_marginal,point,observed,0.7916666666666666,0.7916666666666666,0.020833333333333332,2.8947368421052633,3.9166666666666665,1.0,0.0,48
44,steady_k2,regime_marginal,sma,clean,0.020833333333333332,0.020833333333333332,0.0,11.0,8.979166666666666,0.9583333333333334,0.041666666666666664,48
44,steady_k2,regime_marginal,sma,observed,0.5833333333333334,0.5416666666666666,0.08333333333333333,5.230769230769231,6.083333333333333,0.9583333333333334,0.041666666666666664,48
44,steady_m05,regime_conditional,ewma,clean,0.125,0.125,0.0,7.0,8.625,1.0,0.0,24
44,steady_m05,regime_conditional,ewma,observed,0.25,0.25,0.041666666666666664,4.666666666666667,7.666666666666667,1.0,0.0,24
44,steady_m05,regime_conditional,point,clean,0.041666666666666664,0.041666666666666664,0.0,3.0,8.875,1.0,0.0,24
44,steady_m05,regime_conditional,point,observed,0.125,0.125,0.0,4.666666666666667,8.583333333333334,1.0,0.0,24
44,steady_m05,regime_conditional,sma,clean,0.0,0.0,0.0,,9.0,0.9583333333333334,0.041666666666666664,24
44,steady_m05,regime_conditional,sma,observed,0.125,0.125,0.041666666666666664,4.0,8.25,0.9583333333333334,0.041666666666666664,24
44,steady_m05,regime_marginal,ewma,clean,0.0,0.0,0.0,,9.0,1.0,0.0,24
44,steady_m05,regime_marginal,ewma,observed,0.041666666666666664,0.041666666666666664,0.0,5.0,8.958333333333334,1.0,0.0,24
44,steady_m05,regime_marginal,point,clean,0.041666666666666664,0.041666666666666664,0.0,3.0,8.875,1.0,0.0,24
44,steady_m05,regime_marginal,point,observed,0.041666666666666664,0.041666666666666664,0.0,3.0,8.875,1.0,0.0,24
44,steady_m05,regime_marginal,sma,clean,0.0,0.0,0.0,,9.0,0.9583333333333334,0.041666666666666664,24
44,steady_m05,regime_marginal,sma,observed,0.0,0.0,0.0,,9.0,0.9583333333333334,0.041666666666666664,24
44,steady_m1,regime_conditional,ewma,clean,0.125,0.125,0.0,7.0,8.625,1.0,0.0,24
44,steady_m1,regime_conditional,ewma,observed,0.625,0.5416666666666666,0.08333333333333333,4.461538461538462,6.166666666666667,1.0,0.0,24
44,steady_m1,regime_conditional,point,clean,0.041666666666666664,0.041666666666666664,0.0,3.0,8.875,1.0,0.0,24
44,steady_m1,regime_conditional,point,observed,0.5,0.5,0.0,3.75,6.125,1.0,0.0,24
44,steady_m1,regime_conditional,sma,clean,0.0,0.0,0.0,,9.0,0.9583333333333334,0.041666666666666664,24
44,steady_m1,regime_conditional,sma,observed,0.4583333333333333,0.375,0.08333333333333333,4.555555555555555,6.958333333333333,0.9583333333333334,0.041666666666666664,24
44,steady_m1,regime_marginal,ewma,clean,0.0,0.0,0.0,,9.0,1.0,0.0,24
44,steady_m1,regime_marginal,ewma,observed,0.125,0.125,0.041666666666666664,6.0,8.5,1.0,0.0,24
44,steady_m1,regime_marginal,point,clean,0.041666666666666664,0.041666666666666664,0.0,3.0,8.875,1.0,0.0,24
44,steady_m1,regime_marginal,point,observed,0.125,0.125,0.0,4.0,8.25,1.0,0.0,24
44,steady_m1,regime_marginal,sma,clean,0.0,0.0,0.0,,9.0,0.9583333333333334,0.041666666666666664,24
44,steady_m1,regime_marginal,sma,observed,0.08333333333333333,0.08333333333333333,0.041666666666666664,6.5,8.791666666666666,0.9583333333333334,0.041666666666666664,24
44,steady_m2_r10_k1,regime_conditional,ewma,clean,0.125,0.125,0.0,7.0,8.625,1.0,0.0,24
44,steady_m2_r10_k1,regime_conditional,ewma,observed,0.9583333333333334,0.9166666666666666,0.08333333333333333,2.3636363636363638,2.6666666666666665,1.0,0.0,24
44,steady_m2_r10_k1,regime_conditional,point,clean,0.041666666666666664,0.041666666666666664,0.0,3.0,8.875,1.0,0.0,24
44,steady_m2_r10_k1,regime_conditional,point,observed,0.9583333333333334,0.9583333333333334,0.08333333333333333,1.391304347826087,1.5833333333333333,1.0,0.0,24
44,steady_m2_r10_k1,regime_conditional,sma,clean,0.0,0.0,0.0,,9.0,0.9583333333333334,0.041666666666666664,24
44,steady_m2_r10_k1,regime_conditional,sma,observed,0.9166666666666666,0.8333333333333334,0.08333333333333333,3.45,3.875,0.9583333333333334,0.041666666666666664,24
44,steady_m2_r10_k1,regime_marginal,ewma,clean,0.0,0.0,0.0,,9.0,1.0,0.0,24
44,steady_m2_r10_k1,regime_marginal,ewma,observed,0.7083333333333334,0.6666666666666666,0.08333333333333333,5.125,5.916666666666667,1.0,0.0,24
44,steady_m2_r10_k1,regime_marginal,point,clean,0.041666666666666664,0.041666666666666664,0.0,3.0,8.875,1.0,0.0,24
44,steady_m2_r10_k1,regime_marginal,point,observed,0.7083333333333334,0.7083333333333334,0.041666666666666664,3.5294117647058822,4.75,1.0,0.0,24
44,steady_m2_r10_k1,regime_marginal,sma,clean,0.0,0.0,0.0,,9.0,0.9583333333333334,0.041666666666666664,24
44,steady_m2_r10_k1,regime_marginal,sma,observed,0.5416666666666666,0.4583333333333333,0.08333333333333333,5.454545454545454,6.5,0.9583333333333334,0.041666666666666664,24
44,steady_m4,regime_conditional,ewma,clean,0.125,0.125,0.0,7.0,8.625,1.0,0.0,24
44,steady_m4,regime_conditional,ewma,observed,1.0,1.0,0.08333333333333333,0.875,0.875,1.0,0.0,24
44,steady_m4,regime_conditional,point,clean,0.041666666666666664,0.041666666666666664,0.0,3.0,8.875,1.0,0.0,24
44,steady_m4,regime_conditional,point,observed,1.0,0.9166666666666666,0.08333333333333333,0.0,0.5,1.0,0.0,24
44,steady_m4,regime_conditional,sma,clean,0.0,0.0,0.0,,9.0,0.9583333333333334,0.041666666666666664,24
44,steady_m4,regime_conditional,sma,observed,0.9583333333333334,0.9583333333333334,0.08333333333333333,1.826086956521739,2.0,0.9583333333333334,0.041666666666666664,24
44,steady_m4,regime_marginal,ewma,clean,0.0,0.0,0.0,,9.0,1.0,0.0,24
44,steady_m4,regime_marginal,ewma,observed,1.0,0.9166666666666666,0.08333333333333333,1.7272727272727273,2.0833333333333335,1.0,0.0,24
44,steady_m4,regime_marginal,point,clean,0.041666666666666664,0.041666666666666664,0.0,3.0,8.875,1.0,0.0,24
44,steady_m4,regime_marginal,point,observed,1.0,1.0,0.08333333333333333,0.20833333333333334,0.20833333333333334,1.0,0.0,24
44,steady_m4,regime_marginal,sma,clean,0.0,0.0,0.0,,9.0,0.9583333333333334,0.041666666666666664,24
44,steady_m4,regime_marginal,sma,observed,0.9166666666666666,0.8333333333333334,0.08333333333333333,2.9,3.4166666666666665,0.9583333333333334,0.041666666666666664,24
44,steady_r02,regime_conditional,ewma,clean,0.0,0.0,0.0,,4.0,1.0,0.0,12
44,steady_r02,regime_conditional,ewma,observed,0.75,0.75,0.0,1.2222222222222223,1.9166666666666667,1.0,0.0,12
44,steady_r02,regime_conditional,point,clean,0.0,0.0,0.0,,4.0,1.0,0.0,12
44,steady_r02,regime_conditional,point,observed,0.8333333333333334,0.8333333333333334,0.0,0.4,1.0,1.0,0.0,12
44,steady_r02,regime_conditional,sma,clean,0.0,0.0,0.0,,4.0,1.0,0.0,12
44,steady_r02,regime_conditional,sma,observed,0.5,0.5,0.0,1.8333333333333333,2.9166666666666665,1.0,0.0,12
44,steady_r02,regime_marginal,ewma,clean,0.0,0.0,0.0,,4.0,1.0,0.0,12
44,steady_r02,regime_marginal,ewma,observed,0.3333333333333333,0.3333333333333333,0.0,1.5,3.1666666666666665,1.0,0.0,12
44,steady_r02,regime_marginal,point,clean,0.0,0.0,0.0,,4.0,1.0,0.0,12
44,steady_r02,regime_marginal,point,observed,0.4166666666666667,0.4166666666666667,0.0,0.2,2.4166666666666665,1.0,0.0,12
44,steady_r02,regime_marginal,sma,clean,0.0,0.0,0.0,,4.0,1.0,0.0,12
44,steady_r02,regime_marginal,sma,observed,0.25,0.25,0.0,2.3333333333333335,3.5833333333333335,1.0,0.0,12
44,steady_r20,regime_conditional,ewma,clean,0.1388888888888889,0.1388888888888889,0.0,7.2,11.333333333333334,1.0,0.0,36
44,steady_r20,regime_conditional,ewma,observed,1.0,1.0,0.05555555555555555,2.5277777777777777,2.5277777777777777,1.0,0.0,36
44,steady_r20,regime_conditional,point,clean,0.1388888888888889,0.1388888888888889,0.0,6.4,11.222222222222221,1.0,0.0,36
44,steady_r20,regime_conditional,point,observed,1.0,1.0,0.05555555555555555,1.6388888888888888,1.6388888888888888,1.0,0.0,36
44,steady_r20,regime_conditional,sma,clean,0.05555555555555555,0.05555555555555555,0.0,7.5,11.75,0.9629629629629629,0.0,36
44,steady_r20,regime_conditional,sma,observed,1.0,1.0,0.05555555555555555,3.9444444444444446,3.9444444444444446,0.9629629629629629,0.0,36
44,steady_r20,regime_marginal,ewma,clean,0.05555555555555555,0.05555555555555555,0.0,5.5,11.63888888888889,1.0,0.0,36
44,steady_r20,regime_marginal,ewma,observed,0.8611111111111112,0.8611111111111112,0.05555555555555555,5.258064516129032,6.194444444444445,1.0,0.0,36
44,steady_r20,regime_marginal,point,clean,0.1111111111111111,0.1111111111111111,0.0,3.25,11.027777777777779,1.0,0.0,36
44,steady_r20,regime_marginal,point,observed,0.9166666666666666,0.9166666666666666,0.027777777777777776,3.9696969696969697,4.638888888888889,1.0,0.0,36
44,steady_r20,regime_marginal,sma,clean,0.05555555555555555,0.05555555555555555,0.0,6.5,11.694444444444445,0.9629629629629629,0.0,36
44,steady_r20,regime_marginal,sma,observed,0.8888888888888888,0.8611111111111112,0.05555555555555555,6.032258064516129,6.861111111111111,0.9629629629629629,0.0,36
44,switch_d0,regime_conditional,ewma,clean,0.08333333333333333,0.08333333333333333,0.0,5.0,8.666666666666666,1.0,0.0,24
44,switch_d0,regime_conditional,ewma,observed,0.9583333333333334,0.9166666666666666,0.08333333333333333,2.272727272727273,2.5833333333333335,1.0,0.0,24
44,switch_d0,regime_conditional,point,clean,0.041666666666666664,0.041666666666666664,0.0,3.0,8.875,1.0,0.0,24
44,switch_d0,regime_conditional,point,observed,0.9583333333333334,0.9583333333333334,0.041666666666666664,1.3478260869565217,1.5416666666666667,1.0,0.0,24
44,switch_d0,regime_conditional,sma,clean,0.0,0.0,0.0,,9.0,0.7916666666666666,0.125,24
44,switch_d0,regime_conditional,sma,observed,0.875,0.7916666666666666,0.08333333333333333,3.8421052631578947,4.291666666666667,0.7916666666666666,0.125,24
44,switch_d0,regime_marginal,ewma,clean,0.0,0.0,0.0,,9.0,1.0,0.0,24
44,switch_d0,regime_marginal,ewma,observed,0.7916666666666666,0.7083333333333334,0.08333333333333333,5.352941176470588,6.041666666666667,1.0,0.0,24
44,switch_d0,regime_marginal,point,clean,0.041666666666666664,0.041666666666666664,0.0,3.0,8.875,1.0,0.0,24
44,switch_d0,regime_marginal,point,observed,0.75,0.75,0.041666666666666664,3.111111111111111,4.083333333333333,1.0,0.0,24
44,switch_d0,regime_marginal,sma,clean,0.0,0.0,0.0,,9.0,0.7916666666666666,0.125,24
44,switch_d0,regime_marginal,sma,observed,0.5416666666666666,0.4583333333333333,0.08333333333333333,6.545454545454546,6.75,0.7916666666666666,0.125,24
44,switch_d12,regime_conditional,ewma,clean,0.16666666666666666,0.16666666666666666,0.0,2.0,7.583333333333333,1.0,0.0,24
44,switch_d12,regime_conditional,ewma,observed,1.0,0.9583333333333334,0.08333333333333333,2.0869565217391304,2.25,1.0,0.0,24
44,switch_d12,regime_conditional,point,clean,0.125,0.125,0.0,0.0,7.75,1.0,0.0,24
44,switch_d12,regime_conditional,point,observed,1.0,1.0,0.041666666666666664,1.2916666666666667,1.2916666666666667,1.0,0.0,24
44,switch_d12,regime_conditional,sma,clean,0.125,0.125,0.0,0.3333333333333333,7.791666666666667,0.9166666666666666,0.08333333333333333,24
44,switch_d12,regime_conditional,sma,observed,0.9166666666666666,0.8333333333333334,0.08333333333333333,2.8,3.3333333333333335,0.9166666666666666,0.08333333333333333,24
44,switch_d12,regime_marginal,ewma,clean,0.16666666666666666,0.16666666666666666,0.041666666666666664,1.5,7.75,1.0,0.0,24
44,switch_d12,regime_marginal,ewma,observed,0.875,0.7916666666666666,0.125,4.421052631578948,4.75,1.0,0.0,24
44,switch_d12,regime_marginal,point,clean,0.20833333333333334,0.20833333333333334,0.041666666666666664,0.6,7.125,1.0,0.0,24
44,switch_d12,regime_marginal,point,observed,0.7916666666666666,0.7916666666666666,0.08333333333333333,2.3684210526315788,3.125,1.0,0.0,24
44,switch_d12,regime_marginal,sma,clean,0.16666666666666666,0.16666666666666666,0.041666666666666664,2.5,7.666666666666667,0.9166666666666666,0.08333333333333333,24
44,switch_d12,regime_marginal,sma,observed,0.6666666666666666,0.5833333333333334,0.125,5.071428571428571,5.458333333333333,0.9166666666666666,0.08333333333333333,24
44,switch_d4,regime_conditional,ewma,clean,0.16666666666666666,0.16666666666666666,0.0,2.0,7.583333333333333,1.0,0.0,24
44,switch_d4,regime_conditional,ewma,observed,1.0,0.9583333333333334,0.08333333333333333,2.217391304347826,2.375,1.0,0.0,24
44,switch_d4,regime_conditional,point,clean,0.125,0.125,0.0,0.0,7.75,1.0,0.0,24
44,switch_d4,regime_conditional,point,observed,1.0,1.0,0.041666666666666664,1.2916666666666667,1.2916666666666667,1.0,0.0,24
44,switch_d4,regime_conditional,sma,clean,0.125,0.125,0.0,0.3333333333333333,7.791666666666667,0.8472222222222222,0.041666666666666664,24
44,switch_d4,regime_conditional,sma,observed,0.9166666666666666,0.8333333333333334,0.08333333333333333,2.7,3.5,0.8472222222222222,0.041666666666666664,24
44,switch_d4,regime_marginal,ewma,clean,0.125,0.125,0.0,0.6666666666666666,7.833333333333333,1.0,0.0,24
44,switch_d4,regime_marginal,ewma,observed,0.875,0.7916666666666666,0.08333333333333333,4.421052631578948,4.75,1.0,0.0,24
44,switch_d4,regime_marginal,point,clean,0.20833333333333334,0.20833333333333334,0.0,0.6,7.125,1.0,0.0,24
44,switch_d4,regime_marginal,point,observed,0.7916666666666666,0.7916666666666666,0.041666666666666664,2.3684210526315788,3.125,1.0,0.0,24
44,switch_d4,regime_marginal,sma,clean,0.125,0.125,0.0,1.3333333333333333,7.916666666666667,0.8472222222222222,0.041666666666666664,24
44,switch_d4,regime_marginal,sma,observed,0.6666666666666666,0.5833333333333334,0.08333333333333333,5.071428571428571,5.458333333333333,0.8472222222222222,0.041666666666666664,24
45,steady_k2,regime_conditional,ewma,clean,0.041666666666666664,0.041666666666666664,0.0,7.0,8.791666666666666,1.0,0.0,48
45,steady_k2,regime_conditional,ewma,observed,0.9583333333333334,0.9583333333333334,0.0,2.4565217391304346,2.6041666666666665,1.0,0.0,48
45,steady_k2,regime_conditional,point,clean,0.08333333333333333,0.08333333333333333,0.041666666666666664,6.5,8.666666666666666,1.0,0.0,48
45,steady_k2,regime_conditional,point,observed,0.9375,0.9375,0.041666666666666664,1.8444444444444446,2.2291666666666665,1.0,0.0,48
45,steady_k2,regime_conditional,sma,clean,0.041666666666666664,0.041666666666666664,0.0,7.5,8.8125,0.9583333333333334,0.041666666666666664,48
45,steady_k2,regime_conditional,sma,observed,0.8958333333333334,0.8958333333333334,0.0,3.2790697674418605,3.6875,0.9583333333333334,0.041666666666666664,48
45,steady_k2,regime_marginal,ewma,clean,0.0,0.0,0.0,,9.0,1.0,0.0,48
45,steady_k2,regime_marginal,ewma,observed,0.75,0.75,0.0,4.0,4.75,1.0,0.0,48
45,steady_k2,regime_marginal,point,clean,0.020833333333333332,0.020833333333333332,0.0,3.0,8.8125,1.0,0.0,48
45,steady_k2,regime_marginal,point,observed,0.7708333333333334,0.7708333333333334,0.0,2.2432432432432434,3.3541666666666665,1.0,0.0,48
45,steady_k2,regime_marginal,sma,clean,0.0,0.0,0.0,,9.0,0.9583333333333334,0.041666666666666664,48
45,steady_k2,regime_marginal,sma,observed,0.625,0.625,0.0,4.733333333333333,5.583333333333333,0.9583333333333334,0.041666666666666664,48
45,steady_m05,regime_conditional,ewma,clean,0.041666666666666664,0.041666666666666664,0.0,9.0,8.875,1.0,0.0,24
45,steady_m05,regime_conditional,ewma,observed,0.16666666666666666,0.16666666666666666,0.0,5.5,8.416666666666666,1.0,0.0,24
45,steady_m05,regime_conditional,point,clean,0.125,0.125,0.041666666666666664,7.0,8.625,1.0,0.0,24
45,steady_m05,regime_conditional,point,observed,0.125,0.125,0.041666666666666664,5.666666666666667,8.458333333333334,1.0,0.0,24
45,steady_m05,regime_conditional,sma,clean,0.041666666666666664,0.041666666666666664,0.0,9.0,8.875,0.9583333333333334,0.041666666666666664,24
45,steady_m05,regime_conditional,sma,observed,0.16666666666666666,0.16666666666666666,0.0,5.75,8.208333333333334,0.9583333333333334,0.041666666666666664,24
45,steady_m05,regime_marginal,ewma,clean,0.0,0.0,0.0,,9.0,1.0,0.0,24
45,steady_m05,regime_marginal,ewma,observed,0.041666666666666664,0.041666666666666664,0.0,5.0,8.958333333333334,1.0,0.0,24
45,steady_m05,regime_marginal,point,clean,0.0,0.0,0.0,,9.0,1.0,0.0,24
45,steady_m05,regime_marginal,point,observed,0.08333333333333333,0.08333333333333333,0.0,8.0,8.666666666666666,1.0,0.0,24
45,steady_m05,regime_marginal,sma,clean,0.0,0.0,0.0,,9.0,0.9583333333333334,0.041666666666666664,24
45,steady_m05,regime_marginal,sma,observed,0.0,0.0,0.0,,9.0,0.9583333333333334,0.041666666666666664,24
45,steady_m1,regime_conditional,ewma,clean,0.041666666666666664,0.041666666666666664,0.0,9.0,8.875,1.0,0.0,24
45,steady_m1,regime_conditional,ewma,observed,0.5833333333333334,0.5833333333333334,0.0,4.857142857142857,6.083333333333333,1.0,0.0,24
45,steady_m1,regime_conditional,point,clean,0.125,0.125,0.041666666666666664,7.0,8.625,1.0,0.0,24
45,steady_m1,regime_conditional,point,observed,0.5833333333333334,0.5833333333333334,0.041666666666666664,5.357142857142857,6.125,1.0,0.0,24
45,steady_m1,regime_conditional,sma,clean,0.041666666666666664,0.041666666666666664,0.0,9.0,8.875,0.9583333333333334,0.041666666666666664,24
45,steady_m1,regime_conditional,sma,observed,0.5,0.5,0.0,5.5,6.75,0.9583333333333334,0.041666666666666664,24
45,steady_m1,regime_marginal,ewma,clean,0.0,0.0,0.0,,9.0,1.0,0.0,24
45,steady_m1,regime_marginal,ewma,observed,0.16666666666666666,0.16666666666666666,0.0,6.25,8.291666666666666,1.0,0.0,24
45,steady_m1,regime_marginal,point,clean,0.0,0.0,0.0,,9.0,1.0,0.0,24
45,steady_m1,regime_marginal,point,observed,0.2916666666666667,0.2916666666666667,0.0,5.0,7.958333333333333,1.0,0.0,24
45,steady_m1,regime_marginal,sma,clean,0.0,0.0,0.0,,9.0,0.9583333333333334,0.041666666666666664,24
45,steady_m1,regime_marginal,sma,observed,0.16666666666666666,0.16666666666666666,0.0,6.75,8.375,0.9583333333333334,0.041666666666666664,24
45,steady_m2_r10_k1,regime_conditional,ewma,clean,0.041666666666666664,0.041666666666666664,0.0,9.0,8.875,1.0,0.0,24
45,steady_m2_r10_k1,regime_conditional,ewma,observed,1.0,1.0,0.0,2.2916666666666665,2.2916666666666665,1.0,0.0,24
45,steady_m2_r10_k1,regime_conditional,point,clean,0.125,0.125,0.041666666666666664,7.0,8.625,1.0,0.0,24
45,steady_m2_r10_k1,regime_conditional,point,observed,0.9166666666666666,0.9166666666666666,0.041666666666666664,1.0454545454545454,1.4583333333333333,1.0,0.0,24
45,steady_m2_r10_k1,regime_conditional,sma,clean,0.041666666666666664,0.041666666666666664,0.0,9.0,8.875,0.9583333333333334,0.041666666666666664,24
45,steady_m2_r10_k1,regime_conditional,sma,observed,0.9166666666666666,0.9166666666666666,0.0,3.3636363636363638,3.5833333333333335,0.9583333333333334,0.041666666666666664,24
45,steady_m2_r10_k1,regime_marginal,ewma,clean,0.0,0.0,0.0,,9.0,1.0,0.0,24
45,steady_m2_r10_k1,regime_marginal,ewma,observed,0.7916666666666666,0.7916666666666666,0.0,4.421052631578948,5.0,1.0,0.0,24
45,steady_m2_r10_k1,regime_marginal,point,clean,0.0,0.0,0.0,,9.0,1.0,0.0,24
45,steady_m2_r10_k1,regime_marginal,point,observed,0.7916666666666666,0.7916666666666666,0.0,2.6315789473684212,3.5833333333333335,1.0,0.0,24
45,steady_m2_r10_k1,regime_marginal,sma,clean,0.0,0.0,0.0,,9.0,0.9583333333333334,0.041666666666666664,24
45,steady_m2_r10_k1,regime_marginal,sma,observed,0.6666666666666666,0.6666666666666666,0.0,4.625,5.583333333333333,0.9583333333333334,0.041666666666666664,24
45,steady_m4,regime_conditional,ewma,clean,0.041666666666666664,0.041666666666666664,0.0,9.0,8.875,1.0,0.0,24
45,steady_m4,regime_conditional,ewma,observed,1.0,1.0,0.0,0.5833333333333334,0.5833333333333334,1.0,0.0,24
45,steady_m4,regime_conditional,point,clean,0.125,0.125,0.041666666666666664,7.0,8.625,1.0,0.0,24
45,steady_m4,regime_conditional,point,observed,1.0,0.9583333333333334,0.041666666666666664,0.043478260869565216,0.2916666666666667,1.0,0.0,24
45,steady_m4,regime_conditional,sma,clean,0.041666666666666664,0.041666666666666664,0.0,9.0,8.875,0.9583333333333334,0.041666666666666664,24
45,steady_m4,regime_conditional,sma,observed,0.9583333333333334,0.9583333333333334,0.041666666666666664,1.608695652173913,1.7916666666666667,0.9583333333333334,0.041666666666666664,24
45,steady_m4,regime_marginal,ewma,clean,0.0,0.0,0.0,,9.0,1.0,0.0,24
45,steady_m4,regime_marginal,ewma,observed,1.0,1.0,0.0,1.4166666666666667,1.4166666666666667,1.0,0.0,24
45,steady_m4,regime_marginal,point,clean,0.0,0.0,0.0,,9.0,1.0,0.0,24
45,steady_m4,regime_marginal,point,observed,1.0,1.0,0.0,0.125,0.125,1.0,0.0,24
45,steady_m4,regime_marginal,sma,clean,0.0,0.0,0.0,,9.0,0.9583333333333334,0.041666666666666664,24
45,steady_m4,regime_marginal,sma,observed,0.9583333333333334,0.9583333333333334,0.0,2.608695652173913,2.75,0.9583333333333334,0.041666666666666664,24
45,steady_r02,regime_conditional,ewma,clean,0.0,0.0,0.0,,4.0,1.0,0.0,12
45,steady_r02,regime_conditional,ewma,observed,1.0,1.0,0.0,2.1666666666666665,2.1666666666666665,1.0,0.0,12
45,steady_r02,regime_conditional,point,clean,0.0,0.0,0.0,,4.0,1.0,0.0,12
45,steady_r02,regime_conditional,point,observed,1.0,1.0,0.0,0.5833333333333334,0.5833333333333334,1.0,0.0,12
45,steady_r02,regime_conditional,sma,clean,0.0,0.0,0.0,,4.0,1.0,0.0,12
45,steady_r02,regime_conditional,sma,observed,0.5,0.5,0.0,2.6666666666666665,3.3333333333333335,1.0,0.0,12
45,steady_r02,regime_marginal,ewma,clean,0.0,0.0,0.0,,4.0,1.0,0.0,12
45,steady_r02,regime_marginal,ewma,observed,0.4166666666666667,0.4166666666666667,0.0,2.6,3.4166666666666665,1.0,0.0,12
45,steady_r02,regime_marginal,point,clean,0.0,0.0,0.0,,4.0,1.0,0.0,12
45,steady_r02,regime_marginal,point,observed,0.5833333333333334,0.5833333333333334,0.0,0.8571428571428571,2.1666666666666665,1.0,0.0,12
45,steady_r02,regime_marginal,sma,clean,0.0,0.0,0.0,,4.0,1.0,0.0,12
45,steady_r02,regime_marginal,sma,observed,0.25,0.25,0.0,3.0,3.75,1.0,0.0,12
45,steady_r20,regime_conditional,ewma,clean,0.08333333333333333,0.05555555555555555,0.027777777777777776,7.5,11.75,1.0,0.0,36
45,steady_r20,regime_conditional,ewma,observed,1.0,0.9166666666666666,0.1388888888888889,2.5757575757575757,3.361111111111111,1.0,0.0,36
45,steady_r20,regime_conditional,point,clean,0.16666666666666666,0.16666666666666666,0.027777777777777776,6.166666666666667,11.027777777777779,1.0,0.0,36
45,steady_r20,regime_conditional,point,observed,1.0,1.0,0.05555555555555555,1.6111111111111112,1.6111111111111112,1.0,0.0,36
45,steady_r20,regime_conditional,sma,clean,0.05555555555555555,0.05555555555555555,0.027777777777777776,6.5,11.694444444444445,0.9629629629629629,0.0,36
45,steady_r20,regime_conditional,sma,observed,1.0,0.9166666666666666,0.1388888888888889,4.151515151515151,4.805555555555555,0.9629629629629629,0.0,36
45,steady_r20,regime_marginal,ewma,clean,0.027777777777777776,0.027777777777777776,0.027777777777777776,4.0,11.777777777777779,1.0,0.0,36
45,steady_r20,regime_marginal,ewma,observed,0.8888888888888888,0.8333333333333334,0.08333333333333333,4.233333333333333,5.527777777777778,1.0,0.0,36
45,steady_r20,regime_marginal,point,clean,0.027777777777777776,0.027777777777777776,0.0,4.0,11.777777777777779,1.0,0.0,36
45,steady_r20,regime_marginal,point,observed,0.9166666666666666,0.9166666666666666,0.027777777777777776,3.090909090909091,3.8333333333333335,1.0,0.0,36
45,steady_r20,regime_marginal,sma,clean,0.027777777777777776,0.0,0.027777777777777776,,12.0,0.9629629629629629,0.0,36
45,steady_r20,regime_marginal,sma,observed,0.8611111111111112,0.8055555555555556,0.1111111111111111,5.241379310344827,6.555555555555555,0.9629629629629629,0.0,36
45,switch_d0,regime_conditional,ewma,clean,0.041666666666666664,0.041666666666666664,0.0,9.0,8.875,1.0,0.0,24
45,switch_d0,regime_conditional,ewma,observed,1.0,1.0,0.0,2.3333333333333335,2.3333333333333335,1.0,0.0,24
45,switch_d0,regime_conditional,point,clean,0.08333333333333333,0.08333333333333333,0.041666666666666664,7.0,8.583333333333334,1.0,0.0,24
45,switch_d0,regime_conditional,point,observed,0.9583333333333334,0.9583333333333334,0.041666666666666664,1.6521739130434783,1.8333333333333333,1.0,0.0,24
45,switch_d0,regime_conditional,sma,clean,0.0,0.0,0.0,,9.0,0.8333333333333334,0.16666666666666666,24
45,switch_d0,regime_conditional,sma,observed,0.8333333333333334,0.8333333333333334,0.0,3.8,4.166666666666667,0.8333333333333334,0.16666666666666666,24
45,switch_d0,regime_marginal,ewma,clean,0.0,0.0,0.0,,9.0,1.0,0.0,24
45,switch_d0,regime_marginal,ewma,observed,0.8333333333333334,0.8333333333333334,0.0,4.4,4.916666666666667,1.0,0.0,24
45,switch_d0,regime_marginal,point,clean,0.041666666666666664,0.041666666666666664,0.0,11.0,8.958333333333334,1.0,0.0,24
45,switch_d0,regime_marginal,point,observed,0.7916666666666666,0.7916666666666666,0.0,2.8421052631578947,3.75,1.0,0.0,24
45,switch_d0,regime_marginal,sma,clean,0.0,0.0,0.0,,9.0,0.8333333333333334,0.16666666666666666,24
45,switch_d0,regime_marginal,sma,observed,0.5416666666666666,0.5416666666666666,0.0,5.384615384615385,6.166666666666667,0.8333333333333334,0.16666666666666666,24
45,switch_d12,regime_conditional,ewma,clean,0.16666666666666666,0.16666666666666666,0.041666666666666664,3.0,8.25,1.0,0.0,24
45,switch_d12,regime_conditional,ewma,observed,0.9583333333333334,0.9583333333333334,0.041666666666666664,2.1739130434782608,2.3333333333333335,1.0,0.0,24
45,switch_d12,regime_conditional,point,clean,0.20833333333333334,0.16666666666666666,0.08333333333333333,3.5,8.083333333333334,1.0,0.0,24
45,switch_d12,regime_conditional,point,observed,0.9166666666666666,0.875,0.08333333333333333,1.5238095238095237,2.0833333333333335,1.0,0.0,24
45,switch_d12,regime_conditional,sma,clean,0.125,0.125,0.041666666666666664,1.6666666666666667,8.458333333333334,0.8472222222222222,0.041666666666666664,24
45,switch_d12,regime_conditional,sma,observed,0.9166666666666666,0.9166666666666666,0.041666666666666664,4.318181818181818,4.458333333333333,0.8472222222222222,0.041666666666666664,24
45,switch_d12,regime_marginal,ewma,clean,0.041666666666666664,0.041666666666666664,0.16666666666666666,0.0,8.75,1.0,0.0,24
45,switch_d12,regime_marginal,ewma,observed,0.875,0.875,0.16666666666666666,4.238095238095238,4.708333333333333,1.0,0.0,24
45,switch_d12,regime_marginal,point,clean,0.08333333333333333,0.08333333333333333,0.16666666666666666,5.5,8.708333333333334,1.0,0.0,24
45,switch_d12,regime_marginal,point,observed,0.875,0.8333333333333334,0.16666666666666666,3.15,4.125,1.0,0.0,24
45,switch_d12,regime_marginal,sma,clean,0.041666666666666664,0.041666666666666664,0.16666666666666666,1.0,8.791666666666666,0.8472222222222222,0.041666666666666664,24
45,switch_d12,regime_marginal,sma,observed,0.625,0.625,0.16666666666666666,5.4,6.125,0.8472222222222222,0.041666666666666664,24
45,switch_d4,regime_conditional,ewma,clean,0.16666666666666666,0.16666666666666666,0.0,3.0,8.25,1.0,0.0,24
45,switch_d4,regime_conditional,ewma,observed,0.9583333333333334,0.9583333333333334,0.0,2.217391304347826,2.375,1.0,0.0,24
45,switch_d4,regime_conditional,point,clean,0.20833333333333334,0.16666666666666666,0.041666666666666664,3.5,8.083333333333334,1.0,0.0,24
45,switch_d4,regime_conditional,point,observed,0.9583333333333334,0.9166666666666666,0.041666666666666664,1.6363636363636365,2.0,1.0,0.0,24
45,switch_d4,regime_conditional,sma,clean,0.125,0.125,0.0,1.6666666666666667,8.458333333333334,0.9166666666666666,0.041666666666666664,24
45,switch_d4,regime_conditional,sma,observed,0.9166666666666666,0.9166666666666666,0.0,3.5454545454545454,3.75,0.9166666666666666,0.041666666666666664,24
45,switch_d4,regime_marginal,ewma,clean,0.041666666666666664,0.041666666666666664,0.0,0.0,8.75,1.0,0.0,24
45,switch_d4,regime_marginal,ewma,observed,0.8333333333333334,0.8333333333333334,0.0,4.25,4.791666666666667,1.0,0.0,24
45,switch_d4,regime_marginal,point,clean,0.08333333333333333,0.08333333333333333,0.0,5.5,8.708333333333334,1.0,0.0,24
45,switch_d4,regime_marginal,point,observed,0.875,0.875,0.0,2.619047619047619,3.2916666666666665,1.0,0.0,24
45,switch_d4,regime_marginal,sma,clean,0.041666666666666664,0.041666666666666664,0.0,1.0,8.791666666666666,0.9166666666666666,0.041666666666666664,24
45,switch_d4,regime_marginal,sma,observed,0.625,0.625,0.0,4.933333333333334,5.833333333333333,0.9166666666666666,0.041666666666666664,24
46,steady_k2,regime_conditional,ewma,clean,0.0625,0.0625,0.0,4.666666666666667,8.666666666666666,1.0,0.0,48
46,steady_k2,regime_conditional,ewma,observed,0.9583333333333334,0.9375,0.041666666666666664,2.2444444444444445,2.4791666666666665,1.0,0.0,48
46,steady_k2,regime_conditional,point,clean,0.10416666666666667,0.10416666666666667,0.020833333333333332,3.2,8.458333333333334,1.0,0.0,48
46,steady_k2,regime_conditional,point,observed,0.875,0.875,0.020833333333333332,1.9047619047619047,2.5416666666666665,1.0,0.0,48
46,steady_k2,regime_conditional,sma,clean,0.041666666666666664,0.041666666666666664,0.020833333333333332,5.0,8.708333333333334,0.875,0.041666666666666664,48
46,steady_k2,regime_conditional,sma,observed,0.9375,0.9166666666666666,0.0625,3.977272727272727,4.145833333333333,0.875,0.041666666666666664,48
46,steady_k2,regime_marginal,ewma,clean,0.041666666666666664,0.041666666666666664,0.0,3.5,8.770833333333334,1.0,0.0,48
46,steady_k2,regime_marginal,ewma,observed,0.7708333333333334,0.75,0.020833333333333332,3.611111111111111,4.583333333333333,1.0,0.0,48
46,steady_k2,regime_marginal,point,clean,0.08333333333333333,0.08333333333333333,0.020833333333333332,4.25,8.479166666666666,1.0,0.0,48
46,steady_k2,regime_marginal,point,observed,0.75,0.75,0.020833333333333332,2.3055555555555554,3.4791666666666665,1.0,0.0,48
46,steady_k2,regime_marginal,sma,clean,0.0,0.0,0.0,,9.0,0.875,0.041666666666666664,48
46,steady_k2,regime_marginal,sma,observed,0.6458333333333334,0.625,0.020833333333333332,5.133333333333334,5.833333333333333,0.875,0.041666666666666664,48
46,steady_m05,regime_conditional,ewma,clean,0.08333333333333333,0.08333333333333333,0.0,4.5,8.375,1.0,0.0,24
46,steady_m05,regime_conditional,ewma,observed,0.20833333333333334,0.20833333333333334,0.0,4.2,7.875,1.0,0.0,24
46,steady_m05,regime_conditional,point,clean,0.125,0.125,0.041666666666666664,3.6666666666666665,8.208333333333334,1.0,0.0,24
46,steady_m05,regime_conditional,point,observed,0.16666666666666666,0.16666666666666666,0.041666666666666664,1.5,7.5,1.0,0.0,24
46,steady_m05,regime_conditional,sma,clean,0.08333333333333333,0.08333333333333333,0.041666666666666664,5.0,8.416666666666666,0.875,0.041666666666666664,24
46,steady_m05,regime_conditional,sma,observed,0.16666666666666666,0.16666666666666666,0.041666666666666664,7.75,8.291666666666666,0.875,0.041666666666666664,24
46,steady_m05,regime_marginal,ewma,clean,0.041666666666666664,0.041666666666666664,0.0,2.0,8.583333333333334,1.0,0.0,24
46,steady_m05,regime_marginal,ewma,observed,0.041666666666666664,0.041666666666666664,0.0,2.0,8.583333333333334,1.0,0.0,24
46,steady_m05,regime_marginal,point,clean,0.125,0.125,0.041666666666666664,5.333333333333333,8.166666666666666,1.0,0.0,24
46,steady_m05,regime_marginal,point,observed,0.041666666666666664,0.041666666666666664,0.041666666666666664,2.0,8.583333333333334,1.0,0.0,24
46,steady_m05,regime_marginal,sma,clean,0.0,0.0,0.0,,9.0,0.875,0.041666666666666664,24
46,steady_m05,regime_marginal,sma,observed,0.041666666666666664,0.041666666666666664,0.0,2.0,8.583333333333334,0.875,0.041666666666666664,24
46,steady_m1,regime_conditional,ewma,clean,0.08333333333333333,0.08333333333333333,0.0,4.5,8.375,1.0,0.0,24
46,steady_m1,regime_conditional,ewma,observed,0.5,0.5,0.0,3.25,6.125,1.0,0.0,24
46,steady_m1,regime_conditional,point,clean,0.125,0.125,0.041666666666666664,3.6666666666666665,8.208333333333334,1.0,0.0,24
46,steady_m1,regime_conditional,point,observed,0.2916666666666667,0.2916666666666667,0.041666666666666664,2.4285714285714284,6.708333333333333,1.0,0.0,24
46,steady_m1,regime_conditional,sma,clean,0.08333333333333333,0.08333333333333333,0.041666666666666664,5.0,8.416666666666666,0.875,0.041666666666666664,24
46,steady_m1,regime_conditional,sma,observed,0.4583333333333333,0.4583333333333333,0.041666666666666664,5.0,6.791666666666667,0.875,0.041666666666666664,24
46,steady_m1,regime_marginal,ewma,clean,0.041666666666666664,0.041666666666666664,0.0,2.0,8.583333333333334,1.0,0.0,24
46,steady_m1,regime_marginal,ewma,observed,0.125,0.125,0.0,6.0,8.25,1.0,0.0,24
46,steady_m1,regime_marginal,point,clean,0.125,0.125,0.041666666666666664,5.333333333333333,8.166666666666666,1.0,0.0,24
46,steady_m1,regime_marginal,point,observed,0.2916666666666667,0.2916666666666667,0.041666666666666664,3.857142857142857,7.125,1.0,0.0,24
46,steady_m1,regime_marginal,sma,clean,0.0,0.0,0.0,,9.0,0.875,0.041666666666666664,24
46,steady_m1,regime_marginal,sma,observed,0.16666666666666666,0.16666666666666666,0.0,8.0,8.333333333333334,0.875,0.041666666666666664,24
46,steady_m2_r10_k1,regime_conditional,ewma,clean,0.08333333333333333,0.08333333333333333,0.0,4.5,8.375,1.0,0.0,24
46,steady_m2_r10_k1,regime_conditional,ewma,observed,1.0,1.0,0.0,2.625,2.625,1.0,0.0,24
46,steady_m2_r10_k1,regime_conditional,point,clean,0.125,0.125,0.041666666666666664,3.6666666666666665,8.208333333333334,1.0,0.0,24
46,steady_m2_r10_k1,regime_conditional,point,observed,0.9583333333333334,0.9583333333333334,0.041666666666666664,1.6956521739130435,1.875,1.0,0.0,24
46,steady_m2_r10_k1,regime_conditional,sma,clean,0.08333333333333333,0.08333333333333333,0.041666666666666664,5.0,8.416666666666666,0.875,0.041666666666666664,24
46,steady_m2_r10_k1,regime_conditional,sma,observed,0.8333333333333334,0.8333333333333334,0.08333333333333333,3.95,4.291666666666667,0.875,0.041666666666666664,24
46,steady_m2_r10_k1,regime_marginal,ewma,clean,0.041666666666666664,0.041666666666666664,0.0,2.0,8.583333333333334,1.0,0.0,24
46,steady_m2_r10_k1,regime_marginal,ewma,observed,0.7083333333333334,0.7083333333333334,0.0,3.588235294117647,4.791666666666667,1.0,0.0,24
46,steady_m2_r10_k1,regime_marginal,point,clean,0.125,0.125,0.041666666666666664,5.333333333333333,8.166666666666666,1.0,0.0,24
46,steady_m2_r10_k1,regime_marginal,point,observed,0.6666666666666666,0.6666666666666666,0.041666666666666664,1.875,3.75,1.0,0.0,24
46,steady_m2_r10_k1,regime_marginal,sma,clean,0.0,0.0,0.0,,9.0,0.875,0.041666666666666664,24
46,steady_m2_r10_k1,regime_marginal,sma,observed,0.5833333333333334,0.5833333333333334,0.0,5.071428571428571,6.208333333333333,0.875,0.041666666666666664,24
46,steady_m4,regime_conditional,ewma,clean,0.08333333333333333,0.08333333333333333,0.0,4.5,8.375,1.0,0.0,24
46,steady_m4,regime_conditional,ewma,observed,1.0,1.0,0.041666666666666664,0.7916666666666666,0.7916666666666666,1.0,0.0,24
46,steady_m4,regime_conditional,point,clean,0.125,0.125,0.041666666666666664,3.6666666666666665,8.208333333333334,1.0,0.0,24
46,steady_m4,regime_conditional,point,observed,1.0,0.9583333333333334,0.041666666666666664,0.0,0.25,1.0,0.0,24
46,steady_m4,regime_conditional,sma,clean,0.08333333333333333,0.08333333333333333,0.041666666666666664,5.0,8.416666666666666,0.875,0.041666666666666664,24
46,steady_m4,regime_conditional,sma,observed,0.9583333333333334,0.9166666666666666,0.08333333333333333,2.5454545454545454,3.0833333333333335,0.875,0.041666666666666664,24
46,steady_m4,regime_marginal,ewma,clean,0.041666666666666664,0.041666666666666664,0.0,2.0,8.583333333333334,1.0,0.0,24
46,steady_m4,regime_marginal,ewma,observed,1.0,1.0,0.0,1.7083333333333333,1.7083333333333333,1.0,0.0,24
46,steady_m4,regime_marginal,point,clean,0.125,0.125,0.041666666666666664,5.333333333333333,8.166666666666666,1.0,0.0,24
46,steady_m4,regime_marginal,point,observed,1.0,0.9583333333333334,0.041666666666666664,0.17391304347826086,0.4166666666666667,1.0,0.0,24
46,steady_m4,regime_marginal,sma,clean,0.0,0.0,0.0,,9.0,0.875,0.041666666666666664,24
46,steady_m4,regime_marginal,sma,observed,0.9583333333333334,0.9583333333333334,0.0,3.4347826086956523,3.5416666666666665,0.875,0.041666666666666664,24
46,steady_r02,regime_conditional,ewma,clean,0.08333333333333333,0.08333333333333333,0.0,2.0,3.8333333333333335,1.0,0.0,12
46,steady_r02,regime_conditional,ewma,observed,0.9166666666666666,0.9166666666666666,0.0,2.272727272727273,2.4166666666666665,1.0,0.0,12
46,steady_r02,regime_conditional,point,clean,0.08333333333333333,0.08333333333333333,0.0,2.0,3.8333333333333335,1.0,0.0,12
46,steady_r02,regime_conditional,point,observed,0.8333333333333334,0.8333333333333334,0.0,1.8,2.1666666666666665,1.0,0.0,12
46,steady_r02,regime_conditional,sma,clean,0.08333333333333333,0.08333333333333333,0.08333333333333333,2.0,3.8333333333333335,0.75,0.25,12
46,steady_r02,regime_conditional,sma,observed,0.3333333333333333,0.3333333333333333,0.08333333333333333,2.5,3.5,0.75,0.25,12
46,steady_r02,regime_marginal,ewma,clean,0.08333333333333333,0.08333333333333333,0.0,2.0,3.8333333333333335,1.0,0.0,12
46,steady_r02,regime_marginal,ewma,observed,0.4166666666666667,0.4166666666666667,0.0,2.4,3.3333333333333335,1.0,0.0,12
46,steady_r02,regime_marginal,point,clean,0.0,0.0,0.0,,4.0,1.0,0.0,12
46,steady_r02,regime_marginal,point,observed,0.5833333333333334,0.5833333333333334,0.0,1.4285714285714286,2.5,1.0,0.0,12
46,steady_r02,regime_marginal,sma,clean,0.0,0.0,0.0,,4.0,0.75,0.25,12
46,steady_r02,regime_marginal,sma,observed,0.08333333333333333,0.08333333333333333,0.0,1.0,3.75,0.75,0.25,12
46,steady_r20,regime_conditional,ewma,clean,0.08333333333333333,0.08333333333333333,0.0,6.0,11.5,1.0,0.0,36
46,steady_r20,regime_conditional,ewma,observed,1.0,0.9722222222222222,0.027777777777777776,2.7142857142857144,2.9722222222222223,1.0,0.0,36
46,steady_r20,regime_conditional,point,clean,0.1111111111111111,0.1111111111111111,0.027777777777777776,3.5,11.055555555555555,1.0,0.0,36
46,steady_r20,regime_conditional,point,observed,1.0,1.0,0.027777777777777776,1.9166666666666667,1.9166666666666667,1.0,0.0,36
46,steady_r20,regime_conditional,sma,clean,0.08333333333333333,0.08333333333333333,0.027777777777777776,6.333333333333333,11.527777777777779,0.9074074074074073,0.0,36
46,steady_r20,regime_conditional,sma,observed,1.0,0.9722222222222222,0.05555555555555555,4.457142857142857,4.666666666666667,0.9074074074074073,0.0,36
46,steady_r20,regime_marginal,ewma,clean,0.05555555555555555,0.05555555555555555,0.0,2.5,11.472222222222221,1.0,0.0,36
46,steady_r20,regime_marginal,ewma,observed,0.9166666666666666,0.8888888888888888,0.027777777777777776,4.75,5.555555555555555,1.0,0.0,36
46,steady_r20,regime_marginal,point,clean,0.1111111111111111,0.1111111111111111,0.027777777777777776,4.75,11.194444444444445,1.0,0.0,36
46,steady_r20,regime_marginal,point,observed,0.8611111111111112,0.8611111111111112,0.027777777777777776,3.4516129032258065,4.638888888888889,1.0,0.0,36
46,steady_r20,regime_marginal,sma,clean,0.027777777777777776,0.027777777777777776,0.027777777777777776,10.0,11.944444444444445,0.9074074074074073,0.0,36
46,steady_r20,regime_marginal,sma,observed,0.8888888888888888,0.8333333333333334,0.05555555555555555,6.166666666666667,7.138888888888889,0.9074074074074073,0.0,36
46,switch_d0,regime_conditional,ewma,clean,0.08333333333333333,0.08333333333333333,0.0,4.5,8.375,1.0,0.0,24
46,switch_d0,regime_conditional,ewma,observed,0.9583333333333334,0.9583333333333334,0.0,2.3043478260869565,2.4583333333333335,1.0,0.0,24
46,switch_d0,regime_conditional,point,clean,0.125,0.125,0.041666666666666664,3.6666666666666665,8.208333333333334,1.0,0.0,24
46,switch_d0,regime_conditional,point,observed,0.9583333333333334,0.9583333333333334,0.041666666666666664,1.565217391304348,1.75,1.0,0.0,24
46,switch_d0,regime_conditional,sma,clean,0.041666666666666664,0.041666666666666664,0.041666666666666664,2.0,8.583333333333334,0.8333333333333334,0.08333333333333333,24
46,switch_d0,regime_conditional,sma,observed,0.8333333333333334,0.7916666666666666,0.08333333333333333,4.2105263157894735,4.833333333333333,0.8333333333333334,0.08333333333333333,24
46,switch_d0,regime_marginal,ewma,clean,0.041666666666666664,0.041666666666666664,0.0,2.0,8.583333333333334,1.0,0.0,24
46,switch_d0,regime_marginal,ewma,observed,0.75,0.75,0.0,3.388888888888889,4.541666666666667,1.0,0.0,24
46,switch_d0,regime_marginal,point,clean,0.08333333333333333,0.08333333333333333,0.041666666666666664,3.0,8.25,1.0,0.0,24
46,switch_d0,regime_marginal,point,observed,0.7083333333333334,0.7083333333333334,0.041666666666666664,1.7058823529411764,3.4583333333333335,1.0,0.0,24
46,switch_d0,regime_marginal,sma,clean,0.041666666666666664,0.041666666666666664,0.041666666666666664,2.0,8.583333333333334,0.8333333333333334,0.08333333333333333,24
46,switch_d0,regime_marginal,sma,observed,0.5833333333333334,0.5416666666666666,0.041666666666666664,5.3076923076923075,6.625,0.8333333333333334,0.08333333333333333,24
46,switch_d12,regime_conditional,ewma,clean,0.08333333333333333,0.08333333333333333,0.041666666666666664,4.5,8.375,1.0,0.0,24
46,switch_d12,regime_conditional,ewma,observed,0.9583333333333334,0.9583333333333334,0.041666666666666664,2.3043478260869565,2.4583333333333335,1.0,0.0,24
46,switch_d12,regime_conditional,point,clean,0.125,0.125,0.08333333333333333,3.6666666666666665,8.208333333333334,1.0,0.0,24
46,switch_d12,regime_conditional,point,observed,0.9583333333333334,0.9583333333333334,0.08333333333333333,1.565217391304348,1.75,1.0,0.0,24
46,switch_d12,regime_conditional,sma,clean,0.041666666666666664,0.041666666666666664,0.08333333333333333,2.0,8.583333333333334,0.8194444444444445,0.041666666666666664,24
46,switch_d12,regime_conditional,sma,observed,0.875,0.8333333333333334,0.125,4.55,5.041666666666667,0.8194444444444445,0.041666666666666664,24
46,switch_d12,regime_marginal,ewma,clean,0.08333333333333333,0.08333333333333333,0.041666666666666664,2.0,8.416666666666666,1.0,0.0,24
46,switch_d12,regime_marginal,ewma,observed,0.75,0.75,0.041666666666666664,3.3333333333333335,4.5,1.0,0.0,24
46,switch_d12,regime_marginal,point,clean,0.125,0.125,0.08333333333333333,2.3333333333333335,8.041666666666666,1.0,0.0,24
46,switch_d12,regime_marginal,point,observed,0.7083333333333334,0.7083333333333334,0.08333333333333333,1.7058823529411764,3.4583333333333335,1.0,0.0,24
46,switch_d12,regime_marginal,sma,clean,0.08333333333333333,0.08333333333333333,0.08333333333333333,2.5,8.458333333333334,0.8194444444444445,0.041666666666666664,24
46,switch_d12,regime_marginal,sma,observed,0.5833333333333334,0.5416666666666666,0.08333333333333333,5.6923076923076925,6.833333333333333,0.8194444444444445,0.041666666666666664,24
46,switch_d4,regime_conditional,ewma,clean,0.08333333333333333,0.08333333333333333,0.0,4.5,8.375,1.0,0.0,24
46,switch_d4,regime_conditional,ewma,observed,0.9583333333333334,0.9583333333333334,0.0,2.3043478260869565,2.4583333333333335,1.0,0.0,24
46,switch_d4,regime_conditional,point,clean,0.125,0.125,0.041666666666666664,3.6666666666666665,8.208333333333334,1.0,0.0,24
46,switch_d4,regime_conditional,point,observed,0.9583333333333334,0.9583333333333334,0.041666666666666664,1.565217391304348,1.75,1.0,0.0,24
46,switch_d4,regime_conditional,sma,clean,0.041666666666666664,0.041666666666666664,0.041666666666666664,2.0,8.583333333333334,0.8611111111111112,0.041666666666666664,24
46,switch_d4,regime_conditional,sma,observed,0.875,0.8333333333333334,0.08333333333333333,4.15,4.708333333333333,0.8611111111111112,0.041666666666666664,24
46,switch_d4,regime_marginal,ewma,clean,0.08333333333333333,0.08333333333333333,0.0,2.0,8.416666666666666,1.0,0.0,24
46,switch_d4,regime_marginal,ewma,observed,0.75,0.75,0.0,3.3333333333333335,4.5,1.0,0.0,24
46,switch_d4,regime_marginal,point,clean,0.125,0.125,0.041666666666666664,2.3333333333333335,8.041666666666666,1.0,0.0,24
46,switch_d4,regime_marginal,point,observed,0.7083333333333334,0.7083333333333334,0.041666666666666664,1.7058823529411764,3.4583333333333335,1.0,0.0,24
46,switch_d4,regime_marginal,sma,clean,0.08333333333333333,0.08333333333333333,0.041666666666666664,2.5,8.458333333333334,0.8611111111111112,0.041666666666666664,24
46,switch_d4,regime_marginal,sma,observed,0.5833333333333334,0.5416666666666666,0.041666666666666664,5.3076923076923075,6.625,0.8611111111111112,0.041666666666666664,24
