scenario,method,view,comparison,any_active_hit_mean,any_active_hit_std,any_active_hit_count,fresh_onset_hit_mean,fresh_onset_hit_std,fresh_onset_hit_count,pre_active_mean,pre_active_std,pre_active_count,fresh_delay_detected_mean,fresh_delay_detected_std,fresh_delay_detected_count,fresh_delay_capped_mean,fresh_delay_capped_std,fresh_delay_capped_count,scoreable_fraction_mean,scoreable_fraction_std,scoreable_fraction_count,fully_unavailable_mean,fully_unavailable_std,fully_unavailable_count
steady_k2,regime_conditional,clean,sma_minus_ewma,-0.029166666666666667,0.031595314350214794,5,-0.029166666666666667,0.031595314350214794,5,0.0,0.01473139127471974,5,0.42083333333333317,0.27398803704622676,4,0.18333333333333357,0.24268821447372407,5,-0.061111111111111116,0.03878955567713596,5,0.03333333333333333,0.018633899812498245,5
steady_k2,regime_conditional,clean,sma_minus_point,-0.07083333333333333,0.031595314350214794,5,-0.07083333333333333,0.031595314350214794,5,-0.012499999999999999,0.018633899812498248,5,1.625,0.4349329450233296,4,0.2666666666666668,0.15825107512360836,5,-0.061111111111111116,0.03878955567713596,5,0.03333333333333333,0.018633899812498245,5
steady_k2,regime_conditional,observed,sma_minus_ewma,-0.054166666666666675,0.02375365468956538,5,-0.05833333333333335,0.030900827029565224,5,1.3877787807814458e-18,0.01473139127471974,5,1.3063610305341298,0.39415292916834627,5,1.3041666666666667,0.2952164930653058,5,-0.061111111111111116,0.03878955567713596,5,0.03333333333333333,0.018633899812498245,5
steady_k2,regime_conditional,observed,sma_minus_point,0.02083333333333335,0.05311478659992484,5,0.004166666666666652,0.04750730937913075,5,0.01666666666666667,0.037267799624996496,5,2.3052550367638287,0.5915177408973544,5,1.7541666666666664,0.2340391111663935,5,-0.061111111111111116,0.03878955567713596,5,0.03333333333333333,0.018633899812498245,5
steady_k2,regime_marginal,clean,sma_minus_ewma,-0.008333333333333333,0.018633899812498245,5,-0.004166666666666667,0.02282177322938192,5,-0.0041666666666666675,0.009316949906249126,5,3.0,1.4142135623730951,2,0.037499999999999645,0.16029486718059455,5,-0.061111111111111116,0.03878955567713596,5,0.03333333333333333,0.018633899812498245,5
steady_k2,regime_marginal,clean,sma_minus_point,-0.029166666666666667,0.05432668671002207,5,-0.03333333333333334,0.04796193513842225,5,0.0,0.01473139127471974,5,5.083333333333334,4.1247895569215265,2,0.17916666666666678,0.28128857760116965,5,-0.061111111111111116,0.03878955567713596,5,0.03333333333333333,0.018633899812498245,5
steady_k2,regime_marginal,observed,sma_minus_ewma,-0.11249999999999998,0.054326686710022096,5,-0.12083333333333332,0.0518745816582864,5,-2.7755575615628915e-18,0.014731391274719742,5,1.0722738832416252,0.42042201759120795,5,0.8541666666666666,0.27083333333333354,5,-0.061111111111111116,0.03878955567713596,5,0.03333333333333333,0.018633899812498245,5
steady_k2,regime_marginal,observed,sma_minus_point,-0.16666666666666666,0.07216878364870323,5,-0.19166666666666668,0.08513673642376061,5,0.029166666666666664,0.031595314350214794,5,2.943665296028919,0.6379866291106632,5,2.595833333333333,0.479755073506842,5,-0.061111111111111116,0.03878955567713596,5,0.03333333333333333,0.018633899812498245,5
steady_m05,regime_conditional,clean,sma_minus_ewma,-0.041666666666666664,0.05892556509887897,5,-0.041666666666666664,0.05892556509887897,5,0.0,0.02946278254943948,5,0.25,0.3535533905932738,2,0.19166666666666643,0.25103950552320103,5,-0.061111111111111116,0.03878955567713596,5,0.03333333333333333,0.018633899812498245,5
steady_m05,regime_conditional,clean,sma_minus_point,-0.075,0.03486083443891981,5,-0.075,0.03486083443891981,5,-0.016666666666666666,0.02282177322938192,5,1.6666666666666667,0.47140452079103157,2,0.31666666666666643,0.24755751295854928,5,-0.061111111111111116,0.03878955567713596,5,0.03333333333333333,0.018633899812498245,5
steady_m05,regime_conditional,observed,sma_minus_ewma,-0.05,0.045643546458763846,5,-0.04166666666666667,0.05103103630798288,5,0.0,0.02946278254943948,5,0.8999999999999997,2.362584507600851,5,0.21666666666666715,0.476350419567593,5,-0.061111111111111116,0.03878955567713596,5,0.03333333333333333,0.018633899812498245,5
steady_m05,regime_conditional,observed,sma_minus_point,0.0,0.07795119555779045,5,0.0,0.07795119555779045,5,-0.008333333333333333,0.03486083443891981,5,1.2466666666666666,3.16375743556789,5,0.15,0.7111463749936904,5,-0.061111111111111116,0.03878955567713596,5,0.03333333333333333,0.018633899812498245,5
steady_m05,regime_marginal,clean,sma_minus_ewma,-0.008333333333333333,0.018633899812498245,5,-0.008333333333333333,0.018633899812498245,5,-0.008333333333333333,0.018633899812498245,5,2.0,,1,0.1,0.18066236157232304,5,-0.061111111111111116,0.03878955567713596,5,0.03333333333333333,0.018633899812498245,5
steady_m05,regime_marginal,clean,sma_minus_point,-0.058333333333333334,0.08640183897219884,5,-0.06666666666666668,0.0756912588524373,5,-0.008333333333333333,0.018633899812498245,5,4.2,,1,0.31666666666666676,0.3870741387497866,5,-0.061111111111111116,0.03878955567713596,5,0.03333333333333333,0.018633899812498245,5
steady_m05,regime_marginal,observed,sma_minus_ewma,-0.025,0.02282177322938192,5,-0.016666666666666666,0.02282177322938192,5,-0.008333333333333333,0.018633899812498245,5,1.6666666666666667,2.8867513459481287,3,0.058333333333333216,0.08640183897219915,5,-0.061111111111111116,0.03878955567713596,5,0.03333333333333333,0.018633899812498245,5
steady_m05,regime_marginal,observed,sma_minus_point,-0.05,0.03486083443891982,5,-0.05,0.03486083443891982,5,-0.008333333333333333,0.018633899812498245,5,1.277777777777778,2.657971936423486,3,0.21666666666666679,0.15422296269434801,5,-0.061111111111111116,0.03878955567713596,5,0.03333333333333333,0.018633899812498245,5
steady_m1,regime_conditional,clean,sma_minus_ewma,-0.041666666666666664,0.05892556509887897,5,-0.041666666666666664,0.05892556509887897,5,0.0,0.02946278254943948,5,0.25,0.3535533905932738,2,0.19166666666666643,0.25103950552320103,5,-0.061111111111111116,0.03878955567713596,5,0.03333333333333333,0.018633899812498245,5
steady_m1,regime_conditional,clean,sma_minus_point,-0.075,0.03486083443891981,5,-0.075,0.03486083443891981,5,-0.016666666666666666,0.02282177322938192,5,1.6666666666666667,0.47140452079103157,2,0.31666666666666643,0.24755751295854928,5,-0.061111111111111116,0.03878955567713596,5,0.03333333333333333,0.018633899812498245,5
steady_m1,regime_conditional,observed,sma_minus_ewma,-0.05833333333333335,0.06972166887783965,5,-0.06666666666666668,0.06319062870042957,5,0.0,0.02946278254943948,5,0.793162393162393,0.6459848216845008,5,0.5333333333333334,0.24544460791705222,5,-0.061111111111111116,0.03878955567713596,5,0.03333333333333333,0.018633899812498245,5
steady_m1,regime_conditional,observed,sma_minus_point,0.041666666666666664,0.1062295731998497,5,0.016666666666666653,0.1200405024240661,5,0.008333333333333333,0.04564354645876384,5,1.516206016206016,1.027908931316488,5,0.325,0.5371607456494438,5,-0.061111111111111116,0.03878955567713596,5,0.03333333333333333,0.018633899812498245,5
steady_m1,regime_marginal,clean,sma_minus_ewma,-0.008333333333333333,0.018633899812498245,5,-0.008333333333333333,0.018633899812498245,5,-0.008333333333333333,0.018633899812498245,5,2.0,,1,0.1,0.18066236157232304,5,-0.061111111111111116,0.03878955567713596,5,0.03333333333333333,0.018633899812498245,5
steady_m1,regime_marginal,clean,sma_minus_point,-0.058333333333333334,0.08640183897219884,5,-0.06666666666666668,0.0756912588524373,5,-0.008333333333333333,0.018633899812498245,5,4.2,,1,0.31666666666666676,0.3870741387497866,5,-0.061111111111111116,0.03878955567713596,5,0.03333333333333333,0.018633899812498245,5
steady_m1,regime_marginal,observed,sma_minus_ewma,-0.008333333333333328,0.034860834438919804,5,-2.7755575615628915e-18,0.02946278254943948,5,-0.008333333333333333,0.018633899812498245,5,1.4952380952380953,1.7406536942903694,5,0.15833333333333321,0.12289901003127152,5,-0.061111111111111116,0.03878955567713596,5,0.03333333333333333,0.018633899812498245,5
steady_m1,regime_marginal,observed,sma_minus_point,-0.1,0.08122328620674137,5,-0.1,0.08122328620674137,5,0.0,0.02946278254943948,5,2.805952380952381,0.9083341134615632,5,0.7749999999999998,0.5516704430887862,5,-0.061111111111111116,0.03878955567713596,5,0.03333333333333333,0.018633899812498245,5
steady_m2_r10_k1,regime_conditional,clean,sma_minus_ewma,-0.041666666666666664,0.05892556509887897,5,-0.041666666666666664,0.05892556509887897,5,0.0,0.02946278254943948,5,0.25,0.3535533905932738,2,0.19166666666666643,0.25103950552320103,5,-0.061111111111111116,0.03878955567713596,5,0.03333333333333333,0.018633899812498245,5
steady_m2_r10_k1,regime_conditional,clean,sma_minus_point,-0.075,0.03486083443891981,5,-0.075,0.03486083443891981,5,-0.016666666666666666,0.02282177322938192,5,1.6666666666666667,0.47140452079103157,2,0.31666666666666643,0.24755751295854928,5,-0.061111111111111116,0.03878955567713596,5,0.03333333333333333,0.018633899812498245,5
steady_m2_r10_k1,regime_conditional,observed,sma_minus_ewma,-0.07500000000000002,0.061801654059130504,5,-0.08333333333333333,0.058925565098878946,5,0.008333333333333333,0.04564354645876384,5,1.1796894409937888,0.23131552786899892,5,1.3000000000000003,0.31650215024721573,5,-0.061111111111111116,0.03878955567713596,5,0.03333333333333333,0.018633899812498245,5
steady_m2_r10_k1,regime_conditional,observed,sma_minus_point,-0.03333333333333337,0.06180165405913052,5,-0.05833333333333335,0.07569125885243728,5,0.0,0.02946278254943948,5,2.104195369847544,0.18804368300736682,5,2.0833333333333335,0.2990145853001527,5,-0.061111111111111116,0.03878955567713596,5,0.03333333333333333,0.018633899812498245,5
steady_m2_r10_k1,regime_marginal,clean,sma_minus_ewma,-0.008333333333333333,0.018633899812498245,5,-0.008333333333333333,0.018633899812498245,5,-0.008333333333333333,0.018633899812498245,5,2.0,,1,0.1,0.18066236157232304,5,-0.061111111111111116,0.03878955567713596,5,0.03333333333333333,0.018633899812498245,5
steady_m2_r10_k1,regime_marginal,clean,sma_minus_point,-0.058333333333333334,0.08640183897219884,5,-0.06666666666666668,0.0756912588524373,5,-0.008333333333333333,0.018633899812498245,5,4.2,,1,0.31666666666666676,0.3870741387497866,5,-0.061111111111111116,0.03878955567713596,5,0.03333333333333333,0.018633899812498245,5
steady_m2_r10_k1,regime_marginal,observed,sma_minus_ewma,-0.13333333333333336,0.03486083443891984,5,-0.14166666666666666,0.04750730937913073,5,-0.008333333333333335,0.01863389981249825,5,0.8687319568975912,0.5716272322817294,5,0.8583333333333332,0.35551215012835885,5,-0.061111111111111116,0.03878955567713596,5,0.03333333333333333,0.018633899812498245,5
steady_m2_r10_k1,regime_marginal,observed,sma_minus_point,-0.15833333333333335,0.08014743359029733,5,-0.18333333333333335,0.10458250331675949,5,0.008333333333333333,0.03486083443891982,5,2.782136632268884,0.8554245373912357,5,2.475,0.6170325491144425,5,-0.061111111111111116,0.03878955567713596,5,0.03333333333333333,0.018633899812498245,5
steady_m4,regime_conditional,clean,sma_minus_ewma,-0.041666666666666664,0.05892556509887897,5,-0.041666666666666664,0.05892556509887897,5,0.0,0.02946278254943948,5,0.25,0.3535533905932738,2,0.19166666666666643,0.25103950552320103,5,-0.061111111111111116,0.03878955567713596,5,0.03333333333333333,0.018633899812498245,5
steady_m4,regime_conditional,clean,sma_minus_point,-0.075,0.03486083443891981,5,-0.075,0.03486083443891981,5,-0.016666666666666666,0.02282177322938192,5,1.6666666666666667,0.47140452079103157,2,0.31666666666666643,0.24755751295854928,5,-0.061111111111111116,0.03878955567713596,5,0.03333333333333333,0.018633899812498245,5
steady_m4,regime_conditional,observed,sma_minus_ewma,-0.033333333333333305,0.01863389981249823,5,-0.04166666666666667,0.029462782549439494,5,0.016666666666666666,0.02282177322938192,5,1.1796442687747035,0.32557583693386316,5,1.3750000000000002,0.5170697352496191,5,-0.061111111111111116,0.03878955567713596,5,0.03333333333333333,0.018633899812498245,5
steady_m4,regime_conditional,observed,sma_minus_point,-0.033333333333333305,0.01863389981249823,5,0.0,0.029462782549439532,5,0.008333333333333333,0.018633899812498245,5,1.881818181818182,0.3932816255176449,5,1.8166666666666669,0.57478860848528,5,-0.061111111111111116,0.03878955567713596,5,0.03333333333333333,0.018633899812498245,5
steady_m4,regime_marginal,clean,sma_minus_ewma,-0.008333333333333333,0.018633899812498245,5,-0.008333333333333333,0.018633899812498245,5,-0.008333333333333333,0.018633899812498245,5,2.0,,1,0.1,0.18066236157232304,5,-0.061111111111111116,0.03878955567713596,5,0.03333333333333333,0.018633899812498245,5
steady_m4,regime_marginal,clean,sma_minus_point,-0.058333333333333334,0.08640183897219884,5,-0.06666666666666668,0.0756912588524373,5,-0.008333333333333333,0.018633899812498245,5,4.2,,1,0.31666666666666676,0.3870741387497866,5,-0.061111111111111116,0.03878955567713596,5,0.03333333333333333,0.018633899812498245,5
steady_m4,regime_marginal,observed,sma_minus_ewma,-0.04166666666666665,0.02946278254943949,5,-0.04166666666666665,0.029462782549439452,5,-0.008333333333333335,0.01863389981249825,5,1.3795388669301711,0.2437843179837668,5,1.425,0.2801289385661935,5,-0.061111111111111116,0.03878955567713596,5,0.03333333333333333,0.018633899812498245,5
steady_m4,regime_marginal,observed,sma_minus_point,-0.04166666666666665,0.02946278254943949,5,-0.05,0.06846531968814575,5,-0.008333333333333333,0.018633899812498245,5,2.7931093544137022,0.30522930019995226,5,2.9,0.2725904538966021,5,-0.061111111111111116,0.03878955567713596,5,0.03333333333333333,0.018633899812498245,5
steady_r02,regime_conditional,clean,sma_minus_ewma,-0.016666666666666666,0.03726779962499649,5,-0.016666666666666666,0.03726779962499649,5,0.0,0.05892556509887896,5,0.0,,1,0.05,0.1118033988749895,5,-0.08333333333333334,0.10206207261596575,5,0.08333333333333333,0.10206207261596575,5
steady_r02,regime_conditional,clean,sma_minus_point,0.0,0.0,5,0.0,0.0,5,0.0,0.05892556509887896,5,0.0,,1,0.0,0.0,5,-0.08333333333333334,0.10206207261596575,5,0.08333333333333333,0.10206207261596575,5
steady_r02,regime_conditional,observed,sma_minus_ewma,-0.36666666666666664,0.17280367794439766,5,-0.35,0.18066236157232332,5,0.0,0.05892556509887896,5,0.4121212121212121,0.36492476578773914,5,0.9,0.2969754946867579,5,-0.08333333333333334,0.10206207261596575,5,0.08333333333333333,0.10206207261596575,5
steady_r02,regime_conditional,observed,sma_minus_point,-0.38333333333333336,0.11180339887498948,5,-0.38333333333333336,0.11180339887498948,5,0.0,0.05892556509887896,5,1.3188888888888888,0.5350031729454773,5,1.7833333333333332,0.5910207742165715,5,-0.08333333333333334,0.10206207261596575,5,0.08333333333333333,0.10206207261596575,5
steady_r02,regime_marginal,clean,sma_minus_ewma,-0.016666666666666666,0.03726779962499649,5,-0.016666666666666666,0.03726779962499649,5,-0.016666666666666666,0.03726779962499649,5,,,0,0.033333333333333305,0.07453559924999292,5,-0.08333333333333334,0.10206207261596575,5,0.08333333333333333,0.10206207261596575,5
steady_r02,regime_marginal,clean,sma_minus_point,0.016666666666666666,0.03726779962499649,5,0.0,0.0,5,0.0,0.0,5,,,0,0.0,0.0,5,-0.08333333333333334,0.10206207261596575,5,0.08333333333333333,0.10206207261596575,5
steady_r02,regime_marginal,observed,sma_minus_ewma,-0.16666666666666669,0.13176156917368248,5,-0.15,0.12360330811826105,5,-0.016666666666666666,0.03726779962499649,5,0.1166666666666667,1.178864802351068,5,0.31666666666666676,0.1086533734200441,5,-0.08333333333333334,0.10206207261596575,5,0.08333333333333333,0.10206207261596575,5
steady_r02,regime_marginal,observed,sma_minus_point,-0.4,0.16029486718059455,5,-0.4,0.16029486718059455,5,0.0,0.0,5,1.2028571428571428,1.131378866953758,5,1.4333333333333336,0.2725904538966021,5,-0.08333333333333334,0.10206207261596575,5,0.08333333333333333,0.10206207261596575,5
steady_r20,regime_conditional,clean,sma_minus_ewma,-0.03888888888888889,0.03167153958608717,5,-0.03333333333333334,0.03621779114001472,5,0.0,0.019641855032959652,5,0.07499999999999996,0.73553961043476,4,0.1722222222222225,0.21641723534202698,5,-0.0555555555555556,0.022680460581325734,5,0.0,0.0,5
steady_r20,regime_conditional,clean,sma_minus_point,-0.09444444444444444,0.042127085800286394,5,-0.09444444444444444,0.042127085800286394,5,-0.01111111111111111,0.015214515486254614,5,1.3166666666666664,1.0668402636515684,4,0.6333333333333335,0.21819263207394948,5,-0.0555555555555556,0.022680460581325734,5,0.0,0.0,5
steady_r20,regime_conditional,observed,sma_minus_ewma,0.0,0.0,5,0.005555555555555558,0.012422599874998837,5,0.0,0.019641855032959652,5,1.5671097529921059,0.11871800432392621,5,1.461111111111111,0.19895560643855523,5,-0.0555555555555556,0.022680460581325734,5,0.0,0.0,5
steady_r20,regime_conditional,observed,sma_minus_point,0.005555555555555558,0.012422599874998837,5,-0.02777777777777779,0.0340206908719886,5,0.03333333333333334,0.03621779114001472,5,2.392030387912741,0.33021666410745615,5,2.5944444444444446,0.5187830013301669,5,-0.0555555555555556,0.022680460581325734,5,0.0,0.0,5
steady_r20,regime_marginal,clean,sma_minus_ewma,-0.005555555555555555,0.01242259987499883,5,-0.01111111111111111,0.015214515486254614,5,0.0,0.019641855032959652,5,2.625,3.3509948771471834,4,0.16111111111111107,0.1928506106412202,5,-0.0555555555555556,0.022680460581325734,5,0.0,0.0,5
steady_r20,regime_marginal,clean,sma_minus_point,-0.061111111111111116,0.06916610887771518,5,-0.07222222222222223,0.057601225981465894,5,0.0,0.019641855032959652,5,2.375,2.3496453633119474,4,0.555555555555555,0.3648312649045477,5,-0.0555555555555556,0.022680460581325734,5,0.0,0.0,5
steady_r20,regime_marginal,observed,sma_minus_ewma,0.0,0.027777777777777735,5,-0.011111111111111094,0.03167153958608714,5,0.01111111111111111,0.015214515486254614,5,1.2087206323524458,0.30216449526679645,5,1.1333333333333333,0.3364438206364396,5,-0.0555555555555556,0.022680460581325734,5,0.0,0.0,5
steady_r20,regime_marginal,observed,sma_minus_point,-0.016666666666666673,0.03167153958608711,5,-0.049999999999999975,0.04120110270608699,5,0.03333333333333333,0.04120110270608701,5,2.5906386605607965,0.522167617039334,5,2.694444444444444,0.3447131568330795,5,-0.0555555555555556,0.022680460581325734,5,0.0,0.0,5
switch_d0,regime_conditional,clean,sma_minus_ewma,-0.03333333333333333,0.03486083443891981,5,-0.041666666666666664,0.02946278254943948,5,0.008333333333333333,0.03486083443891982,5,-2.5,,1,0.22500000000000037,0.17824374696839557,5,-0.17222222222222222,0.021063542900143218,5,0.1,0.04750730937913075,5
switch_d0,regime_conditional,clean,sma_minus_point,-0.075,0.018633899812498248,5,-0.08333333333333333,0.02946278254943948,5,-0.008333333333333333,0.03486083443891981,5,-1.6666666666666665,,1,0.3833333333333332,0.2345948043376541,5,-0.17222222222222222,0.021063542900143218,5,0.1,0.04750730937913075,5
switch_d0,regime_conditional,observed,sma_minus_ewma,-0.10833333333333332,0.047507309379130745,5,-0.125,0.0510310363079829,5,0.016666666666666666,0.047507309379130745,5,1.7228649192150336,0.30589290576881056,5,1.9083333333333337,0.40760990337985303,5,-0.17222222222222222,0.021063542900143218,5,0.1,0.04750730937913075,5
switch_d0,regime_conditional,observed,sma_minus_point,-0.09166666666666667,0.054326686710022075,5,-0.12500000000000006,0.07216878364870326,5,0.016666666666666666,0.037267799624996496,5,2.414004576659039,0.20362573931218686,5,2.5166666666666666,0.3881938232950704,5,-0.17222222222222222,0.021063542900143218,5,0.1,0.04750730937913075,5
switch_d0,regime_marginal,clean,sma_minus_ewma,0.0,0.0,5,0.0,0.0,5,0.008333333333333333,0.018633899812498245,5,0.0,0.0,2,0.0,0.0,5,-0.17222222222222222,0.021063542900143218,5,0.1,0.04750730937913075,5
switch_d0,regime_marginal,clean,sma_minus_point,-0.04166666666666667,0.05892556509887896,5,-0.05,0.04564354645876384,5,0.008333333333333333,0.018633899812498245,5,2.125,4.419417382415922,2,0.225,0.25786247411276353,5,-0.17222222222222222,0.021063542900143218,5,0.1,0.04750730937913075,5
switch_d0,regime_marginal,observed,sma_minus_ewma,-0.175,0.09947780321927771,5,-0.1916666666666667,0.08640183897219884,5,0.008333333333333333,0.018633899812498245,5,1.4358531011472189,0.3601560547732706,5,1.2999999999999998,0.494237628406957,5,-0.17222222222222222,0.021063542900143218,5,0.1,0.04750730937913075,5
switch_d0,regime_marginal,observed,sma_minus_point,-0.18333333333333332,0.055901699437494734,5,-0.2166666666666667,0.06846531968814576,5,0.025,0.03726779962499649,5,3.3930054293831384,0.5331831185072947,5,2.875,0.3200477394945252,5,-0.17222222222222222,0.021063542900143218,5,0.1,0.04750730937913075,5
switch_d12,regime_conditional,clean,sma_minus_ewma,-0.024999999999999994,0.022821773229381916,5,-0.03333333333333333,0.018633899812498248,5,0.008333333333333331,0.03486083443891981,5,-0.8666666666666666,1.3914420976494535,5,0.25000000000000033,0.17179606773406927,5,-0.14166666666666666,0.0432566986177706,5,0.075,0.03486083443891982,5
switch_d12,regime_conditional,clean,sma_minus_point,-0.05,0.034860834438919824,5,-0.05,0.034860834438919824,5,0.008333333333333335,0.06846531968814576,5,-0.7666666666666666,0.9689627902499088,5,0.3416666666666666,0.2091650066335188,5,-0.14166666666666666,0.0432566986177706,5,0.075,0.03486083443891982,5
switch_d12,regime_conditional,observed,sma_minus_ewma,-0.0916666666666667,0.03486083443891978,5,-0.10833333333333335,0.03726779962499646,5,0.016666666666666666,0.04750730937913076,5,1.5311566465571045,0.6814309348266923,5,1.7166666666666663,0.6779001483338906,5,-0.14166666666666666,0.0432566986177706,5,0.075,0.03486083443891982,5
switch_d12,regime_conditional,observed,sma_minus_point,-0.08333333333333333,0.058925565098878946,5,-0.10833333333333332,0.09592387027684447,5,0.03333333333333334,0.06180165405913052,5,2.256269577104818,0.6317997315366617,5,2.408333333333333,0.5290190082701294,5,-0.14166666666666666,0.0432566986177706,5,0.075,0.03486083443891982,5
switch_d12,regime_marginal,clean,sma_minus_ewma,0.0,0.0,5,0.0,0.0,5,-1.3877787807814458e-18,0.02946278254943948,5,0.9,0.22360679774997896,5,0.03333333333333375,0.06846531968814587,5,-0.14166666666666666,0.0432566986177706,5,0.075,0.03486083443891982,5
switch_d12,regime_marginal,clean,sma_minus_point,-0.025000000000000005,0.0372677996249965,5,-0.03333333333333334,0.018633899812498248,5,0.024999999999999998,0.037267799624996496,5,-0.08666666666666671,2.542155690660105,5,0.29166666666666696,0.20412414523193195,5,-0.14166666666666666,0.0432566986177706,5,0.075,0.03486083443891982,5
switch_d12,regime_marginal,observed,sma_minus_ewma,-0.16666666666666666,0.06588078458684127,5,-0.18333333333333332,0.055901699437494734,5,-1.3877787807814458e-18,0.02946278254943948,5,1.2638562753036438,0.6456027056575503,5,1.3083333333333333,0.6261101252087278,5,-0.14166666666666666,0.0432566986177706,5,0.075,0.03486083443891982,5
switch_d12,regime_marginal,observed,sma_minus_point,-0.16666666666666666,0.058925565098878946,5,-0.19166666666666668,0.04750730937913073,5,0.041666666666666664,0.04166666666666667,5,3.0347167151733716,0.672769166117641,5,2.716666666666667,0.5475640500333169,5,-0.14166666666666666,0.0432566986177706,5,0.075,0.03486083443891982,5
switch_d4,regime_conditional,clean,sma_minus_ewma,-0.024999999999999994,0.022821773229381916,5,-0.03333333333333333,0.018633899812498248,5,0.008333333333333333,0.03486083443891982,5,-0.9,1.3468069233891282,5,0.24166666666666697,0.18257418583505555,5,-0.12777777777777777,0.02671581119676573,5,0.03333333333333333,0.018633899812498245,5
switch_d4,regime_conditional,clean,sma_minus_point,-0.058333333333333334,0.037267799624996496,5,-0.058333333333333334,0.0372677996249965,5,-0.008333333333333333,0.03486083443891981,5,-1.1333333333333333,1.232657472473373,5,0.3916666666666666,0.22360679774997874,5,-0.12777777777777777,0.02671581119676573,5,0.03333333333333333,0.018633899812498245,5
switch_d4,regime_conditional,observed,sma_minus_ewma,-0.07500000000000004,0.01863389981249823,5,-0.09166666666666667,0.03486083443891979,5,0.016666666666666666,0.047507309379130745,5,1.147779973649539,0.4985134751040224,5,1.4916666666666667,0.5522994859876497,5,-0.12777777777777777,0.02671581119676573,5,0.03333333333333333,0.018633899812498245,5
switch_d4,regime_conditional,observed,sma_minus_point,-0.07500000000000004,0.03486083443891978,5,-0.1,0.07569125885243727,5,0.016666666666666666,0.037267799624996496,5,1.8790052700922266,0.43544480578633915,5,2.2333333333333334,0.4512713522187435,5,-0.12777777777777777,0.02671581119676573,5,0.03333333333333333,0.018633899812498245,5
switch_d4,regime_marginal,clean,sma_minus_ewma,0.0,0.0,5,0.0,0.0,5,0.008333333333333333,0.018633899812498245,5,0.8333333333333333,0.23570226039551584,5,0.06666666666666714,0.022821773229382083,5,-0.12777777777777777,0.02671581119676573,5,0.03333333333333333,0.018633899812498245,5
switch_d4,regime_marginal,clean,sma_minus_point,-0.04166666666666667,0.05103103630798288,5,-0.05,0.03486083443891982,5,0.008333333333333333,0.018633899812498245,5,-0.77,2.2590681461365634,5,0.366666666666667,0.2966830519819653,5,-0.12777777777777777,0.02671581119676573,5,0.03333333333333333,0.018633899812498245,5
switch_d4,regime_marginal,observed,sma_minus_ewma,-0.15833333333333333,0.054326686710022117,5,-0.175,0.04564354645876384,5,0.008333333333333333,0.018633899812498245,5,1.0685434740697897,0.5421981842751052,5,1.2666666666666666,0.5267167697686829,5,-0.12777777777777777,0.02671581119676573,5,0.03333333333333333,0.018633899812498245,5
switch_d4,regime_marginal,observed,sma_minus_point,-0.18333333333333332,0.06319062870042959,5,-0.2166666666666667,0.054326686710022096,5,0.025,0.03726779962499649,5,2.921444588749071,0.5215091071256718,5,2.941666666666667,0.4719566246548044,5,-0.12777777777777777,0.02671581119676573,5,0.03333333333333333,0.018633899812498245,5
