scenario,method,temporal,view,onset_phase,any_active_hit_mean,any_active_hit_std,any_active_hit_count,fresh_onset_hit_mean,fresh_onset_hit_std,fresh_onset_hit_count,pre_active_mean,pre_active_std,pre_active_count,fresh_delay_detected_mean,fresh_delay_detected_std,fresh_delay_detected_count,fresh_delay_capped_mean,fresh_delay_capped_std,fresh_delay_capped_count,scoreable_fraction_mean,scoreable_fraction_std,scoreable_fraction_count,fully_unavailable_mean,fully_unavailable_std,fully_unavailable_count,delay_fraction_capped_mean,delay_fraction_capped_std,delay_fraction_capped_count
count1,regime_conditional,cusum,clean,steady,0.05,0.04564354645876384,5,0.03333333333333333,0.04564354645876384,5,0.03333333333333333,0.04564354645876384,5,7.5,0.7071067811865476,2,11.85,0.2074983266331456,5,1.0,0.0,5,0.0,0.0,5,0.9875,0.017291527219428785,5
count1,regime_conditional,cusum,observed,steady,0.6,0.09128709291752768,5,0.5833333333333333,0.08333333333333331,5,0.03333333333333333,0.04564354645876384,5,6.197619047619048,0.9458706052172565,5,8.583333333333334,0.8779711460710619,5,1.0,0.0,5,0.0,0.0,5,0.7152777777777779,0.07316426217258849,5
count1,regime_conditional,ewma,clean,steady,0.1,0.09128709291752769,5,0.1,0.09128709291752769,5,0.0,0.0,5,5.583333333333333,3.919325338768282,4,11.416666666666668,0.49300664859163396,5,1.0,0.0,5,0.0,0.0,5,0.951388888888889,0.041083887382636235,5
count1,regime_conditional,ewma,observed,steady,0.7333333333333334,0.10865337342004418,5,0.7333333333333334,0.10865337342004418,5,0.0,0.0,5,5.021507936507936,0.9153624164720462,5,6.916666666666667,0.8057949835755714,5,1.0,0.0,5,0.0,0.0,5,0.576388888888889,0.06714958196463096,5
count1,regime_conditional,point,clean,steady,0.16666666666666666,0.10206207261596575,5,0.16666666666666666,0.10206207261596575,5,0.0,0.0,5,7.583333333333334,2.6158349704430113,4,11.266666666666666,0.6384660436459318,5,1.0,0.0,5,0.0,0.0,5,0.9388888888888889,0.05320550363716101,5
count1,regime_conditional,point,observed,steady,0.6166666666666667,0.1394433377556793,5,0.6166666666666667,0.1394433377556793,5,0.0,0.0,5,4.633095238095239,1.6006819868822322,5,7.55,0.9063816954119153,5,1.0,0.0,5,0.0,0.0,5,0.6291666666666667,0.07553180795099293,5
count1,regime_marginal,cusum,clean,steady,0.05,0.04564354645876384,5,0.03333333333333333,0.04564354645876384,5,0.016666666666666666,0.03726779962499649,5,5.5,2.1213203435596424,2,11.783333333333335,0.3095695936834445,5,1.0,0.0,5,0.0,0.0,5,0.9819444444444445,0.025797466140287058,5
count1,regime_marginal,cusum,observed,steady,0.18333333333333332,0.10865337342004415,5,0.16666666666666666,0.13176156917368248,5,0.016666666666666666,0.03726779962499649,5,7.5,2.0816659994661326,4,11.35,0.4873397172404484,5,1.0,0.0,5,0.0,0.0,5,0.9458333333333332,0.04061164310337072,5
count1,regime_marginal,ewma,clean,steady,0.03333333333333333,0.04564354645876384,5,0.03333333333333333,0.04564354645876384,5,0.0,0.0,5,7.0,0.0,2,11.833333333333334,0.22821773229381864,5,1.0,0.0,5,0.0,0.0,5,0.986111111111111,0.019018144357818283,5
count1,regime_marginal,ewma,observed,steady,0.4,0.06972166887783963,5,0.4,0.06972166887783963,5,0.0,0.0,5,6.32,0.5805170109479996,5,9.75,0.2946278254943946,5,1.0,0.0,5,0.0,0.0,5,0.8125,0.024552318791199592,5
count1,regime_marginal,point,clean,steady,0.1,0.09128709291752769,5,0.1,0.09128709291752769,5,0.0,0.0,5,5.583333333333333,3.1666666666666665,4,11.416666666666668,0.46398036356916794,5,1.0,0.0,5,0.0,0.0,5,0.951388888888889,0.0386650302974307,5
count1,regime_marginal,point,observed,steady,0.4333333333333333,0.10865337342004419,5,0.4333333333333333,0.10865337342004419,5,0.0,0.0,5,5.403333333333333,1.9280963553607882,5,9.2,0.8070866675202166,5,1.0,0.0,5,0.0,0.0,5,0.7666666666666667,0.0672572222933514,5
count3,regime_conditional,cusum,clean,steady,0.0611111111111111,0.03621779114001471,5,0.05,0.030429030972509225,5,0.016666666666666666,0.015214515486254614,5,6.125,1.6520189667999174,4,11.7,0.21819263207395043,5,1.0,0.0,5,0.0,0.0,5,0.975,0.018182719339495838,5
count3,regime_conditional,cusum,observed,steady,0.6444444444444445,0.12789849370245931,5,0.6333333333333333,0.12638125740085918,5,0.02777777777777778,0.019641855032959652,5,5.927149758454107,0.3425726117271849,5,8.133333333333333,0.957709136493673,5,1.0,0.0,5,0.0,0.0,5,0.6777777777777778,0.0798090947078061,5
count3,regime_conditional,ewma,clean,steady,0.10555555555555556,0.05343162239353152,5,0.10555555555555556,0.05343162239353152,5,0.0,0.0,5,5.90952380952381,2.389057632599533,5,11.36111111111111,0.37628381067066863,5,1.0,0.0,5,0.0,0.0,5,0.9467592592592593,0.031356984222555735,5
count3,regime_conditional,ewma,observed,steady,0.7555555555555555,0.09501461875826149,5,0.7555555555555555,0.09501461875826149,5,0.0,0.0,5,4.895402173913044,0.4399097964795892,5,6.622222222222223,0.8178185376315622,5,1.0,0.0,5,0.0,0.0,5,0.5518518518518519,0.0681515448026302,5
count3,regime_conditional,point,clean,steady,0.2,0.04969039949999532,5,0.2,0.04969039949999532,5,0.0,0.0,5,6.925714285714285,1.6253853546222223,5,10.927777777777779,0.6357410374253545,5,1.0,0.0,5,0.0,0.0,5,0.9106481481481481,0.05297841978544627,5
count3,regime_conditional,point,observed,steady,0.5833333333333333,0.08098544298396246,5,0.5833333333333333,0.08098544298396246,5,0.0,0.0,5,4.5045730898974945,0.6523045491453701,5,7.627777777777777,0.7094490124276499,5,1.0,0.0,5,0.0,0.0,5,0.6356481481481482,0.059120751035637464,5
count3,regime_marginal,cusum,clean,steady,0.05,0.023240556292613207,5,0.02777777777777778,0.027777777777777776,5,0.02222222222222222,0.01242259987499883,5,5.5,1.3228756555322954,3,11.811111111111112,0.20355634400623634,5,1.0,0.0,5,0.0,0.0,5,0.9842592592592594,0.01696302866718636,5
count3,regime_marginal,cusum,observed,steady,0.2,0.07453559924999299,5,0.18333333333333332,0.06394924685122966,5,0.016666666666666666,0.015214515486254614,5,6.829761904761905,1.5658699486691494,5,11.127777777777776,0.174138089096194,5,1.0,0.0,5,0.0,0.0,5,0.9273148148148149,0.014511507424682876,5
count3,regime_marginal,ewma,clean,steady,0.05555555555555556,0.034020690871988585,5,0.05555555555555556,0.034020690871988585,5,0.0,0.0,5,6.291666666666667,1.3359349618234497,4,11.694444444444445,0.17568209223157694,5,1.0,0.0,5,0.0,0.0,5,0.974537037037037,0.01464017435263139,5
count3,regime_marginal,ewma,observed,steady,0.3888888888888889,0.07607257743127306,5,0.3888888888888889,0.07607257743127306,5,0.0,0.0,5,6.124049773755656,0.7692598627050772,5,9.716666666666665,0.5563882648246351,5,1.0,0.0,5,0.0,0.0,5,0.8097222222222223,0.046365688735386254,5
count3,regime_marginal,point,clean,steady,0.12777777777777777,0.042127085800286394,5,0.12777777777777777,0.042127085800286394,5,0.005555555555555555,0.01242259987499883,5,5.173333333333334,1.583842023547663,5,11.166666666666668,0.24689428936987676,5,1.0,0.0,5,0.0,0.0,5,0.9305555555555556,0.02057452411415647,5
count3,regime_marginal,point,observed,steady,0.4444444444444445,0.06804138174397718,5,0.4444444444444445,0.06804138174397718,5,0.005555555555555555,0.01242259987499883,5,4.984050624298303,1.0594787649677564,5,8.86111111111111,0.7500000000000001,5,1.0,0.0,5,0.0,0.0,5,0.7384259259259259,0.06250000000000001,5
duration24,regime_conditional,cusum,clean,steady,0.06666666666666667,0.037267799624996496,5,0.05833333333333333,0.02282177322938192,5,0.016666666666666666,0.02282177322938192,5,10.1,5.504543577809154,5,23.158333333333335,0.5097997973060927,5,1.0,0.0,5,0.0,0.0,5,0.9649305555555555,0.021241658221087215,5
duration24,regime_conditional,cusum,observed,steady,0.8916666666666666,0.06319062870042963,5,0.8666666666666666,0.11562030771259678,5,0.03333333333333333,0.054326686710022075,5,8.847964897421418,1.0439469577869849,5,10.866666666666667,2.0147890708458784,5,1.0,0.0,5,0.0,0.0,5,0.4527777777777778,0.08394954461857829,5
duration24,regime_conditional,ewma,clean,steady,0.16666666666666666,0.08333333333333334,5,0.16666666666666666,0.08333333333333334,5,0.0,0.0,5,10.033333333333333,4.792065200817794,5,21.641666666666666,1.3393743356922696,5,1.0,0.0,5,0.0,0.0,5,0.9017361111111111,0.05580726398717795,5
duration24,regime_conditional,ewma,observed,steady,0.9083333333333334,0.08014743359029729,5,0.9083333333333334,0.08014743359029729,5,0.0,0.0,5,6.706396921156646,1.2371611579933255,5,8.308333333333334,1.5870570248103884,5,1.0,0.0,5,0.0,0.0,5,0.34618055555555555,0.06612737603376619,5
duration24,regime_conditional,point,clean,steady,0.275,0.047507309379130745,5,0.275,0.047507309379130745,5,0.0,0.0,5,10.928333333333333,1.9415021389520941,5,20.416666666666668,0.6909634979907074,5,1.0,0.0,5,0.0,0.0,5,0.8506944444444444,0.02879014574961276,5
duration24,regime_conditional,point,observed,steady,0.825,0.09947780321927771,5,0.825,0.09947780321927771,5,0.0,0.0,5,7.295536881419234,0.9499045778411105,5,10.225,1.782096533736474,5,1.0,0.0,5,0.0,0.0,5,0.4260416666666667,0.07425402223901974,5
duration24,regime_marginal,cusum,clean,steady,0.049999999999999996,0.018633899812498245,5,0.025,0.02282177322938192,5,0.025,0.02282177322938192,5,9.666666666666666,7.371114795831994,3,23.64166666666667,0.39264063297965757,5,1.0,0.0,5,0.0,0.0,5,0.9850694444444444,0.01636002637415241,5
duration24,regime_marginal,cusum,observed,steady,0.4583333333333333,0.14129854131510974,5,0.425,0.14848774734337883,5,0.041666666666666664,0.02946278254943948,5,13.58927960927961,1.354132924415965,5,19.475,1.777218879160484,5,1.0,0.0,5,0.0,0.0,5,0.8114583333333334,0.07405078663168685,5
duration24,regime_marginal,ewma,clean,steady,0.09166666666666666,0.054326686710022075,5,0.09166666666666666,0.054326686710022075,5,0.0,0.0,5,10.041666666666668,4.989572459974235,4,22.758333333333333,0.8161775746327108,5,1.0,0.0,5,0.0,0.0,5,0.9482638888888889,0.03400739894302962,5
duration24,regime_marginal,ewma,observed,steady,0.6583333333333333,0.09947780321927767,5,0.6583333333333333,0.09947780321927767,5,0.0,0.0,5,9.979773670601844,1.4744141657220484,5,14.716666666666669,1.987023877282025,5,1.0,0.0,5,0.0,0.0,5,0.6131944444444445,0.08279266155341769,5
duration24,regime_marginal,point,clean,steady,0.21666666666666665,0.09033118078616166,5,0.21666666666666665,0.09033118078616166,5,0.0,0.0,5,11.133333333333335,1.630439613519413,5,21.233333333333334,1.1143788753282167,5,1.0,0.0,5,0.0,0.0,5,0.8847222222222222,0.04643245313867565,5
duration24,regime_marginal,point,observed,steady,0.625,0.0931694990624912,5,0.625,0.0931694990624912,5,0.0,0.0,5,7.187896825396825,1.5686521614078581,5,13.458333333333334,1.9871549316100703,5,1.0,0.0,5,0.0,0.0,5,0.560763888888889,0.0827981221504196,5
duration4,regime_conditional,cusum,clean,steady,0.016666666666666666,0.02282177322938192,5,0.008333333333333333,0.018633899812498245,5,0.016666666666666666,0.02282177322938192,5,1.0,,1,3.975,0.055901699437494706,5,1.0,0.0,5,0.0,0.0,5,0.99375,0.013975424859373677,5
duration4,regime_conditional,cusum,observed,steady,0.14166666666666666,0.05590169943749474,5,0.125,0.041666666666666664,5,0.016666666666666666,0.02282177322938192,5,1.95,0.6224949798994366,5,3.7583333333333337,0.06180165405913068,5,1.0,0.0,5,0.0,0.0,5,0.9395833333333334,0.01545041351478267,5
duration4,regime_conditional,ewma,clean,steady,0.024999999999999998,0.03726779962499649,5,0.024999999999999998,0.03726779962499649,5,0.0,0.0,5,2.0,1.4142135623730951,2,3.9416666666666673,0.1086533734200442,5,1.0,0.0,5,0.0,0.0,5,0.9854166666666668,0.02716334335501105,5
duration4,regime_conditional,ewma,observed,steady,0.24166666666666664,0.061801654059130524,5,0.24166666666666664,0.061801654059130524,5,0.0,0.0,5,2.0816666666666666,0.20919820479365717,5,3.5416666666666665,0.09771699499632133,5,1.0,0.0,5,0.0,0.0,5,0.8854166666666666,0.024429248749080333,5
duration4,regime_conditional,point,clean,steady,0.025,0.03726779962499649,5,0.025,0.03726779962499649,5,0.0,0.0,5,1.5,0.7071067811865476,2,3.9416666666666673,0.08122328620674123,5,1.0,0.0,5,0.0,0.0,5,0.9854166666666668,0.020305821551685307,5
duration4,regime_conditional,point,observed,steady,0.25,0.06588078458684124,5,0.25,0.06588078458684124,5,0.0,0.0,5,1.1711904761904761,0.576536200883956,5,3.3083333333333336,0.1682219103182196,5,1.0,0.0,5,0.0,0.0,5,0.8270833333333334,0.0420554775795549,5
duration4,regime_marginal,cusum,clean,steady,0.025,0.02282177322938192,5,0.0,0.0,5,0.025,0.02282177322938192,5,,,0,4.0,0.0,5,1.0,0.0,5,0.0,0.0,5,1.0,0.0,5
duration4,regime_marginal,cusum,observed,steady,0.041666666666666664,0.0,5,0.016666666666666666,0.02282177322938192,5,0.025,0.02282177322938192,5,2.0,0.0,2,3.9666666666666663,0.04564354645876399,5,1.0,0.0,5,0.0,0.0,5,0.9916666666666666,0.011410886614690998,5
duration4,regime_marginal,ewma,clean,steady,0.008333333333333333,0.018633899812498245,5,0.008333333333333333,0.018633899812498245,5,0.0,0.0,5,0.0,,1,3.9666666666666663,0.07453559924999291,5,1.0,0.0,5,0.0,0.0,5,0.9916666666666666,0.018633899812498227,5
duration4,regime_marginal,ewma,observed,steady,0.075,0.018633899812498245,5,0.075,0.018633899812498245,5,0.0,0.0,5,2.1,1.2449899597988732,5,3.875,0.04166666666666652,5,1.0,0.0,5,0.0,0.0,5,0.96875,0.01041666666666663,5
duration4,regime_marginal,point,clean,steady,0.025,0.02282177322938192,5,0.025,0.02282177322938192,5,0.0,0.0,5,2.3333333333333335,1.1547005383792517,3,3.9583333333333335,0.05103103630798296,5,1.0,0.0,5,0.0,0.0,5,0.9895833333333334,0.01275775907699574,5
duration4,regime_marginal,point,observed,steady,0.175,0.061801654059130524,5,0.175,0.061801654059130524,5,0.0,0.0,5,0.8533333333333333,0.5927103470967547,5,3.475,0.13372338779901016,5,1.0,0.0,5,0.0,0.0,5,0.86875,0.03343084694975254,5
magnitude2,regime_conditional,cusum,clean,steady,0.049999999999999996,0.03486083443891982,5,0.041666666666666664,0.02946278254943948,5,0.016666666666666666,0.02282177322938192,5,7.75,2.5,4,11.8,0.2308649196199184,5,1.0,0.0,5,0.0,0.0,5,0.9833333333333334,0.01923874330165984,5
magnitude2,regime_conditional,cusum,observed,steady,0.975,0.02282177322938192,5,0.9416666666666667,0.04750730937913076,5,0.03333333333333333,0.054326686710022075,5,3.439097496706192,0.7915733902966146,5,3.925,0.9580615556656286,5,1.0,0.0,5,0.0,0.0,5,0.3270833333333333,0.0798384629721357,5
magnitude2,regime_conditional,ewma,clean,steady,0.10833333333333332,0.0756912588524373,5,0.10833333333333332,0.0756912588524373,5,0.0,0.0,5,6.0,2.943920288775949,4,11.341666666666667,0.5639641438562875,5,1.0,0.0,5,0.0,0.0,5,0.945138888888889,0.04699701198802394,5
magnitude2,regime_conditional,ewma,observed,steady,1.0,0.0,5,1.0,0.0,5,0.0,0.0,5,2.191666666666667,0.38028680697015443,5,2.191666666666667,0.38028680697015443,5,1.0,0.0,5,0.0,0.0,5,0.18263888888888888,0.03169056724751287,5
magnitude2,regime_conditional,point,clean,steady,0.175,0.061801654059130524,5,0.175,0.061801654059130524,5,0.0,0.0,5,7.453333333333333,1.6914162376212691,5,11.2,0.369637585270282,5,1.0,0.0,5,0.0,0.0,5,0.9333333333333333,0.030803132105856747,5
magnitude2,regime_conditional,point,observed,steady,0.9833333333333334,0.0228217732293819,5,0.9833333333333334,0.0228217732293819,5,0.0,0.0,5,1.6956521739130435,0.4922355145937228,5,1.875,0.31040967553648613,5,1.0,0.0,5,0.0,0.0,5,0.15625,0.025867472961373848,5
magnitude2,regime_marginal,cusum,clean,steady,0.041666666666666664,0.0,5,0.016666666666666666,0.02282177322938192,5,0.025,0.02282177322938192,5,5.5,2.1213203435596424,2,11.891666666666666,0.15478479684172286,5,1.0,0.0,5,0.0,0.0,5,0.9909722222222221,0.012898733070143576,5
magnitude2,regime_marginal,cusum,observed,steady,0.6583333333333334,0.19184774055368894,5,0.625,0.20198666072568036,5,0.041666666666666664,0.02946278254943948,5,7.083892876129719,0.5287325369741586,5,8.883333333333333,1.139337648714277,5,1.0,0.0,5,0.0,0.0,5,0.7402777777777778,0.09494480405952307,5
magnitude2,regime_marginal,ewma,clean,steady,0.05833333333333333,0.037267799624996496,5,0.05833333333333333,0.037267799624996496,5,0.0,0.0,5,7.125,2.719528145346787,4,11.683333333333334,0.277326021538229,5,1.0,0.0,5,0.0,0.0,5,0.9736111111111111,0.023110501794852422,5
magnitude2,regime_marginal,ewma,observed,steady,0.875,0.08838834764831845,5,0.875,0.08838834764831845,5,0.0,0.0,5,4.264524948735476,0.4367274492069927,5,5.225,0.83624491362014,5,1.0,0.0,5,0.0,0.0,5,0.4354166666666667,0.06968707613501164,5
magnitude2,regime_marginal,point,clean,steady,0.11666666666666665,0.07453559924999299,5,0.11666666666666665,0.07453559924999299,5,0.0,0.0,5,6.326666666666666,0.9220749547744057,5,11.375,0.3435921354681384,5,1.0,0.0,5,0.0,0.0,5,0.9479166666666666,0.02863267795567818,5
magnitude2,regime_marginal,point,observed,steady,0.9083333333333334,0.09033118078616167,5,0.9083333333333334,0.09033118078616167,5,0.0,0.0,5,2.545099160945843,0.7750926104574841,5,3.45,0.6464378890848249,5,1.0,0.0,5,0.0,0.0,5,0.2875,0.05386982409040208,5
magnitude4,regime_conditional,cusum,clean,steady,0.049999999999999996,0.03486083443891982,5,0.041666666666666664,0.02946278254943948,5,0.016666666666666666,0.02282177322938192,5,7.75,2.5,4,11.8,0.2308649196199184,5,1.0,0.0,5,0.0,0.0,5,0.9833333333333334,0.01923874330165984,5
magnitude4,regime_conditional,cusum,observed,steady,1.0,0.0,5,0.8833333333333334,0.1394433377556793,5,0.14166666666666666,0.14312970031098057,5,1.278409090909091,0.18636787073287595,5,2.525,1.5510972818549384,5,1.0,0.0,5,0.0,0.0,5,0.21041666666666664,0.12925810682124486,5
magnitude4,regime_conditional,ewma,clean,steady,0.10833333333333332,0.0756912588524373,5,0.10833333333333332,0.0756912588524373,5,0.0,0.0,5,6.0,2.943920288775949,4,11.341666666666667,0.5639641438562875,5,1.0,0.0,5,0.0,0.0,5,0.945138888888889,0.04699701198802394,5
magnitude4,regime_conditional,ewma,observed,steady,1.0,0.0,5,1.0,0.0,5,0.0,0.0,5,0.6333333333333334,0.05432668671002208,5,0.6333333333333334,0.05432668671002208,5,1.0,0.0,5,0.0,0.0,5,0.05277777777777777,0.004527223892501838,5
magnitude4,regime_conditional,point,clean,steady,0.175,0.061801654059130524,5,0.175,0.061801654059130524,5,0.0,0.0,5,7.453333333333333,1.6914162376212691,5,11.2,0.369637585270282,5,1.0,0.0,5,0.0,0.0,5,0.9333333333333333,0.030803132105856747,5
magnitude4,regime_conditional,point,observed,steady,1.0,0.0,5,1.0,0.0,5,0.0,0.0,5,0.025,0.03726779962499649,5,0.025,0.03726779962499649,5,1.0,0.0,5,0.0,0.0,5,0.0020833333333333333,0.003105649968749708,5
magnitude4,regime_marginal,cusum,clean,steady,0.041666666666666664,0.0,5,0.016666666666666666,0.02282177322938192,5,0.025,0.02282177322938192,5,5.5,2.1213203435596424,2,11.891666666666666,0.15478479684172286,5,1.0,0.0,5,0.0,0.0,5,0.9909722222222221,0.012898733070143576,5
magnitude4,regime_marginal,cusum,observed,steady,0.9833333333333332,0.03726779962499652,5,0.9083333333333334,0.03486083443891982,5,0.09166666666666666,0.06846531968814577,5,4.190683229813665,0.6993973995805063,5,4.9,0.7641035052050651,5,1.0,0.0,5,0.0,0.0,5,0.4083333333333333,0.0636752921004221,5
magnitude4,regime_marginal,ewma,clean,steady,0.05833333333333333,0.037267799624996496,5,0.05833333333333333,0.037267799624996496,5,0.0,0.0,5,7.125,2.719528145346787,4,11.683333333333334,0.277326021538229,5,1.0,0.0,5,0.0,0.0,5,0.9736111111111111,0.023110501794852422,5
magnitude4,regime_marginal,ewma,observed,steady,1.0,0.0,5,1.0,0.0,5,0.0,0.0,5,1.5,0.2263079269000045,5,1.5,0.2263079269000045,5,1.0,0.0,5,0.0,0.0,5,0.125,0.018858993908333708,5
magnitude4,regime_marginal,point,clean,steady,0.11666666666666665,0.07453559924999299,5,0.11666666666666665,0.07453559924999299,5,0.0,0.0,5,6.326666666666666,0.9220749547744057,5,11.375,0.3435921354681384,5,1.0,0.0,5,0.0,0.0,5,0.9479166666666666,0.02863267795567818,5
magnitude4,regime_marginal,point,observed,steady,1.0,0.0,5,1.0,0.0,5,0.0,0.0,5,0.05833333333333333,0.04750730937913075,5,0.05833333333333333,0.04750730937913075,5,1.0,0.0,5,0.0,0.0,5,0.00486111111111111,0.003958942448260895,5
steady_d12_n2_m1,regime_conditional,cusum,clean,steady,0.049999999999999996,0.03486083443891982,5,0.041666666666666664,0.02946278254943948,5,0.016666666666666666,0.02282177322938192,5,7.75,2.5,4,11.8,0.2308649196199184,5,1.0,0.0,5,0.0,0.0,5,0.9833333333333334,0.01923874330165984,5
steady_d12_n2_m1,regime_conditional,cusum,observed,steady,0.65,0.1003466214899358,5,0.6416666666666667,0.10458250331675943,5,0.025,0.03726779962499649,5,6.101258803116389,0.42738429892562635,5,8.225,0.6254165278702932,5,1.0,0.0,5,0.0,0.0,5,0.6854166666666667,0.052118043989191114,5
steady_d12_n2_m1,regime_conditional,ewma,clean,steady,0.10833333333333332,0.0756912588524373,5,0.10833333333333332,0.0756912588524373,5,0.0,0.0,5,6.0,2.943920288775949,4,11.341666666666667,0.5639641438562875,5,1.0,0.0,5,0.0,0.0,5,0.945138888888889,0.04699701198802394,5
steady_d12_n2_m1,regime_conditional,ewma,observed,steady,0.7666666666666667,0.10865337342004414,5,0.7666666666666667,0.10865337342004414,5,0.0,0.0,5,5.000354808590103,0.5217817535520984,5,6.6416666666666675,0.7595457341215354,5,1.0,0.0,5,0.0,0.0,5,0.5534722222222223,0.0632954778434613,5
steady_d12_n2_m1,regime_conditional,point,clean,steady,0.175,0.061801654059130524,5,0.175,0.061801654059130524,5,0.0,0.0,5,7.453333333333333,1.6914162376212691,5,11.2,0.369637585270282,5,1.0,0.0,5,0.0,0.0,5,0.9333333333333333,0.030803132105856747,5
steady_d12_n2_m1,regime_conditional,point,observed,steady,0.6333333333333333,0.10374916331657277,5,0.6333333333333333,0.10374916331657277,5,0.0,0.0,5,4.724143049932524,0.6509872199937946,5,7.416666666666667,0.6353312784157046,5,1.0,0.0,5,0.0,0.0,5,0.6180555555555556,0.052944273201308754,5
steady_d12_n2_m1,regime_marginal,cusum,clean,steady,0.041666666666666664,0.0,5,0.016666666666666666,0.02282177322938192,5,0.025,0.02282177322938192,5,5.5,2.1213203435596424,2,11.891666666666666,0.15478479684172286,5,1.0,0.0,5,0.0,0.0,5,0.9909722222222221,0.012898733070143576,5
steady_d12_n2_m1,regime_marginal,cusum,observed,steady,0.18333333333333332,0.08640183897219884,5,0.15833333333333335,0.09033118078616166,5,0.025,0.02282177322938192,5,7.425000000000001,0.98784276751583,4,11.283333333333335,0.42430498727003213,5,1.0,0.0,5,0.0,0.0,5,0.9402777777777779,0.035358748939169335,5
steady_d12_n2_m1,regime_marginal,ewma,clean,steady,0.05833333333333333,0.037267799624996496,5,0.05833333333333333,0.037267799624996496,5,0.0,0.0,5,7.125,2.719528145346787,4,11.683333333333334,0.277326021538229,5,1.0,0.0,5,0.0,0.0,5,0.9736111111111111,0.023110501794852422,5
steady_d12_n2_m1,regime_marginal,ewma,observed,steady,0.4083333333333333,0.09033118078616165,5,0.4083333333333333,0.09033118078616165,5,0.0,0.0,5,6.308571428571429,0.7944064656415263,5,9.675,0.6356044804401206,5,1.0,0.0,5,0.0,0.0,5,0.80625,0.052967040036676724,5
steady_d12_n2_m1,regime_marginal,point,clean,steady,0.11666666666666665,0.07453559924999299,5,0.11666666666666665,0.07453559924999299,5,0.0,0.0,5,6.326666666666666,0.9220749547744057,5,11.375,0.3435921354681384,5,1.0,0.0,5,0.0,0.0,5,0.9479166666666666,0.02863267795567818,5
steady_d12_n2_m1,regime_marginal,point,observed,steady,0.4833333333333333,0.10865337342004411,5,0.4833333333333333,0.10865337342004411,5,0.0,0.0,5,5.0060683760683755,1.1377652929901398,5,8.616666666666667,0.8855514603279073,5,1.0,0.0,5,0.0,0.0,5,0.7180555555555557,0.07379595502732561,5
switch_after6,regime_conditional,cusum,clean,after,0.025,0.02282177322938192,5,0.025,0.02282177322938192,5,0.0,0.0,5,7.0,1.0,3,11.875,0.11785113019775798,5,1.0,0.0,5,0.0,0.0,5,0.9895833333333334,0.009820927516479838,5
switch_after6,regime_conditional,cusum,observed,after,0.6416666666666667,0.0864018389721988,5,0.6416666666666667,0.0864018389721988,5,0.0,0.0,5,5.313784461152882,0.361422235757287,5,7.716666666666667,0.5483561292120701,5,1.0,0.0,5,0.0,0.0,5,0.6430555555555555,0.045696344101005856,5
switch_after6,regime_conditional,ewma,clean,after,0.075,0.08014743359029727,5,0.075,0.08014743359029727,5,0.0,0.0,5,8.525,1.7423642940939,4,11.666666666666666,0.46491486675877924,5,1.0,0.0,5,0.0,0.0,5,0.9722222222222221,0.038742905563231574,5
switch_after6,regime_conditional,ewma,observed,after,0.7833333333333334,0.09033118078616167,5,0.7833333333333334,0.09033118078616167,5,0.0,0.0,5,4.886036414565827,0.25730867013791464,5,6.425,0.6893283768358234,5,1.0,0.0,5,0.0,0.0,5,0.5354166666666667,0.05744403140298531,5
switch_after6,regime_conditional,point,clean,after,0.11666666666666665,0.07453559924999299,5,0.11666666666666665,0.07453559924999299,5,0.016666666666666666,0.02282177322938192,5,5.38,1.3682105101189657,5,11.275,0.4099457958749615,5,1.0,0.0,5,0.0,0.0,5,0.9395833333333334,0.03416214965624676,5
switch_after6,regime_conditional,point,observed,after,0.6583333333333333,0.14848774734337886,5,0.6583333333333333,0.14848774734337886,5,0.016666666666666666,0.02282177322938192,5,4.42774628879892,1.178831308890431,5,7.041666666666666,1.1569536147429016,5,1.0,0.0,5,0.0,0.0,5,0.5868055555555556,0.09641280122857515,5
switch_after6,regime_marginal,cusum,clean,after,0.0,0.0,5,0.0,0.0,5,0.0,0.0,5,,,0,12.0,0.0,5,1.0,0.0,5,0.0,0.0,5,1.0,0.0,5
switch_after6,regime_marginal,cusum,observed,after,0.16666666666666669,0.11410886614690963,5,0.16666666666666669,0.11410886614690963,5,0.0,0.0,5,7.035714285714286,1.7112517243517242,4,11.158333333333335,0.679179447732499,5,1.0,0.0,5,0.0,0.0,5,0.929861111111111,0.0565982873110416,5
switch_after6,regime_marginal,ewma,clean,after,0.025,0.02282177322938192,5,0.025,0.02282177322938192,5,0.0,0.0,5,5.0,4.0,3,11.825,0.19851882082619327,5,1.0,0.0,5,0.0,0.0,5,0.9854166666666666,0.016543235068849464,5
switch_after6,regime_marginal,ewma,observed,after,0.4333333333333333,0.11257713405088579,5,0.4333333333333333,0.11257713405088579,5,0.0,0.0,5,6.261111111111111,1.4250622685117316,5,9.5,0.8431710977020026,5,1.0,0.0,5,0.0,0.0,5,0.7916666666666667,0.0702642581418335,5
switch_after6,regime_marginal,point,clean,after,0.11666666666666665,0.08014743359029727,5,0.11666666666666665,0.08014743359029727,5,0.008333333333333333,0.018633899812498245,5,4.05,0.9882644720249063,4,11.1,0.5671872608661874,5,1.0,0.0,5,0.0,0.0,5,0.925,0.04726560507218226,5
switch_after6,regime_marginal,point,observed,after,0.39166666666666666,0.08640183897219883,5,0.39166666666666666,0.08640183897219883,5,0.008333333333333333,0.018633899812498245,5,3.6305555555555555,1.139633902662941,5,8.791666666666666,0.389755977788952,5,1.0,0.0,5,0.0,0.0,5,0.732638888888889,0.03247966481574603,5
switch_at,regime_conditional,cusum,clean,at,0.0,0.0,5,0.0,0.0,5,0.025,0.03726779962499649,5,,,0,12.0,0.0,5,1.0,0.0,5,0.0,0.0,5,1.0,0.0,5
switch_at,regime_conditional,cusum,observed,at,0.6083333333333334,0.08122328620674137,5,0.6083333333333334,0.08122328620674137,5,0.025,0.03726779962499649,5,7.011233211233211,0.4586973900729173,5,8.95,0.6133639032236716,5,1.0,0.0,5,0.0,0.0,5,0.7458333333333333,0.0511136586019726,5
switch_at,regime_conditional,ewma,clean,at,0.016666666666666666,0.03726779962499649,5,0.016666666666666666,0.03726779962499649,5,0.008333333333333333,0.018633899812498245,5,8.5,,1,11.941666666666666,0.130437298687487,5,1.0,0.0,5,0.0,0.0,5,0.9951388888888889,0.0108697748906239,5
switch_at,regime_conditional,ewma,observed,at,0.8666666666666666,0.09033118078616165,5,0.8666666666666666,0.09033118078616165,5,0.008333333333333333,0.018633899812498245,5,5.942070591498509,0.2819310941033816,5,6.741666666666667,0.6868052044713183,5,1.0,0.0,5,0.0,0.0,5,0.5618055555555556,0.05723376703927647,5
switch_at,regime_conditional,point,clean,at,0.10833333333333332,0.047507309379130745,5,0.10833333333333332,0.047507309379130745,5,0.008333333333333333,0.018633899812498245,5,7.333333333333334,2.715695122800054,5,11.516666666666666,0.2422406975624771,5,1.0,0.0,5,0.0,0.0,5,0.9597222222222221,0.020186724796873105,5
switch_at,regime_conditional,point,observed,at,0.5916666666666667,0.20497289793748077,5,0.5916666666666667,0.20497289793748077,5,0.008333333333333333,0.018633899812498245,5,4.444035087719298,0.8761723009160824,5,7.591666666666667,1.3678475589203807,5,1.0,0.0,5,0.0,0.0,5,0.632638888888889,0.11398729657669832,5
switch_at,regime_marginal,cusum,clean,at,0.0,0.0,5,0.0,0.0,5,0.03333333333333333,0.03486083443891982,5,,,0,12.0,0.0,5,1.0,0.0,5,0.0,0.0,5,1.0,0.0,5
switch_at,regime_marginal,cusum,observed,at,0.11666666666666667,0.074535599249993,5,0.11666666666666667,0.074535599249993,5,0.03333333333333333,0.03486083443891982,5,7.583333333333334,1.6859989894992797,4,11.508333333333335,0.31374750995027795,5,1.0,0.0,5,0.0,0.0,5,0.9590277777777778,0.026145625829189854,5
switch_at,regime_marginal,ewma,clean,at,0.016666666666666666,0.02282177322938192,5,0.016666666666666666,0.02282177322938192,5,0.016666666666666666,0.02282177322938192,5,9.0,2.8284271247461903,2,11.95,0.09033118078616183,5,1.0,0.0,5,0.0,0.0,5,0.9958333333333333,0.007527598398846835,5
switch_at,regime_marginal,ewma,observed,at,0.375,0.12147816447594376,5,0.375,0.12147816447594376,5,0.016666666666666666,0.02282177322938192,5,7.297878787878789,0.6091546024288403,5,10.2,0.7237297300941986,5,1.0,0.0,5,0.0,0.0,5,0.85,0.06031081084118326,5
switch_at,regime_marginal,point,clean,at,0.11666666666666665,0.06846531968814576,5,0.10833333333333332,0.06319062870042959,5,0.008333333333333333,0.018633899812498245,5,7.859999999999999,2.2244100341438853,5,11.616666666666665,0.170273472847521,5,1.0,0.0,5,0.0,0.0,5,0.9680555555555556,0.014189456070626712,5
switch_at,regime_marginal,point,observed,at,0.39166666666666666,0.07569125885243728,5,0.39166666666666666,0.07569125885243728,5,0.008333333333333333,0.018633899812498245,5,5.470064935064935,1.9407513144476487,5,9.433333333333334,0.9694106170475164,5,1.0,0.0,5,0.0,0.0,5,0.7861111111111111,0.080784218087293,5
switch_before6,regime_conditional,cusum,clean,before,0.03333333333333333,0.04564354645876384,5,0.03333333333333333,0.04564354645876384,5,0.008333333333333333,0.018633899812498245,5,3.0,0.7071067811865476,2,11.7,0.41184712643838567,5,1.0,0.0,5,0.0,0.0,5,0.975,0.03432059386986546,5
switch_before6,regime_conditional,cusum,observed,before,0.4,0.17330528619237853,5,0.4,0.17330528619237853,5,0.008333333333333333,0.018633899812498245,5,5.4224789915966385,1.3048291253357325,5,9.341666666666665,1.337363700220201,5,1.0,0.0,5,0.0,0.0,5,0.7784722222222222,0.11144697501835005,5
switch_before6,regime_conditional,ewma,clean,before,0.03333333333333333,0.04564354645876384,5,0.03333333333333333,0.04564354645876384,5,0.008333333333333333,0.018633899812498245,5,2.5,0.0,2,11.683333333333334,0.43361369135825617,5,1.0,0.0,5,0.0,0.0,5,0.9736111111111111,0.0361344742798547,5
switch_before6,regime_conditional,ewma,observed,before,0.65,0.08122328620674142,5,0.65,0.08122328620674142,5,0.008333333333333333,0.018633899812498245,5,4.940351935646054,0.5754006619656967,5,7.408333333333333,0.720724943681322,5,1.0,0.0,5,0.0,0.0,5,0.617361111111111,0.06006041197344347,5
switch_before6,regime_conditional,point,clean,before,0.10833333333333332,0.022821773229381927,5,0.10833333333333332,0.022821773229381927,5,0.0,0.0,5,5.266666666666667,1.652439274392725,5,11.266666666666666,0.23496453633119438,5,1.0,0.0,5,0.0,0.0,5,0.9388888888888889,0.019580378027599578,5
switch_before6,regime_conditional,point,observed,before,0.6333333333333334,0.1425219281373923,5,0.6333333333333334,0.1425219281373923,5,0.0,0.0,5,4.394614209320091,0.659497636359588,5,7.241666666666667,0.8113774296425394,5,1.0,0.0,5,0.0,0.0,5,0.6034722222222222,0.06761478580354492,5
switch_before6,regime_marginal,cusum,clean,before,0.03333333333333333,0.03486083443891982,5,0.008333333333333333,0.018633899812498245,5,0.025,0.02282177322938192,5,4.0,,1,11.933333333333334,0.14907119849998612,5,1.0,0.0,5,0.0,0.0,5,0.9944444444444445,0.012422599874998823,5
switch_before6,regime_marginal,cusum,observed,before,0.075,0.03486083443891982,5,0.049999999999999996,0.018633899812498245,5,0.025,0.02282177322938192,5,6.4,2.1908902300206643,5,11.725,0.12004050242406576,5,1.0,0.0,5,0.0,0.0,5,0.9770833333333334,0.010003375202005433,5
switch_before6,regime_marginal,ewma,clean,before,0.016666666666666666,0.02282177322938192,5,0.016666666666666666,0.02282177322938192,5,0.0,0.0,5,2.5,0.7071067811865476,2,11.841666666666667,0.21730674684008824,5,1.0,0.0,5,0.0,0.0,5,0.9868055555555555,0.01810889557000735,5
switch_before6,regime_marginal,ewma,observed,before,0.225,0.14006446928309677,5,0.225,0.14006446928309677,5,0.0,0.0,5,5.617272727272727,0.7635984839089843,5,10.558333333333334,0.9122050512661914,5,1.0,0.0,5,0.0,0.0,5,0.8798611111111111,0.07601708760551595,5
switch_before6,regime_marginal,point,clean,before,0.041666666666666664,0.02946278254943948,5,0.041666666666666664,0.02946278254943948,5,0.0,0.0,5,6.125,5.105144464165535,4,11.725,0.34181907169989434,5,1.0,0.0,5,0.0,0.0,5,0.9770833333333332,0.02848492264165788,5
switch_before6,regime_marginal,point,observed,before,0.39166666666666666,0.16822191031821956,5,0.39166666666666666,0.16822191031821956,5,0.0,0.0,5,4.720537240537241,0.8349195028421045,5,9.2,1.0750484485206548,5,1.0,0.0,5,0.0,0.0,5,0.7666666666666666,0.08958737071005456,5
switch_delay12,regime_conditional,cusum,clean,after,0.8800000000000001,0.2683281572999748,5,0.2733333333333333,0.22035325174717882,5,0.6066666666666667,0.3139355914125627,5,3.125,3.06526235962492,4,9.57,2.1241468875762806,5,1.0,0.0,5,0.0,0.0,5,0.7975,0.17701224063135668,5
switch_delay12,regime_conditional,cusum,clean,at,1.0,0.0,2,1.0,0.0,2,0.0,0.0,2,1.0,1.4142135623730951,2,1.0,1.4142135623730951,2,1.0,0.0,2,0.0,0.0,2,0.08333333333333333,0.11785113019775792,2
switch_delay12,regime_conditional,cusum,clean,before,0.5333333333333333,0.36132472314464664,5,0.5333333333333333,0.36132472314464664,5,0.0,0.0,5,5.416666666666667,4.159994658116228,4,8.222222222222223,3.8492022582207026,5,1.0,0.0,5,0.0,0.0,5,0.6851851851851852,0.32076685485172524,5
switch_delay12,regime_conditional,cusum,clean,far,0.025,0.05590169943749475,5,0.025,0.05590169943749475,5,0.01111111111111111,0.024845199749997663,5,6.5,,1,11.8625,0.3074593469062212,5,1.0,0.0,5,0.0,0.0,5,0.9885416666666667,0.02562161224218507,5
switch_delay12,regime_conditional,cusum,observed,after,0.8866666666666667,0.17575235101952089,5,0.5633333333333332,0.2685868367751646,5,0.6066666666666667,0.3139355914125627,5,5.6,3.361547262794322,5,8.366666666666667,2.5403685209477427,5,1.0,0.0,5,0.0,0.0,5,0.6972222222222222,0.21169737674564526,5
switch_delay12,regime_conditional,cusum,observed,at,1.0,0.0,2,1.0,0.0,2,0.0,0.0,2,0.5,0.7071067811865476,2,0.5,0.7071067811865476,2,1.0,0.0,2,0.0,0.0,2,0.041666666666666664,0.05892556509887896,2
switch_delay12,regime_conditional,cusum,observed,before,0.7333333333333333,0.25276251480171835,5,0.7333333333333333,0.25276251480171835,5,0.0,0.0,5,3.4,1.6355427233796125,5,5.633333333333334,2.5342103744997617,5,1.0,0.0,5,0.0,0.0,5,0.46944444444444444,0.21118419787498016,5
switch_delay12,regime_conditional,cusum,observed,far,0.639297385620915,0.13107908419167935,5,0.639297385620915,0.13107908419167935,5,0.01111111111111111,0.024845199749997663,5,6.723540903540903,1.1091248478348448,5,8.66186274509804,0.725125802764375,5,1.0,0.0,5,0.0,0.0,5,0.7218218954248365,0.060427150230364504,5
switch_delay12,regime_conditional,ewma,clean,after,0.8800000000000001,0.2683281572999748,5,0.21666666666666665,0.2173067468400883,5,0.78,0.24647515087732472,5,3.8333333333333335,3.3291640592396963,3,10.35,1.5771810295587503,5,1.0,0.0,5,0.0,0.0,5,0.8625,0.1314317524632292,5
switch_delay12,regime_conditional,ewma,clean,at,1.0,0.0,2,1.0,0.0,2,0.0,0.0,2,1.0,1.4142135623730951,2,1.0,1.4142135623730951,2,1.0,0.0,2,0.0,0.0,2,0.08333333333333333,0.11785113019775792,2
switch_delay12,regime_conditional,ewma,clean,before,0.6555555555555556,0.22703129713002834,5,0.6555555555555556,0.22703129713002834,5,0.0,0.0,5,5.814285714285714,3.4786520964539216,5,7.655555555555556,3.3055322128027345,5,1.0,0.0,5,0.0,0.0,5,0.637962962962963,0.27546101773356124,5
switch_delay12,regime_conditional,ewma,clean,far,0.134281045751634,0.09107277937299862,5,0.134281045751634,0.09107277937299862,5,0.0,0.0,5,6.0625,2.435629624279247,4,11.244330065359478,0.5073372970233925,5,1.0,0.0,5,0.0,0.0,5,0.937027505446623,0.042278108085282685,5
switch_delay12,regime_conditional,ewma,observed,after,0.8866666666666667,0.17575235101952089,5,0.47333333333333333,0.28396987320645284,5,0.78,0.24647515087732472,5,5.966666666666667,1.9163043135739746,5,9.206666666666667,1.680467858134223,5,1.0,0.0,5,0.0,0.0,5,0.7672222222222222,0.14003898817785188,5
switch_delay12,regime_conditional,ewma,observed,at,1.0,0.0,2,1.0,0.0,2,0.0,0.0,2,0.5,0.7071067811865476,2,0.5,0.7071067811865476,2,1.0,0.0,2,0.0,0.0,2,0.041666666666666664,0.05892556509887896,2
switch_delay12,regime_conditional,ewma,observed,before,0.7555555555555555,0.250308451690418,5,0.7555555555555555,0.250308451690418,5,0.0,0.0,5,3.4,1.140175425099138,5,5.5,2.23606797749979,5,1.0,0.0,5,0.0,0.0,5,0.45833333333333337,0.1863389981249825,5
switch_delay12,regime_conditional,ewma,observed,far,0.7699673202614379,0.15000001779942085,5,0.7699673202614379,0.15000001779942085,5,0.0,0.0,5,5.246493506493506,0.850456208865478,5,6.873398692810457,0.6366340028645303,5,1.0,0.0,5,0.0,0.0,5,0.5727832244008715,0.05305283357204421,5
switch_delay12,regime_conditional,point,clean,after,0.8366666666666667,0.17094508539944112,5,0.3466666666666667,0.27167177909299955,5,0.6966666666666667,0.24506235034283735,5,4.916666666666667,2.4551533104427063,4,9.809999999999999,1.3296616110875725,5,1.0,0.0,5,0.0,0.0,5,0.8175000000000001,0.11080513425729774,5
switch_delay12,regime_conditional,point,clean,at,1.0,0.0,2,1.0,0.0,2,0.0,0.0,2,5.5,7.7781745930520225,2,5.5,7.7781745930520225,2,1.0,0.0,2,0.0,0.0,2,0.4583333333333333,0.6481812160876685,2
switch_delay12,regime_conditional,point,clean,before,0.711111111111111,0.264691761101591,5,0.711111111111111,0.264691761101591,5,0.0,0.0,5,4.86,2.0489021450523204,5,6.511111111111111,3.490153698550563,5,1.0,0.0,5,0.0,0.0,5,0.5425925925925926,0.2908461415458803,5
switch_delay12,regime_conditional,point,clean,far,0.15723856209150328,0.06749106805468559,5,0.15723856209150328,0.06749106805468559,5,0.0,0.0,5,7.05,2.361143790623519,5,11.134460784313726,0.5105051385085908,5,1.0,0.0,5,0.0,0.0,5,0.9278717320261439,0.04254209487571588,5
switch_delay12,regime_conditional,point,observed,after,0.8366666666666667,0.17094508539944114,5,0.43,0.27294688127912364,5,0.6966666666666667,0.24506235034283735,5,4.0,2.160246899469287,4,8.58,2.3306651411131543,5,1.0,0.0,5,0.0,0.0,5,0.715,0.1942220950927629,5
switch_delay12,regime_conditional,point,observed,at,1.0,0.0,2,1.0,0.0,2,0.0,0.0,2,1.0,1.4142135623730951,2,1.0,1.4142135623730951,2,1.0,0.0,2,0.0,0.0,2,0.08333333333333333,0.11785113019775792,2
switch_delay12,regime_conditional,point,observed,before,0.9333333333333333,0.149071198499986,5,0.9333333333333333,0.149071198499986,5,0.0,0.0,5,3.5333333333333337,1.5156590059186208,5,4.155555555555556,1.6984924324853132,5,1.0,0.0,5,0.0,0.0,5,0.34629629629629627,0.14154103604044277,5
switch_delay12,regime_conditional,point,observed,far,0.6261437908496732,0.1241098855933522,5,0.6261437908496732,0.1241098855933522,5,0.0,0.0,5,4.601601731601732,1.1302807052861978,5,7.42421568627451,0.756872237825261,5,1.0,0.0,5,0.0,0.0,5,0.6186846405228759,0.06307268648543846,5
switch_delay12,regime_marginal,cusum,clean,after,0.6933333333333334,0.2126551721031544,5,0.07333333333333333,0.10110500592068734,5,0.62,0.21679483388678797,5,0.5,0.7071067811865476,2,11.16,1.1523888232710346,5,1.0,0.0,5,0.0,0.0,5,0.93,0.09603240193925287,5
switch_delay12,regime_marginal,cusum,clean,at,0.5,0.7071067811865476,2,0.0,0.0,2,0.5,0.7071067811865476,2,,,0,12.0,0.0,2,1.0,0.0,2,0.0,0.0,2,1.0,0.0,2
switch_delay12,regime_marginal,cusum,clean,before,0.28888888888888886,0.264691761101591,5,0.28888888888888886,0.264691761101591,5,0.0,0.0,5,3.6666666666666665,2.8867513459481287,3,9.555555555555555,2.5030845169041798,5,1.0,0.0,5,0.0,0.0,5,0.7962962962962963,0.20859037640868167,5
switch_delay12,regime_marginal,cusum,clean,far,0.0,0.0,5,0.0,0.0,5,0.0,0.0,5,,,0,12.0,0.0,5,1.0,0.0,5,0.0,0.0,5,1.0,0.0,5
switch_delay12,regime_marginal,cusum,observed,after,0.7266666666666667,0.22035325174717882,5,0.15666666666666668,0.1507389207279335,5,0.62,0.21679483388678797,5,4.833333333333333,5.619905100029122,3,10.903333333333332,1.399722194659434,5,1.0,0.0,5,0.0,0.0,5,0.9086111111111113,0.11664351622161945,5
switch_delay12,regime_marginal,cusum,observed,at,0.5,0.7071067811865476,2,0.0,0.0,2,0.5,0.7071067811865476,2,,,0,12.0,0.0,2,1.0,0.0,2,0.0,0.0,2,1.0,0.0,2
switch_delay12,regime_marginal,cusum,observed,before,0.4666666666666667,0.36132472314464664,5,0.4666666666666667,0.36132472314464664,5,0.0,0.0,5,5.25,2.5,4,8.8,2.7748873851023212,5,1.0,0.0,5,0.0,0.0,5,0.7333333333333333,0.23124061542519345,5
switch_delay12,regime_marginal,cusum,observed,far,0.1350326797385621,0.09671833501414336,5,0.1350326797385621,0.09671833501414336,5,0.0,0.0,5,7.0,3.4880749227427255,4,11.457908496732026,0.4040552267386969,5,1.0,0.0,5,0.0,0.0,5,0.9548257080610021,0.03367126889489132,5
switch_delay12,regime_marginal,ewma,clean,after,0.7766666666666666,0.18089284734953515,5,0.12333333333333334,0.11642832797715319,5,0.6533333333333333,0.2062899792902107,5,1.3333333333333333,1.5275252316519468,3,10.67,1.2969194269498783,5,1.0,0.0,5,0.0,0.0,5,0.8891666666666665,0.10807661891248987,5
switch_delay12,regime_marginal,ewma,clean,at,0.5,0.7071067811865476,2,0.5,0.7071067811865476,2,0.0,0.0,2,0.0,,1,6.0,8.48528137423857,2,1.0,0.0,2,0.0,0.0,2,0.5,0.7071067811865476,2
switch_delay12,regime_marginal,ewma,clean,before,0.611111111111111,0.21872244094477253,5,0.611111111111111,0.21872244094477253,5,0.0,0.0,5,5.16,3.678042957878551,5,8.322222222222223,1.4971165701745999,5,1.0,0.0,5,0.0,0.0,5,0.6935185185185185,0.12475971418121669,5
switch_delay12,regime_marginal,ewma,clean,far,0.055375816993464055,0.035778736097978145,5,0.055375816993464055,0.035778736097978145,5,0.0,0.0,5,8.75,1.707825127659933,4,11.837843137254902,0.11758903798030504,5,1.0,0.0,5,0.0,0.0,5,0.9864869281045751,0.00979908649835868,5
switch_delay12,regime_marginal,ewma,observed,after,0.8166666666666667,0.20749832663314555,5,0.31333333333333335,0.13406051701460137,5,0.6533333333333333,0.2062899792902107,5,6.1,4.129164564412516,5,10.046666666666667,1.6609652481480626,5,1.0,0.0,5,0.0,0.0,5,0.8372222222222222,0.1384137706790052,5
switch_delay12,regime_marginal,ewma,observed,at,0.5,0.7071067811865476,2,0.5,0.7071067811865476,2,0.0,0.0,2,0.0,,1,6.0,8.48528137423857,2,1.0,0.0,2,0.0,0.0,2,0.5,0.7071067811865476,2
switch_delay12,regime_marginal,ewma,observed,before,0.5333333333333333,0.36132472314464664,5,0.5333333333333333,0.36132472314464664,5,0.0,0.0,5,3.666666666666667,1.7795130420052185,4,7.622222222222223,3.0330992990709507,5,1.0,0.0,5,0.0,0.0,5,0.6351851851851852,0.25275827492257924,5
switch_delay12,regime_marginal,ewma,observed,far,0.40851307189542485,0.06592181495627136,5,0.40851307189542485,0.06592181495627136,5,0.0,0.0,5,6.093571428571428,0.7571276952659807,5,9.599575163398693,0.4278700712313558,5,1.0,0.0,5,0.0,0.0,5,0.7999645969498911,0.03565583926927965,5
switch_delay12,regime_marginal,point,clean,after,0.8266666666666668,0.10314498964510536,5,0.21333333333333332,0.14596422697207545,5,0.6933333333333334,0.2126551721031544,5,4.125,4.972842915945231,4,10.4,1.3986600730699366,5,1.0,0.0,5,0.0,0.0,5,0.8666666666666666,0.11655500608916138,5
switch_delay12,regime_marginal,point,clean,at,0.5,0.7071067811865476,2,0.5,0.7071067811865476,2,0.0,0.0,2,0.0,,1,6.0,8.48528137423857,2,1.0,0.0,2,0.0,0.0,2,0.5,0.7071067811865476,2
switch_delay12,regime_marginal,point,clean,before,0.8111111111111111,0.2593915006650834,5,0.8111111111111111,0.2593915006650834,5,0.0,0.0,5,5.0200000000000005,1.2557866060760483,5,6.1,2.6786190471957747,5,1.0,0.0,5,0.0,0.0,5,0.5083333333333334,0.22321825393298123,5
switch_delay12,regime_marginal,point,clean,far,0.1212091503267974,0.09355430648441394,5,0.1212091503267974,0.09355430648441394,5,0.0,0.0,5,4.3125,2.9394940040762116,4,11.159199346405227,0.6473190836678367,5,1.0,0.0,5,0.0,0.0,5,0.9299332788671023,0.05394325697231971,5
switch_delay12,regime_marginal,point,observed,after,0.8166666666666667,0.20749832663314555,5,0.32999999999999996,0.11510864433221339,5,0.6933333333333334,0.2126551721031544,5,5.8,4.08656334834051,5,9.959999999999999,1.255687062926109,5,1.0,0.0,5,0.0,0.0,5,0.8300000000000001,0.10464058857717577,5
switch_delay12,regime_marginal,point,observed,at,0.5,0.7071067811865476,2,0.5,0.7071067811865476,2,0.0,0.0,2,0.0,,1,6.0,8.48528137423857,2,1.0,0.0,2,0.0,0.0,2,0.5,0.7071067811865476,2
switch_delay12,regime_marginal,point,observed,before,0.6333333333333333,0.4149966532662911,5,0.6333333333333333,0.4149966532662911,5,0.0,0.0,5,3.875,0.24999999999999994,4,6.833333333333333,3.435921354681384,5,1.0,0.0,5,0.0,0.0,5,0.5694444444444444,0.286326779556782,5
switch_delay12,regime_marginal,point,observed,far,0.4911274509803921,0.17679915626793857,5,0.4911274509803921,0.17679915626793857,5,0.0,0.0,5,4.459696969696969,2.0676782603755717,5,8.404297385620914,1.2121876316561768,5,1.0,0.0,5,0.0,0.0,5,0.7003581154684096,0.10101563597134804,5
switch_random,regime_conditional,cusum,clean,after,0.05,0.11180339887498948,5,0.05,0.11180339887498948,5,0.0,0.0,5,10.0,,1,11.9,0.22360679774997907,5,1.0,0.0,5,0.0,0.0,5,0.9916666666666666,0.018633899812498238,5
switch_random,regime_conditional,cusum,clean,at,0.0,0.0,2,0.0,0.0,2,0.0,0.0,2,,,0,12.0,0.0,2,1.0,0.0,2,0.0,0.0,2,1.0,0.0,2
switch_random,regime_conditional,cusum,clean,before,0.0,0.0,5,0.0,0.0,5,0.0,0.0,5,,,0,12.0,0.0,5,1.0,0.0,5,0.0,0.0,5,1.0,0.0,5
switch_random,regime_conditional,cusum,clean,far,0.025,0.05590169943749475,5,0.025,0.05590169943749475,5,0.01111111111111111,0.024845199749997663,5,6.5,,1,11.8625,0.3074593469062212,5,1.0,0.0,5,0.0,0.0,5,0.9885416666666667,0.02562161224218507,5
switch_random,regime_conditional,cusum,observed,after,0.6900000000000001,0.3435112807463534,5,0.6900000000000001,0.3435112807463534,5,0.0,0.0,5,6.4833333333333325,1.0807661891248983,5,8.32,1.9444150791433394,5,1.0,0.0,5,0.0,0.0,5,0.6933333333333334,0.16203458992861164,5
switch_random,regime_conditional,cusum,observed,at,0.5,0.7071067811865476,2,0.5,0.7071067811865476,2,0.0,0.0,2,9.0,,1,10.5,2.1213203435596424,2,1.0,0.0,2,0.0,0.0,2,0.875,0.1767766952966369,2
switch_random,regime_conditional,cusum,observed,before,0.5111111111111111,0.500616903380836,5,0.5111111111111111,0.500616903380836,5,0.0,0.0,5,6.366666666666667,1.9756855350316593,3,9.277777777777777,2.650413431528125,5,1.0,0.0,5,0.0,0.0,5,0.7731481481481481,0.2208677859606771,5
switch_random,regime_conditional,cusum,observed,far,0.639297385620915,0.13107908419167935,5,0.639297385620915,0.13107908419167935,5,0.01111111111111111,0.024845199749997663,5,6.577387057387057,1.0338082085526152,5,8.576764705882352,0.6726461585940116,5,1.0,0.0,5,0.0,0.0,5,0.7147303921568627,0.056053846549500914,5
switch_random,regime_conditional,ewma,clean,after,0.13333333333333333,0.12638125740085918,5,0.13333333333333333,0.12638125740085918,5,0.0,0.0,5,10.333333333333334,0.5773502691896258,3,11.783333333333333,0.21730674684008836,5,1.0,0.0,5,0.0,0.0,5,0.9819444444444445,0.018108895570007305,5
switch_random,regime_conditional,ewma,clean,at,0.0,0.0,2,0.0,0.0,2,0.0,0.0,2,,,0,12.0,0.0,2,1.0,0.0,2,0.0,0.0,2,1.0,0.0,2
switch_random,regime_conditional,ewma,clean,before,0.0,0.0,5,0.0,0.0,5,0.0,0.0,5,,,0,12.0,0.0,5,1.0,0.0,5,0.0,0.0,5,1.0,0.0,5
switch_random,regime_conditional,ewma,clean,far,0.14604575163398695,0.07097076963868541,5,0.14604575163398695,0.07097076963868541,5,0.0,0.0,5,4.85,3.4351128074635335,5,11.103153594771243,0.30056293256866756,5,1.0,0.0,5,0.0,0.0,5,0.9252627995642702,0.025046911047388983,5
switch_random,regime_conditional,ewma,observed,after,0.7633333333333333,0.2517715013437559,5,0.7633333333333333,0.2517715013437559,5,0.0,0.0,5,5.483333333333333,1.2671051872498809,5,6.866666666666665,2.2466023729672817,5,1.0,0.0,5,0.0,0.0,5,0.5722222222222222,0.18721686441394023,5
switch_random,regime_conditional,ewma,observed,at,0.0,0.0,2,0.0,0.0,2,0.0,0.0,2,,,0,12.0,0.0,2,1.0,0.0,2,0.0,0.0,2,1.0,0.0,2
switch_random,regime_conditional,ewma,observed,before,0.6333333333333333,0.4149966532662911,5,0.6333333333333333,0.4149966532662911,5,0.0,0.0,5,6.125,2.0966242709015206,4,8.133333333333333,2.9235632748791707,5,1.0,0.0,5,0.0,0.0,5,0.6777777777777778,0.24363027290659758,5
switch_random,regime_conditional,ewma,observed,far,0.7699673202614379,0.15000001779942085,5,0.7699673202614379,0.15000001779942085,5,0.0,0.0,5,5.0280061115355235,0.8663488713439209,5,6.688562091503267,0.8275523562304278,5,1.0,0.0,5,0.0,0.0,5,0.557380174291939,0.06896269635253567,5
switch_random,regime_conditional,point,clean,after,0.13333333333333333,0.2173067468400883,5,0.13333333333333333,0.2173067468400883,5,0.0,0.0,5,11.0,0.0,2,11.866666666666667,0.21730674684008805,5,1.0,0.0,5,0.0,0.0,5,0.9888888888888889,0.018108895570007368,5
switch_random,regime_conditional,point,clean,at,0.0,0.0,2,0.0,0.0,2,0.0,0.0,2,,,0,12.0,0.0,2,1.0,0.0,2,0.0,0.0,2,1.0,0.0,2
switch_random,regime_conditional,point,clean,before,0.26666666666666666,0.25276251480171835,5,0.26666666666666666,0.25276251480171835,5,0.0,0.0,5,6.777777777777779,2.2689530951846826,3,10.522222222222222,1.667407242871473,5,1.0,0.0,5,0.0,0.0,5,0.8768518518518519,0.13895060357262273,5
switch_random,regime_conditional,point,clean,far,0.15723856209150328,0.06749106805468559,5,0.15723856209150328,0.06749106805468559,5,0.0,0.0,5,7.05,2.361143790623519,5,11.134460784313726,0.5105051385085908,5,1.0,0.0,5,0.0,0.0,5,0.9278717320261439,0.04254209487571588,5
switch_random,regime_conditional,point,observed,after,0.6533333333333333,0.1063275860515772,5,0.6533333333333333,0.1063275860515772,5,0.0,0.0,5,4.783333333333333,1.859286003939266,5,7.359999999999999,1.035857133006285,5,1.0,0.0,5,0.0,0.0,5,0.6133333333333333,0.08632142775052373,5
switch_random,regime_conditional,point,observed,at,0.5,0.7071067811865476,2,0.5,0.7071067811865476,2,0.0,0.0,2,11.0,,1,11.5,0.7071067811865476,2,1.0,0.0,2,0.0,0.0,2,0.9583333333333333,0.058925565098878946,2
switch_random,regime_conditional,point,observed,before,0.5333333333333333,0.07453559924999298,5,0.5333333333333333,0.07453559924999298,5,0.0,0.0,5,4.833333333333334,2.3570226039551585,5,8.122222222222224,1.5607057599483007,5,1.0,0.0,5,0.0,0.0,5,0.6768518518518519,0.130058813329025,5
switch_random,regime_conditional,point,observed,far,0.6261437908496732,0.1241098855933522,5,0.6261437908496732,0.1241098855933522,5,0.0,0.0,5,4.601601731601732,1.1302807052861978,5,7.42421568627451,0.756872237825261,5,1.0,0.0,5,0.0,0.0,5,0.6186846405228759,0.06307268648543846,5
switch_random,regime_marginal,cusum,clean,after,0.0,0.0,5,0.0,0.0,5,0.0,0.0,5,,,0,12.0,0.0,5,1.0,0.0,5,0.0,0.0,5,1.0,0.0,5
switch_random,regime_marginal,cusum,clean,at,0.0,0.0,2,0.0,0.0,2,0.5,0.7071067811865476,2,,,0,12.0,0.0,2,1.0,0.0,2,0.0,0.0,2,1.0,0.0,2
switch_random,regime_marginal,cusum,clean,before,0.0,0.0,5,0.0,0.0,5,0.0,0.0,5,,,0,12.0,0.0,5,1.0,0.0,5,0.0,0.0,5,1.0,0.0,5
switch_random,regime_marginal,cusum,clean,far,0.02,0.044721359549995794,5,0.02,0.044721359549995794,5,0.0,0.0,5,1.0,,1,11.78,0.4919349550499534,5,1.0,0.0,5,0.0,0.0,5,0.9816666666666667,0.0409945795874961,5
switch_random,regime_marginal,cusum,observed,after,0.19,0.108397416943394,5,0.19,0.108397416943394,5,0.0,0.0,5,8.25,2.5,4,11.28,0.6879316826546074,5,1.0,0.0,5,0.0,0.0,5,0.9400000000000001,0.05732764022121728,5
switch_random,regime_marginal,cusum,observed,at,0.0,0.0,2,0.0,0.0,2,0.5,0.7071067811865476,2,,,0,12.0,0.0,2,1.0,0.0,2,0.0,0.0,2,1.0,0.0,2
switch_random,regime_marginal,cusum,observed,before,0.14444444444444443,0.2208289657150199,5,0.14444444444444443,0.2208289657150199,5,0.0,0.0,5,6.5,2.1213203435596424,2,11.288888888888888,0.9863262676076511,5,1.0,0.0,5,0.0,0.0,5,0.9407407407407409,0.08219385563397089,5
switch_random,regime_marginal,cusum,observed,far,0.1350326797385621,0.09671833501414336,5,0.1350326797385621,0.09671833501414336,5,0.0,0.0,5,6.125,4.61203136734057,4,11.375032679738561,0.48154998083306577,5,1.0,0.0,5,0.0,0.0,5,0.9479193899782136,0.040129165069422164,5
switch_random,regime_marginal,ewma,clean,after,0.05,0.1118033988749895,5,0.05,0.1118033988749895,5,0.0,0.0,5,6.0,,1,11.7,0.6708203932499369,5,1.0,0.0,5,0.0,0.0,5,0.975,0.055901699437494734,5
switch_random,regime_marginal,ewma,clean,at,0.0,0.0,2,0.0,0.0,2,0.0,0.0,2,,,0,12.0,0.0,2,1.0,0.0,2,0.0,0.0,2,1.0,0.0,2
switch_random,regime_marginal,ewma,clean,before,0.1,0.22360679774997896,5,0.1,0.22360679774997896,5,0.0,0.0,5,6.0,,1,11.4,1.3416407864998738,5,1.0,0.0,5,0.0,0.0,5,0.95,0.11180339887498948,5
switch_random,regime_marginal,ewma,clean,far,0.087140522875817,0.06313820424799471,5,0.087140522875817,0.06313820424799471,5,0.0,0.0,5,7.9,0.7416198487095664,5,11.63078431372549,0.3002270702871084,5,1.0,0.0,5,0.0,0.0,5,0.9692320261437908,0.02501892252392559,5
switch_random,regime_marginal,ewma,observed,after,0.37333333333333335,0.2479359236218548,5,0.37333333333333335,0.2479359236218548,5,0.0,0.0,5,8.1,1.51657508881031,5,10.263333333333332,1.7105229869513268,5,1.0,0.0,5,0.0,0.0,5,0.8552777777777777,0.14254358224594388,5
switch_random,regime_marginal,ewma,observed,at,0.0,0.0,2,0.0,0.0,2,0.0,0.0,2,,,0,12.0,0.0,2,1.0,0.0,2,0.0,0.0,2,1.0,0.0,2
switch_random,regime_marginal,ewma,observed,before,0.4666666666666667,0.36132472314464664,5,0.4666666666666667,0.36132472314464664,5,0.0,0.0,5,7.666666666666667,2.449489742783178,4,9.877777777777776,2.355188650670454,5,1.0,0.0,5,0.0,0.0,5,0.8231481481481481,0.19626572088920446,5
switch_random,regime_marginal,ewma,observed,far,0.40851307189542485,0.06592181495627136,5,0.40851307189542485,0.06592181495627136,5,0.0,0.0,5,6.018571428571429,0.75633126987843,5,9.567810457516341,0.43666829429168363,5,1.0,0.0,5,0.0,0.0,5,0.7973175381263616,0.03638902452430697,5
switch_random,regime_marginal,point,clean,after,0.13999999999999999,0.21908902300206645,5,0.13999999999999999,0.21908902300206645,5,0.0,0.0,5,7.25,1.7677669529663689,2,11.41,0.830963296421689,5,1.0,0.0,5,0.0,0.0,5,0.9508333333333333,0.06924694136847409,5
switch_random,regime_marginal,point,clean,at,0.0,0.0,2,0.0,0.0,2,0.0,0.0,2,,,0,12.0,0.0,2,1.0,0.0,2,0.0,0.0,2,1.0,0.0,2
switch_random,regime_marginal,point,clean,before,0.22222222222222224,0.2576005137637696,5,0.22222222222222224,0.2576005137637696,5,0.0,0.0,5,6.333333333333333,1.5275252316519468,3,10.61111111111111,1.717736092637812,5,1.0,0.0,5,0.0,0.0,5,0.8842592592592592,0.14314467438648432,5
switch_random,regime_marginal,point,clean,far,0.1212091503267974,0.09355430648441394,5,0.1212091503267974,0.09355430648441394,5,0.0,0.0,5,4.3125,2.9394940040762116,4,11.159199346405227,0.6473190836678367,5,1.0,0.0,5,0.0,0.0,5,0.9299332788671023,0.05394325697231971,5
switch_random,regime_marginal,point,observed,after,0.47000000000000003,0.130384048104053,5,0.47000000000000003,0.130384048104053,5,0.0,0.0,5,5.0,3.4721111093332766,5,8.843333333333334,1.7706558734610802,5,1.0,0.0,5,0.0,0.0,5,0.7369444444444444,0.14755465612175675,5
switch_random,regime_marginal,point,observed,at,1.0,0.0,2,1.0,0.0,2,0.0,0.0,2,3.0,1.4142135623730951,2,3.0,1.4142135623730951,2,1.0,0.0,2,0.0,0.0,2,0.25,0.1178511301977579,2
switch_random,regime_marginal,point,observed,before,0.5888888888888889,0.23107371492317136,5,0.5888888888888889,0.23107371492317136,5,0.0,0.0,5,6.65,1.8506755523321747,5,8.855555555555556,1.556844703911975,5,1.0,0.0,5,0.0,0.0,5,0.7379629629629629,0.1297370586593313,5
switch_random,regime_marginal,point,observed,far,0.4911274509803921,0.17679915626793857,5,0.4911274509803921,0.17679915626793857,5,0.0,0.0,5,4.459696969696969,2.0676782603755717,5,8.404297385620914,1.2121876316561768,5,1.0,0.0,5,0.0,0.0,5,0.7003581154684096,0.10101563597134804,5
