seed,scenario,method,view,any_active_hit,fresh_onset_hit,pre_active,fresh_delay_detected,fresh_delay_capped,scoreable_fraction,fully_unavailable,delay_fraction_capped,comparison
42,count1,regime_conditional,clean,-0.16666666666666669,-0.16666666666666669,0.0,2.333333333333333,1.25,0.0,0.0,0.10416666666666674,cusum_minus_point
42,count1,regime_conditional,observed,-0.08333333333333337,-0.08333333333333337,0.0,-0.8571428571428568,0.0,0.0,0.0,0.0,cusum_minus_point
42,count1,regime_marginal,clean,0.0,0.0,0.0,1.0,0.08333333333333393,0.0,0.0,0.00694444444444442,cusum_minus_point
42,count1,regime_marginal,observed,-0.33333333333333337,-0.33333333333333337,0.0,0.833333333333333,2.083333333333332,0.0,0.0,0.17361111111111116,cusum_minus_point
42,count3,regime_conditional,clean,-0.22222222222222224,-0.22222222222222224,0.0,3.8,1.9444444444444446,0.0,0.0,0.1620370370370371,cusum_minus_point
42,count3,regime_conditional,observed,-0.13888888888888884,-0.13888888888888884,0.0,1.5096618357487923,1.8055555555555545,0.0,0.0,0.15046296296296302,cusum_minus_point
42,count3,regime_marginal,clean,0.0,-0.027777777777777776,0.027777777777777776,3.5,0.33333333333333215,0.0,0.0,0.02777777777777779,cusum_minus_point
42,count3,regime_marginal,observed,-0.2777777777777778,-0.3055555555555556,0.027777777777777776,2.4607843137254903,2.6388888888888893,0.0,0.0,0.21990740740740744,cusum_minus_point
42,duration24,regime_conditional,clean,-0.25,-0.25,0.0,-2.0,3.4166666666666643,0.0,0.0,0.14236111111111105,cusum_minus_point
42,duration24,regime_conditional,observed,0.04166666666666663,0.04166666666666663,0.0,1.528138528138527,0.7083333333333321,0.0,0.0,0.02951388888888884,cusum_minus_point
42,duration24,regime_marginal,clean,-0.08333333333333334,-0.08333333333333334,0.0,-4.333333333333334,0.875,0.0,0.0,0.03645833333333337,cusum_minus_point
42,duration24,regime_marginal,observed,-0.20833333333333337,-0.20833333333333337,0.0,6.316239316239316,6.916666666666666,0.0,0.0,0.2881944444444444,cusum_minus_point
42,duration4,regime_conditional,clean,-0.08333333333333333,-0.08333333333333333,0.0,,0.16666666666666652,0.0,0.0,0.04166666666666663,cusum_minus_point
42,duration4,regime_conditional,observed,-0.20833333333333337,-0.20833333333333337,0.0,0.2857142857142858,0.5,0.0,0.0,0.125,cusum_minus_point
42,duration4,regime_marginal,clean,0.0,0.0,0.0,,0.0,0.0,0.0,0.0,cusum_minus_point
42,duration4,regime_marginal,observed,-0.16666666666666669,-0.16666666666666669,0.0,0.3999999999999999,0.4166666666666665,0.0,0.0,0.10416666666666663,cusum_minus_point
42,magnitude2,regime_conditional,clean,-0.125,-0.125,0.0,3.5,1.083333333333334,0.0,0.0,0.09027777777777779,cusum_minus_point
42,magnitude2,regime_conditional,observed,-0.04166666666666663,-0.04166666666666663,0.0,1.1431159420289858,1.5,0.0,0.0,0.125,cusum_minus_point
42,magnitude2,regime_marginal,clean,0.0,0.0,0.0,1.0,0.041666666666666075,0.0,0.0,0.00347222222222221,cusum_minus_point
42,magnitude2,regime_marginal,observed,-0.125,-0.125,0.0,4.243478260869566,4.666666666666666,0.0,0.0,0.38888888888888884,cusum_minus_point
42,magnitude4,regime_conditional,clean,-0.125,-0.125,0.0,3.5,1.083333333333334,0.0,0.0,0.09027777777777779,cusum_minus_point
42,magnitude4,regime_conditional,observed,0.0,-0.08333333333333337,0.08333333333333333,1.4545454545454546,2.3333333333333335,0.0,0.0,0.19444444444444445,cusum_minus_point
42,magnitude4,regime_marginal,clean,0.0,0.0,0.0,1.0,0.041666666666666075,0.0,0.0,0.00347222222222221,cusum_minus_point
42,magnitude4,regime_marginal,observed,0.0,-0.08333333333333337,0.08333333333333333,3.772727272727273,4.458333333333333,0.0,0.0,0.37152777777777773,cusum_minus_point
42,steady_d12_n2_m1,regime_conditional,clean,-0.125,-0.125,0.0,3.5,1.083333333333334,0.0,0.0,0.09027777777777779,cusum_minus_point
42,steady_d12_n2_m1,regime_conditional,observed,-0.08333333333333326,-0.08333333333333326,0.0,1.1785714285714288,1.291666666666667,0.0,0.0,0.10763888888888895,cusum_minus_point
42,steady_d12_n2_m1,regime_marginal,clean,0.0,0.0,0.0,1.0,0.041666666666666075,0.0,0.0,0.00347222222222221,cusum_minus_point
42,steady_d12_n2_m1,regime_marginal,observed,-0.375,-0.375,0.0,1.7307692307692308,3.0,0.0,0.0,0.25,cusum_minus_point
42,switch_after6,regime_conditional,clean,-0.08333333333333334,-0.08333333333333334,0.0,1.0,0.5416666666666661,0.0,0.0,0.04513888888888884,cusum_minus_point
42,switch_after6,regime_conditional,observed,0.08333333333333337,0.08333333333333337,0.0,2.4051282051282046,0.7083333333333339,0.0,0.0,0.05902777777777779,cusum_minus_point
42,switch_after6,regime_marginal,clean,-0.08333333333333333,-0.08333333333333333,0.0,,0.7083333333333339,0.0,0.0,0.05902777777777779,cusum_minus_point
42,switch_after6,regime_marginal,observed,-0.04166666666666663,-0.04166666666666663,0.0,3.0178571428571432,1.25,0.0,0.0,0.10416666666666663,cusum_minus_point
42,switch_at,regime_conditional,clean,-0.125,-0.125,-0.041666666666666664,,0.4583333333333339,0.0,0.0,0.03819444444444453,cusum_minus_point
42,switch_at,regime_conditional,observed,-0.20833333333333326,-0.20833333333333326,-0.041666666666666664,1.977443609022557,2.666666666666666,0.0,0.0,0.2222222222222221,cusum_minus_point
42,switch_at,regime_marginal,clean,-0.08333333333333333,-0.08333333333333333,0.0,,0.20833333333333393,0.0,0.0,0.01736111111111116,cusum_minus_point
42,switch_at,regime_marginal,observed,-0.20833333333333334,-0.20833333333333334,0.0,5.7,3.0,0.0,0.0,0.25,cusum_minus_point
42,switch_before6,regime_conditional,clean,-0.08333333333333333,-0.08333333333333333,0.0,,0.375,0.0,0.0,0.03125,cusum_minus_point
42,switch_before6,regime_conditional,observed,-0.37500000000000006,-0.37500000000000006,0.0,1.6470588235294121,3.041666666666667,0.0,0.0,0.2534722222222222,cusum_minus_point
42,switch_before6,regime_marginal,clean,0.0,0.0,0.0,,0.0,0.0,0.0,0.0,cusum_minus_point
42,switch_before6,regime_marginal,observed,-0.49999999999999994,-0.49999999999999994,0.0,-0.615384615384615,3.166666666666668,0.0,0.0,0.26388888888888906,cusum_minus_point
42,switch_delay12,regime_conditional,clean,-0.08333333333333331,-0.08333333333333333,0.0,1.0,0.7083333333333339,0.0,0.0,0.05902777777777779,cusum_minus_point
42,switch_delay12,regime_conditional,observed,-0.125,0.0,0.0,2.2666666666666666,1.416666666666667,0.0,0.0,0.11805555555555558,cusum_minus_point
42,switch_delay12,regime_marginal,clean,-0.12499999999999997,-0.16666666666666666,0.041666666666666685,,1.583333333333334,0.0,0.0,0.13194444444444453,cusum_minus_point
42,switch_delay12,regime_marginal,observed,-0.29166666666666663,-0.33333333333333326,0.041666666666666685,4.923076923076923,3.666666666666667,0.0,0.0,0.3055555555555556,cusum_minus_point
42,switch_random,regime_conditional,clean,-0.08333333333333333,-0.08333333333333333,0.0,,0.5416666666666661,0.0,0.0,0.04513888888888884,cusum_minus_point
42,switch_random,regime_conditional,observed,-0.04166666666666663,-0.04166666666666663,0.0,1.8499999999999996,1.458333333333333,0.0,0.0,0.12152777777777779,cusum_minus_point
42,switch_random,regime_marginal,clean,-0.041666666666666664,-0.041666666666666664,0.041666666666666664,,0.4583333333333339,0.0,0.0,0.03819444444444453,cusum_minus_point
42,switch_random,regime_marginal,observed,-0.41666666666666663,-0.41666666666666663,0.041666666666666664,3.333333333333333,3.666666666666667,0.0,0.0,0.3055555555555556,cusum_minus_point
43,count1,regime_conditional,clean,-0.16666666666666666,-0.16666666666666666,0.08333333333333333,,0.3333333333333339,0.0,0.0,0.02777777777777779,cusum_minus_point
43,count1,regime_conditional,observed,-0.16666666666666674,-0.16666666666666674,0.08333333333333333,0.9000000000000004,1.666666666666667,0.0,0.0,0.13888888888888895,cusum_minus_point
43,count1,regime_marginal,clean,-0.25,-0.25,0.0,,1.166666666666666,0.0,0.0,0.09722222222222221,cusum_minus_point
43,count1,regime_marginal,observed,-0.33333333333333337,-0.33333333333333337,0.0,3.0,2.416666666666666,0.0,0.0,0.20138888888888884,cusum_minus_point
43,count3,regime_conditional,clean,-0.11111111111111112,-0.11111111111111112,0.027777777777777776,-3.2857142857142865,0.1388888888888875,0.0,0.0,0.011574074074073959,cusum_minus_point
43,count3,regime_conditional,observed,0.16666666666666674,0.16666666666666674,0.027777777777777776,0.9416666666666673,-0.4722222222222223,0.0,0.0,-0.03935185185185197,cusum_minus_point
43,count3,regime_marginal,clean,-0.1388888888888889,-0.16666666666666666,0.027777777777777776,,0.8055555555555554,0.0,0.0,0.06712962962962954,cusum_minus_point
43,count3,regime_marginal,observed,-0.25,-0.2777777777777778,0.027777777777777776,3.087719298245614,2.5555555555555554,0.0,0.0,0.21296296296296302,cusum_minus_point
43,duration24,regime_conditional,clean,-0.16666666666666669,-0.16666666666666669,0.041666666666666664,-3.166666666666666,2.375,0.0,0.0,0.09895833333333326,cusum_minus_point
43,duration24,regime_conditional,observed,-0.04166666666666674,-0.04166666666666674,0.041666666666666664,0.31818181818181834,1.0000000000000009,0.0,0.0,0.04166666666666674,cusum_minus_point
43,duration24,regime_marginal,clean,-0.20833333333333334,-0.25,0.041666666666666664,,3.875,0.0,0.0,0.16145833333333337,cusum_minus_point
43,duration24,regime_marginal,observed,-0.20833333333333331,-0.24999999999999994,0.041666666666666664,5.7875,6.833333333333334,0.0,0.0,0.2847222222222222,cusum_minus_point
43,duration4,regime_conditional,clean,0.041666666666666664,0.041666666666666664,0.041666666666666664,,-0.125,0.0,0.0,-0.03125,cusum_minus_point
43,duration4,regime_conditional,observed,-0.08333333333333334,-0.125,0.041666666666666664,0.8333333333333333,0.4583333333333335,0.0,0.0,0.11458333333333337,cusum_minus_point
43,duration4,regime_marginal,clean,0.0,-0.041666666666666664,0.041666666666666664,,0.04166666666666652,0.0,0.0,0.01041666666666663,cusum_minus_point
43,duration4,regime_marginal,observed,-0.125,-0.16666666666666666,0.041666666666666664,,0.5416666666666665,0.0,0.0,0.13541666666666663,cusum_minus_point
43,magnitude2,regime_conditional,clean,-0.16666666666666669,-0.16666666666666669,0.041666666666666664,-3.166666666666666,0.375,0.0,0.0,0.03125,cusum_minus_point
43,magnitude2,regime_conditional,observed,0.0,-0.04166666666666674,0.041666666666666664,1.4110671936758894,1.75,0.0,0.0,0.14583333333333331,cusum_minus_point
43,magnitude2,regime_marginal,clean,-0.16666666666666669,-0.20833333333333334,0.041666666666666664,,0.875,0.0,0.0,0.07291666666666663,cusum_minus_point
43,magnitude2,regime_marginal,observed,-0.125,-0.16666666666666674,0.041666666666666664,4.860411899313501,5.5,0.0,0.0,0.45833333333333326,cusum_minus_point
43,magnitude4,regime_conditional,clean,-0.16666666666666669,-0.16666666666666669,0.041666666666666664,-3.166666666666666,0.375,0.0,0.0,0.03125,cusum_minus_point
43,magnitude4,regime_conditional,observed,0.0,-0.33333333333333337,0.3333333333333333,1.1041666666666667,4.708333333333334,0.0,0.0,0.39236111111111116,cusum_minus_point
43,magnitude4,regime_marginal,clean,-0.16666666666666669,-0.20833333333333334,0.041666666666666664,,0.875,0.0,0.0,0.07291666666666663,cusum_minus_point
43,magnitude4,regime_marginal,observed,0.0,-0.125,0.20833333333333334,3.529761904761905,4.583333333333333,0.0,0.0,0.3819444444444445,cusum_minus_point
43,steady_d12_n2_m1,regime_conditional,clean,-0.16666666666666669,-0.16666666666666669,0.041666666666666664,-3.166666666666666,0.375,0.0,0.0,0.03125,cusum_minus_point
43,steady_d12_n2_m1,regime_conditional,observed,0.0,0.0,0.041666666666666664,0.6842105263157894,0.541666666666667,0.0,0.0,0.04513888888888895,cusum_minus_point
43,steady_d12_n2_m1,regime_marginal,clean,-0.16666666666666669,-0.20833333333333334,0.041666666666666664,,0.875,0.0,0.0,0.07291666666666663,cusum_minus_point
43,steady_d12_n2_m1,regime_marginal,observed,-0.375,-0.41666666666666663,0.041666666666666664,3.0666666666666673,3.25,0.0,0.0,0.27083333333333337,cusum_minus_point
43,switch_after6,regime_conditional,clean,-0.125,-0.125,-0.041666666666666664,2.5,0.9166666666666679,0.0,0.0,0.07638888888888895,cusum_minus_point
43,switch_after6,regime_conditional,observed,0.0,0.0,-0.041666666666666664,1.2631578947368425,1.0,0.0,0.0,0.08333333333333331,cusum_minus_point
43,switch_after6,regime_marginal,clean,-0.16666666666666666,-0.16666666666666666,0.0,,1.25,0.0,0.0,0.10416666666666663,cusum_minus_point
43,switch_after6,regime_marginal,observed,-0.20833333333333331,-0.20833333333333331,0.0,1.833333333333333,1.9166666666666679,0.0,0.0,0.15972222222222232,cusum_minus_point
43,switch_at,regime_conditional,clean,-0.125,-0.125,0.041666666666666664,,0.4583333333333339,0.0,0.0,0.03819444444444453,cusum_minus_point
43,switch_at,regime_conditional,observed,-0.08333333333333337,-0.08333333333333337,0.041666666666666664,1.811111111111111,1.958333333333333,0.0,0.0,0.16319444444444453,cusum_minus_point
43,switch_at,regime_marginal,clean,-0.08333333333333333,-0.08333333333333333,0.041666666666666664,,0.3333333333333339,0.0,0.0,0.02777777777777779,cusum_minus_point
43,switch_at,regime_marginal,observed,-0.3333333333333333,-0.3333333333333333,0.041666666666666664,1.4848484848484853,2.791666666666668,0.0,0.0,0.23263888888888895,cusum_minus_point
43,switch_before6,regime_conditional,clean,-0.04166666666666667,-0.04166666666666667,0.0,-2.5,0.08333333333333393,0.0,0.0,0.00694444444444442,cusum_minus_point
43,switch_before6,regime_conditional,observed,-0.125,-0.125,0.0,0.3088235294117645,1.125,0.0,0.0,0.09375000000000006,cusum_minus_point
43,switch_before6,regime_marginal,clean,0.0,-0.041666666666666664,0.041666666666666664,,0.4583333333333339,0.0,0.0,0.03819444444444453,cusum_minus_point
43,switch_before6,regime_marginal,observed,-0.45833333333333337,-0.5,0.041666666666666664,1.8571428571428568,3.583333333333334,0.0,0.0,0.29861111111111116,cusum_minus_point
43,switch_delay12,regime_conditional,clean,-0.16666666666666669,-0.20833333333333334,0.0,-4.25,0.5416666666666661,0.0,0.0,0.04513888888888884,cusum_minus_point
43,switch_delay12,regime_conditional,observed,0.0,0.0,0.0,1.166666666666666,0.875,0.0,0.0,0.07291666666666663,cusum_minus_point
43,switch_delay12,regime_marginal,clean,-0.25,-0.25,0.0,-5.285714285714286,0.9583333333333339,0.0,0.0,0.07986111111111116,cusum_minus_point
43,switch_delay12,regime_marginal,observed,-0.3333333333333333,-0.375,0.0,3.2666666666666666,3.166666666666666,0.0,0.0,0.26388888888888884,cusum_minus_point
43,switch_random,regime_conditional,clean,-0.25,-0.25,0.041666666666666664,,0.9583333333333339,0.0,0.0,0.07986111111111116,cusum_minus_point
43,switch_random,regime_conditional,observed,0.08333333333333326,0.08333333333333326,0.041666666666666664,0.9690402476780191,0.20833333333333304,0.0,0.0,0.01736111111111116,cusum_minus_point
43,switch_random,regime_marginal,clean,-0.25,-0.25,0.0,,1.0,0.0,0.0,0.08333333333333337,cusum_minus_point
43,switch_random,regime_marginal,observed,-0.41666666666666663,-0.41666666666666663,0.0,3.8,3.375,0.0,0.0,0.28125,cusum_minus_point
44,count1,regime_conditional,clean,-0.16666666666666669,-0.16666666666666669,0.0,-2.666666666666666,0.16666666666666785,0.0,0.0,0.01388888888888895,cusum_minus_point
44,count1,regime_conditional,observed,0.16666666666666663,0.16666666666666663,0.0,2.0833333333333335,-0.08333333333333304,0.0,0.0,-0.00694444444444442,cusum_minus_point
44,count1,regime_marginal,clean,0.0,-0.08333333333333333,0.08333333333333333,,0.3333333333333339,0.0,0.0,0.02777777777777779,cusum_minus_point
44,count1,regime_marginal,observed,-0.25,-0.3333333333333333,0.08333333333333333,,1.666666666666666,0.0,0.0,0.13888888888888884,cusum_minus_point
44,count3,regime_conditional,clean,-0.11111111111111112,-0.1388888888888889,0.027777777777777776,-2.7857142857142856,0.5,0.0,0.0,0.04166666666666663,cusum_minus_point
44,count3,regime_conditional,observed,0.02777777777777779,0.02777777777777779,0.027777777777777776,0.32105263157894814,0.0,0.0,0.0,0.0,cusum_minus_point
44,count3,regime_marginal,clean,-0.055555555555555566,-0.08333333333333334,0.027777777777777776,-0.7999999999999998,0.47222222222222143,0.0,0.0,0.03935185185185197,cusum_minus_point
44,count3,regime_marginal,observed,-0.2777777777777778,-0.2777777777777778,0.0,-1.9743589743589745,1.416666666666666,0.0,0.0,0.11805555555555558,cusum_minus_point
44,duration24,regime_conditional,clean,-0.25,-0.25,0.0,-4.0,3.0833333333333357,0.0,0.0,0.12847222222222232,cusum_minus_point
44,duration24,regime_conditional,observed,0.125,0.125,0.0,1.682539682539682,-0.45833333333333215,0.0,0.0,-0.019097222222222154,cusum_minus_point
44,duration24,regime_marginal,clean,-0.20833333333333334,-0.25,0.041666666666666664,,3.125,0.0,0.0,0.13020833333333337,cusum_minus_point
44,duration24,regime_marginal,observed,-0.25,-0.29166666666666663,0.041666666666666664,6.800000000000001,5.791666666666668,0.0,0.0,0.24131944444444453,cusum_minus_point
44,duration4,regime_conditional,clean,0.0,0.0,0.0,,0.0,0.0,0.0,0.0,cusum_minus_point
44,duration4,regime_conditional,observed,-0.041666666666666685,-0.041666666666666685,0.0,0.3999999999999999,0.16666666666666652,0.0,0.0,0.04166666666666663,cusum_minus_point
44,duration4,regime_marginal,clean,0.0,-0.041666666666666664,0.041666666666666664,,0.04166666666666652,0.0,0.0,0.01041666666666663,cusum_minus_point
44,duration4,regime_marginal,observed,-0.041666666666666664,-0.08333333333333333,0.041666666666666664,,0.3333333333333335,0.0,0.0,0.08333333333333337,cusum_minus_point
44,magnitude2,regime_conditional,clean,-0.125,-0.125,0.0,-1.5,0.375,0.0,0.0,0.03125,cusum_minus_point
44,magnitude2,regime_conditional,observed,0.0,0.0,0.0,1.9130434782608698,1.8333333333333335,0.0,0.0,0.15277777777777773,cusum_minus_point
44,magnitude2,regime_marginal,clean,-0.08333333333333334,-0.125,0.041666666666666664,,0.8333333333333339,0.0,0.0,0.06944444444444453,cusum_minus_point
44,magnitude2,regime_marginal,observed,-0.4166666666666667,-0.45833333333333337,0.041666666666666664,5.027777777777778,6.124999999999999,0.0,0.0,0.5104166666666665,cusum_minus_point
44,magnitude4,regime_conditional,clean,-0.125,-0.125,0.0,-1.5,0.375,0.0,0.0,0.03125,cusum_minus_point
44,magnitude4,regime_conditional,observed,0.0,0.0,0.041666666666666664,1.0833333333333333,1.0833333333333333,0.0,0.0,0.09027777777777778,cusum_minus_point
44,magnitude4,regime_marginal,clean,-0.08333333333333334,-0.125,0.041666666666666664,,0.8333333333333339,0.0,0.0,0.06944444444444453,cusum_minus_point
44,magnitude4,regime_marginal,observed,-0.08333333333333337,-0.125,0.041666666666666664,5.101190476190476,5.958333333333333,0.0,0.0,0.4965277777777778,cusum_minus_point
44,steady_d12_n2_m1,regime_conditional,clean,-0.125,-0.125,0.0,-1.5,0.375,0.0,0.0,0.03125,cusum_minus_point
44,steady_d12_n2_m1,regime_conditional,observed,0.0,0.0,0.0,0.5384615384615383,0.2916666666666661,0.0,0.0,0.02430555555555547,cusum_minus_point
44,steady_d12_n2_m1,regime_marginal,clean,-0.08333333333333334,-0.125,0.041666666666666664,,0.8333333333333339,0.0,0.0,0.06944444444444453,cusum_minus_point
44,steady_d12_n2_m1,regime_marginal,observed,-0.3333333333333333,-0.375,0.041666666666666664,,2.041666666666666,0.0,0.0,0.17013888888888884,cusum_minus_point
44,switch_after6,regime_conditional,clean,-0.041666666666666664,-0.041666666666666664,0.0,,0.25,0.0,0.0,0.02083333333333337,cusum_minus_point
44,switch_after6,regime_conditional,observed,0.0,0.0,0.0,0.6666666666666661,0.41666666666666696,0.0,0.0,0.03472222222222232,cusum_minus_point
44,switch_after6,regime_marginal,clean,0.0,0.0,0.0,,0.0,0.0,0.0,0.0,cusum_minus_point
44,switch_after6,regime_marginal,observed,-0.2916666666666667,-0.2916666666666667,0.0,,2.916666666666666,0.0,0.0,0.24305555555555547,cusum_minus_point
44,switch_at,regime_conditional,clean,-0.08333333333333333,-0.08333333333333333,0.0,,0.7916666666666661,0.0,0.0,0.06597222222222221,cusum_minus_point
44,switch_at,regime_conditional,observed,0.12499999999999994,0.12499999999999994,0.0,2.5307692307692307,0.45833333333333215,0.0,0.0,0.03819444444444442,cusum_minus_point
44,switch_at,regime_marginal,clean,-0.041666666666666664,-0.041666666666666664,0.08333333333333333,,0.3333333333333339,0.0,0.0,0.02777777777777779,cusum_minus_point
44,switch_at,regime_marginal,observed,-0.2916666666666667,-0.2916666666666667,0.08333333333333333,,2.083333333333334,0.0,0.0,0.17361111111111116,cusum_minus_point
44,switch_before6,regime_conditional,clean,-0.125,-0.125,0.0,,0.7083333333333339,0.0,0.0,0.05902777777777779,cusum_minus_point
44,switch_before6,regime_conditional,observed,-0.125,-0.125,0.0,-0.22727272727272707,0.9583333333333321,0.0,0.0,0.07986111111111105,cusum_minus_point
44,switch_before6,regime_marginal,clean,0.041666666666666664,0.0,0.041666666666666664,-6.0,-0.25,0.0,0.0,-0.02083333333333326,cusum_minus_point
44,switch_before6,regime_marginal,observed,-0.16666666666666669,-0.20833333333333334,0.041666666666666664,0.0,1.458333333333334,0.0,0.0,0.1215277777777779,cusum_minus_point
44,switch_delay12,regime_conditional,clean,-0.041666666666666685,-0.12500000000000003,0.0,-0.4642857142857144,0.7083333333333339,0.0,0.0,0.05902777777777779,cusum_minus_point
44,switch_delay12,regime_conditional,observed,0.0,-0.08333333333333331,0.0,-0.2937062937062942,0.41666666666666785,0.0,0.0,0.03472222222222232,cusum_minus_point
44,switch_delay12,regime_marginal,clean,-0.16666666666666666,-0.125,-0.04166666666666666,-2.6,0.8333333333333339,0.0,0.0,0.06944444444444453,cusum_minus_point
44,switch_delay12,regime_marginal,observed,-0.25,-0.2916666666666667,-0.04166666666666666,-2.9000000000000004,1.416666666666666,0.0,0.0,0.11805555555555547,cusum_minus_point
44,switch_random,regime_conditional,clean,-0.125,-0.125,0.0,-0.9000000000000004,0.5,0.0,0.0,0.04166666666666663,cusum_minus_point
44,switch_random,regime_conditional,observed,-0.04166666666666663,-0.04166666666666663,0.0,0.3525641025641022,0.45833333333333215,0.0,0.0,0.03819444444444431,cusum_minus_point
44,switch_random,regime_marginal,clean,-0.125,-0.125,0.0,,0.8333333333333339,0.0,0.0,0.06944444444444453,cusum_minus_point
44,switch_random,regime_marginal,observed,-0.375,-0.375,0.0,,1.958333333333334,0.0,0.0,0.16319444444444453,cusum_minus_point
45,count1,regime_conditional,clean,0.0,0.0,0.0,,0.0,0.0,0.0,0.0,cusum_minus_point
45,count1,regime_conditional,observed,0.0,0.0,0.0,4.5,2.250000000000001,0.0,0.0,0.1875000000000001,cusum_minus_point
45,count1,regime_marginal,clean,0.0,0.0,0.0,,0.0,0.0,0.0,0.0,cusum_minus_point
45,count1,regime_marginal,observed,-0.33333333333333337,-0.33333333333333337,0.0,2.4,3.333333333333332,0.0,0.0,0.2777777777777777,cusum_minus_point
45,count3,regime_conditional,clean,-0.1388888888888889,-0.1388888888888889,0.0,,0.5555555555555554,0.0,0.0,0.04629629629629628,cusum_minus_point
45,count3,regime_conditional,observed,0.05555555555555547,0.02777777777777768,0.027777777777777776,2.120553359683794,1.1388888888888893,0.0,0.0,0.09490740740740744,cusum_minus_point
45,count3,regime_marginal,clean,-0.11111111111111112,-0.1388888888888889,0.027777777777777776,,1.166666666666666,0.0,0.0,0.09722222222222221,cusum_minus_point
45,count3,regime_marginal,observed,-0.2222222222222222,-0.25,0.027777777777777776,3.6544117647058822,2.9444444444444438,0.0,0.0,0.24537037037037035,cusum_minus_point
45,duration24,regime_conditional,clean,-0.16666666666666669,-0.16666666666666669,0.0,6.4,2.166666666666668,0.0,0.0,0.0902777777777779,cusum_minus_point
45,duration24,regime_conditional,observed,0.25,0.25,0.0,3.1457800511508953,-1.5,0.0,0.0,-0.0625,cusum_minus_point
45,duration24,regime_marginal,clean,-0.04166666666666667,-0.08333333333333334,0.041666666666666664,6.666666666666666,1.3333333333333321,0.0,0.0,0.05555555555555558,cusum_minus_point
45,duration24,regime_marginal,observed,0.04166666666666663,0.0,0.041666666666666664,8.214285714285715,4.791666666666666,0.0,0.0,0.1996527777777778,cusum_minus_point
45,duration4,regime_conditional,clean,0.0,0.0,0.0,,0.0,0.0,0.0,0.0,cusum_minus_point
45,duration4,regime_conditional,observed,-0.08333333333333333,-0.08333333333333333,0.0,0.75,0.375,0.0,0.0,0.09375,cusum_minus_point
45,duration4,regime_marginal,clean,0.041666666666666664,0.0,0.041666666666666664,,0.0,0.0,0.0,0.0,cusum_minus_point
45,duration4,regime_marginal,observed,-0.20833333333333334,-0.25,0.041666666666666664,,0.7083333333333335,0.0,0.0,0.17708333333333337,cusum_minus_point
45,magnitude2,regime_conditional,clean,-0.08333333333333333,-0.08333333333333333,0.0,,0.2916666666666661,0.0,0.0,0.02430555555555547,cusum_minus_point
45,magnitude2,regime_conditional,observed,0.0,0.0,0.0,1.6249999999999998,1.6249999999999998,0.0,0.0,0.13541666666666663,cusum_minus_point
45,magnitude2,regime_marginal,clean,0.0,-0.041666666666666664,0.041666666666666664,,0.25,0.0,0.0,0.02083333333333337,cusum_minus_point
45,magnitude2,regime_marginal,observed,-0.29166666666666663,-0.33333333333333337,0.041666666666666664,2.8541666666666665,4.75,0.0,0.0,0.39583333333333337,cusum_minus_point
45,magnitude4,regime_conditional,clean,-0.08333333333333333,-0.08333333333333333,0.0,,0.2916666666666661,0.0,0.0,0.02430555555555547,cusum_minus_point
45,magnitude4,regime_conditional,observed,0.0,0.0,0.0,1.125,1.125,0.0,0.0,0.09374999999999999,cusum_minus_point
45,magnitude4,regime_marginal,clean,0.0,-0.041666666666666664,0.041666666666666664,,0.25,0.0,0.0,0.02083333333333337,cusum_minus_point
45,magnitude4,regime_marginal,observed,0.0,-0.04166666666666663,0.041666666666666664,3.614130434782609,3.958333333333333,0.0,0.0,0.32986111111111105,cusum_minus_point
45,steady_d12_n2_m1,regime_conditional,clean,-0.08333333333333333,-0.08333333333333333,0.0,,0.2916666666666661,0.0,0.0,0.02430555555555547,cusum_minus_point
45,steady_d12_n2_m1,regime_conditional,observed,0.08333333333333337,0.08333333333333337,0.0,1.9568627450980394,0.791666666666667,0.0,0.0,0.06597222222222232,cusum_minus_point
45,steady_d12_n2_m1,regime_marginal,clean,0.0,-0.041666666666666664,0.041666666666666664,,0.25,0.0,0.0,0.02083333333333337,cusum_minus_point
45,steady_d12_n2_m1,regime_marginal,observed,-0.25,-0.29166666666666663,0.041666666666666664,3.6500000000000004,3.166666666666666,0.0,0.0,0.26388888888888884,cusum_minus_point
45,switch_after6,regime_conditional,clean,-0.041666666666666664,-0.041666666666666664,0.0,,0.375,0.0,0.0,0.03125,cusum_minus_point
45,switch_after6,regime_conditional,observed,-0.25,-0.25,0.0,0.35714285714285676,1.958333333333333,0.0,0.0,0.16319444444444442,cusum_minus_point
45,switch_after6,regime_marginal,clean,-0.125,-0.125,0.0,,1.125,0.0,0.0,0.09375,cusum_minus_point
45,switch_after6,regime_marginal,observed,-0.33333333333333337,-0.33333333333333337,0.0,5.25,3.458333333333334,0.0,0.0,0.2881944444444444,cusum_minus_point
45,switch_at,regime_conditional,clean,-0.041666666666666664,-0.041666666666666664,0.0,,0.125,0.0,0.0,0.01041666666666663,cusum_minus_point
45,switch_at,regime_conditional,observed,0.08333333333333337,0.08333333333333337,0.0,1.7023809523809526,0.41666666666666785,0.0,0.0,0.03472222222222232,cusum_minus_point
45,switch_at,regime_marginal,clean,-0.16666666666666666,-0.125,0.0,,0.375,0.0,0.0,0.03125,cusum_minus_point
45,switch_at,regime_marginal,observed,-0.3333333333333333,-0.3333333333333333,0.0,1.3636363636363633,1.625,0.0,0.0,0.13541666666666663,cusum_minus_point
45,switch_before6,regime_conditional,clean,-0.08333333333333333,-0.08333333333333333,0.0,,0.7083333333333339,0.0,0.0,0.05902777777777779,cusum_minus_point
45,switch_before6,regime_conditional,observed,-0.25000000000000006,-0.25000000000000006,0.0,1.9107142857142856,2.583333333333333,0.0,0.0,0.21527777777777768,cusum_minus_point
45,switch_before6,regime_marginal,clean,-0.041666666666666664,-0.08333333333333333,0.041666666666666664,,0.7916666666666661,0.0,0.0,0.06597222222222221,cusum_minus_point
45,switch_before6,regime_marginal,observed,-0.2916666666666667,-0.3333333333333333,0.041666666666666664,1.5555555555555554,2.916666666666668,0.0,0.0,0.2430555555555557,cusum_minus_point
45,switch_delay12,regime_conditional,clean,-0.125,-0.125,-0.041666666666666664,-6.25,0.4583333333333339,0.0,0.0,0.03819444444444453,cusum_minus_point
45,switch_delay12,regime_conditional,observed,0.125,0.125,-0.041666666666666664,1.666666666666667,0.375,0.0,0.0,0.03125,cusum_minus_point
45,switch_delay12,regime_marginal,clean,-0.041666666666666685,-0.08333333333333334,-0.04166666666666666,-4.0,0.4166666666666661,0.0,0.0,0.0347222222222221,cusum_minus_point
45,switch_delay12,regime_marginal,observed,-0.3333333333333333,-0.33333333333333337,-0.04166666666666666,-0.25,2.291666666666666,0.0,0.0,0.1909722222222221,cusum_minus_point
45,switch_random,regime_conditional,clean,-0.08333333333333333,-0.08333333333333333,0.0,,0.2916666666666661,0.0,0.0,0.02430555555555547,cusum_minus_point
45,switch_random,regime_conditional,observed,0.08333333333333337,0.08333333333333337,0.0,3.113725490196079,1.583333333333333,0.0,0.0,0.13194444444444442,cusum_minus_point
45,switch_random,regime_marginal,clean,-0.08333333333333333,-0.08333333333333333,0.0,,0.5,0.0,0.0,0.04166666666666663,cusum_minus_point
45,switch_random,regime_marginal,observed,-0.41666666666666674,-0.41666666666666674,0.0,2.2857142857142856,3.416666666666666,0.0,0.0,0.2847222222222221,cusum_minus_point
46,count1,regime_conditional,clean,-0.08333333333333333,-0.16666666666666666,0.08333333333333333,,1.166666666666666,0.0,0.0,0.09722222222222221,cusum_minus_point
46,count1,regime_conditional,observed,0.0,-0.08333333333333326,0.08333333333333333,1.1964285714285712,1.333333333333333,0.0,0.0,0.11111111111111105,cusum_minus_point
46,count1,regime_marginal,clean,0.0,0.0,0.0,3.0,0.25,0.0,0.0,0.02083333333333337,cusum_minus_point
46,count1,regime_marginal,observed,0.0,0.0,0.0,3.75,1.25,0.0,0.0,0.10416666666666663,cusum_minus_point
46,count3,regime_conditional,clean,-0.11111111111111112,-0.1388888888888889,0.027777777777777776,0.14285714285714324,0.7222222222222214,0.0,0.0,0.06018518518518512,cusum_minus_point
46,count3,regime_conditional,observed,0.19444444444444442,0.16666666666666663,0.05555555555555555,2.2199488491048593,0.05555555555555536,0.0,0.0,0.004629629629629539,cusum_minus_point
46,count3,regime_marginal,clean,-0.08333333333333334,-0.08333333333333334,-0.027777777777777776,-1.2999999999999998,0.44444444444444464,0.0,0.0,0.03703703703703709,cusum_minus_point
46,count3,regime_marginal,observed,-0.19444444444444445,-0.19444444444444445,-0.027777777777777776,2.0,1.7777777777777786,0.0,0.0,0.14814814814814803,cusum_minus_point
46,duration24,regime_conditional,clean,-0.20833333333333331,-0.25,0.041666666666666664,-1.375,2.6666666666666643,0.0,0.0,0.11111111111111105,cusum_minus_point
46,duration24,regime_conditional,observed,-0.04166666666666674,-0.16666666666666674,0.125,1.0875000000000004,3.458333333333332,0.0,0.0,0.1440972222222222,cusum_minus_point
46,duration24,regime_marginal,clean,-0.29166666666666663,-0.29166666666666663,0.0,-9.0,2.8333333333333357,0.0,0.0,0.11805555555555558,cusum_minus_point
46,duration24,regime_marginal,observed,-0.20833333333333331,-0.25,0.08333333333333333,4.8888888888888875,5.749999999999998,0.0,0.0,0.23958333333333337,cusum_minus_point
46,duration4,regime_conditional,clean,0.0,-0.041666666666666664,0.041666666666666664,,0.125,0.0,0.0,0.03125,cusum_minus_point
46,duration4,regime_conditional,observed,-0.12499999999999997,-0.16666666666666666,0.041666666666666664,1.625,0.75,0.0,0.0,0.1875,cusum_minus_point
46,duration4,regime_marginal,clean,-0.041666666666666664,-0.041666666666666664,0.0,,0.125,0.0,0.0,0.03125,cusum_minus_point
46,duration4,regime_marginal,observed,-0.125,-0.125,0.0,1.25,0.45833333333333304,0.0,0.0,0.11458333333333326,cusum_minus_point
46,magnitude2,regime_conditional,clean,-0.125,-0.16666666666666669,0.041666666666666664,3.4000000000000004,0.875,0.0,0.0,0.07291666666666663,cusum_minus_point
46,magnitude2,regime_conditional,observed,0.0,-0.125,0.125,2.6250000000000004,3.5416666666666665,0.0,0.0,0.29513888888888884,cusum_minus_point
46,magnitude2,regime_marginal,clean,-0.125,-0.125,0.0,-2.5,0.5833333333333321,0.0,0.0,0.04861111111111105,cusum_minus_point
46,magnitude2,regime_marginal,observed,-0.29166666666666663,-0.3333333333333333,0.08333333333333333,5.708133971291866,6.125,0.0,0.0,0.5104166666666667,cusum_minus_point
46,magnitude4,regime_conditional,clean,-0.125,-0.16666666666666669,0.041666666666666664,3.4000000000000004,0.875,0.0,0.0,0.07291666666666663,cusum_minus_point
46,magnitude4,regime_conditional,observed,0.0,-0.16666666666666663,0.25,1.5,3.25,0.0,0.0,0.2708333333333333,cusum_minus_point
46,magnitude4,regime_marginal,clean,-0.125,-0.125,0.0,-2.5,0.5833333333333321,0.0,0.0,0.04861111111111105,cusum_minus_point
46,magnitude4,regime_marginal,observed,0.0,-0.08333333333333337,0.08333333333333333,4.6439393939393945,5.25,0.0,0.0,0.4375,cusum_minus_point
46,steady_d12_n2_m1,regime_conditional,clean,-0.125,-0.16666666666666669,0.041666666666666664,3.4000000000000004,0.875,0.0,0.0,0.07291666666666663,cusum_minus_point
46,steady_d12_n2_m1,regime_conditional,observed,0.08333333333333337,0.04166666666666674,0.08333333333333333,2.527472527472528,1.1250000000000009,0.0,0.0,0.09375,cusum_minus_point
46,steady_d12_n2_m1,regime_marginal,clean,-0.125,-0.125,0.0,-2.5,0.5833333333333321,0.0,0.0,0.04861111111111105,cusum_minus_point
46,steady_d12_n2_m1,regime_marginal,observed,-0.16666666666666666,-0.16666666666666666,0.0,2.7777777777777777,1.875,0.0,0.0,0.15625,cusum_minus_point
46,switch_after6,regime_conditional,clean,-0.16666666666666669,-0.16666666666666669,-0.041666666666666664,-0.40000000000000036,0.9166666666666661,0.0,0.0,0.07638888888888884,cusum_minus_point
46,switch_after6,regime_conditional,observed,0.08333333333333337,0.08333333333333337,-0.041666666666666664,-0.26190476190476186,-0.708333333333333,0.0,0.0,-0.05902777777777779,cusum_minus_point
46,switch_after6,regime_marginal,clean,-0.20833333333333334,-0.20833333333333334,-0.041666666666666664,,1.416666666666666,0.0,0.0,0.11805555555555547,cusum_minus_point
46,switch_after6,regime_marginal,observed,-0.25,-0.25,-0.041666666666666664,1.8888888888888893,2.291666666666668,0.0,0.0,0.19097222222222232,cusum_minus_point
46,switch_at,regime_conditional,clean,-0.16666666666666666,-0.16666666666666666,0.08333333333333333,,0.5833333333333339,0.0,0.0,0.04861111111111116,cusum_minus_point
46,switch_at,regime_conditional,observed,0.16666666666666669,0.16666666666666669,0.08333333333333333,4.814285714285715,1.291666666666666,0.0,0.0,0.10763888888888884,cusum_minus_point
46,switch_at,regime_marginal,clean,-0.20833333333333334,-0.20833333333333334,0.0,,0.6666666666666661,0.0,0.0,0.05555555555555547,cusum_minus_point
46,switch_at,regime_marginal,observed,-0.20833333333333331,-0.20833333333333331,0.0,-0.708333333333333,0.875,0.0,0.0,0.07291666666666674,cusum_minus_point
46,switch_before6,regime_conditional,clean,-0.04166666666666667,-0.04166666666666667,0.041666666666666664,-0.5,0.2916666666666661,0.0,0.0,0.02430555555555558,cusum_minus_point
46,switch_before6,regime_conditional,observed,-0.2916666666666667,-0.2916666666666667,0.041666666666666664,1.5000000000000004,2.791666666666667,0.0,0.0,0.23263888888888884,cusum_minus_point
46,switch_before6,regime_marginal,clean,-0.041666666666666664,-0.041666666666666664,0.0,,0.041666666666666075,0.0,0.0,0.00347222222222221,cusum_minus_point
46,switch_before6,regime_marginal,observed,-0.16666666666666669,-0.16666666666666669,0.0,5.6,1.5,0.0,0.0,0.125,cusum_minus_point
46,switch_delay12,regime_conditional,clean,0.0,0.0,0.0,-0.22222222222222232,-0.08333333333333215,0.0,0.0,-0.006944444444444309,cusum_minus_point
46,switch_delay12,regime_conditional,observed,0.0,0.0,0.0,1.8000000000000003,1.125,0.0,0.0,0.09375,cusum_minus_point
46,switch_delay12,regime_marginal,clean,-0.16666666666666669,-0.16666666666666666,0.0,2.0,1.5,0.0,0.0,0.125,cusum_minus_point
46,switch_delay12,regime_marginal,observed,-0.25,-0.25,0.0,2.55,2.75,0.0,0.0,0.22916666666666663,cusum_minus_point
46,switch_random,regime_conditional,clean,-0.16666666666666669,-0.16666666666666669,0.0,2.4000000000000004,0.8333333333333321,0.0,0.0,0.06944444444444431,cusum_minus_point
46,switch_random,regime_conditional,observed,-0.08333333333333337,-0.08333333333333337,0.0,2.184615384615385,1.833333333333334,0.0,0.0,0.1527777777777778,cusum_minus_point
46,switch_random,regime_marginal,clean,-0.08333333333333334,-0.08333333333333334,0.0,-3.666666666666667,0.45833333333333215,0.0,0.0,0.03819444444444431,cusum_minus_point
46,switch_random,regime_marginal,observed,-0.20833333333333334,-0.20833333333333334,0.0,2.25,2.25,0.0,0.0,0.1875,cusum_minus_point
42,count1,regime_conditional,clean,-0.16666666666666669,-0.16666666666666669,0.0,0.666666666666667,0.8333333333333321,0.0,0.0,0.06944444444444442,cusum_minus_ewma
42,count1,regime_conditional,observed,-0.08333333333333337,-0.08333333333333337,0.0,1.4285714285714288,1.333333333333333,0.0,0.0,0.11111111111111105,cusum_minus_ewma
42,count1,regime_marginal,clean,0.0,0.0,0.0,0.0,0.0,0.0,0.0,0.0,cusum_minus_ewma
42,count1,regime_marginal,observed,-0.16666666666666666,-0.16666666666666666,0.0,1.5,1.3333333333333321,0.0,0.0,0.11111111111111094,cusum_minus_ewma
42,count3,regime_conditional,clean,-0.1388888888888889,-0.1388888888888889,0.0,1.2857142857142856,0.8055555555555571,0.0,0.0,0.06712962962962976,cusum_minus_ewma
42,count3,regime_conditional,observed,-0.19444444444444442,-0.19444444444444442,0.0,1.6644444444444444,2.333333333333332,0.0,0.0,0.19444444444444442,cusum_minus_ewma
42,count3,regime_marginal,clean,-0.027777777777777776,-0.05555555555555555,0.027777777777777776,0.33333333333333304,0.30555555555555536,0.0,0.0,0.02546296296296313,cusum_minus_ewma
42,count3,regime_marginal,observed,-0.16666666666666666,-0.19444444444444445,0.027777777777777776,1.4743589743589745,1.4722222222222232,0.0,0.0,0.12268518518518523,cusum_minus_ewma
42,duration24,regime_conditional,clean,-0.20833333333333334,-0.20833333333333334,0.0,-0.16666666666666607,3.2916666666666643,0.0,0.0,0.13715277777777768,cusum_minus_ewma
42,duration24,regime_conditional,observed,0.0,0.0,0.0,2.8181818181818175,2.583333333333333,0.0,0.0,0.1076388888888889,cusum_minus_ewma
42,duration24,regime_marginal,clean,-0.041666666666666664,-0.041666666666666664,0.0,1.5,0.8333333333333357,0.0,0.0,0.03472222222222232,cusum_minus_ewma
42,duration24,regime_marginal,observed,-0.25,-0.25,0.0,3.6963562753036427,5.541666666666666,0.0,0.0,0.2309027777777778,cusum_minus_ewma
42,duration4,regime_conditional,clean,-0.041666666666666664,-0.041666666666666664,0.0,,0.04166666666666652,0.0,0.0,0.01041666666666663,cusum_minus_ewma
42,duration4,regime_conditional,observed,-0.25,-0.25,0.0,-0.375,0.375,0.0,0.0,0.09375,cusum_minus_ewma
42,duration4,regime_marginal,clean,0.0,0.0,0.0,,0.0,0.0,0.0,0.0,cusum_minus_ewma
42,duration4,regime_marginal,observed,-0.041666666666666664,-0.041666666666666664,0.0,0.0,0.08333333333333304,0.0,0.0,0.02083333333333326,cusum_minus_ewma
42,magnitude2,regime_conditional,clean,-0.16666666666666669,-0.16666666666666669,0.0,2.0,1.083333333333334,0.0,0.0,0.09027777777777779,cusum_minus_ewma
42,magnitude2,regime_conditional,observed,-0.04166666666666663,-0.04166666666666663,0.0,0.8514492753623188,1.208333333333333,0.0,0.0,0.10069444444444445,cusum_minus_ewma
42,magnitude2,regime_marginal,clean,-0.041666666666666664,-0.041666666666666664,0.0,1.5,0.33333333333333215,0.0,0.0,0.02777777777777768,cusum_minus_ewma
42,magnitude2,regime_marginal,observed,-0.08333333333333326,-0.08333333333333326,0.0,2.790909090909091,2.958333333333333,0.0,0.0,0.24652777777777773,cusum_minus_ewma
42,magnitude4,regime_conditional,clean,-0.16666666666666669,-0.16666666666666669,0.0,2.0,1.083333333333334,0.0,0.0,0.09027777777777779,cusum_minus_ewma
42,magnitude4,regime_conditional,observed,0.0,-0.08333333333333337,0.08333333333333333,0.8712121212121212,1.75,0.0,0.0,0.14583333333333334,cusum_minus_ewma
42,magnitude4,regime_marginal,clean,-0.041666666666666664,-0.041666666666666664,0.0,1.5,0.33333333333333215,0.0,0.0,0.02777777777777768,cusum_minus_ewma
42,magnitude4,regime_marginal,observed,0.0,-0.08333333333333337,0.08333333333333333,2.2310606060606064,2.916666666666666,0.0,0.0,0.24305555555555552,cusum_minus_ewma
42,steady_d12_n2_m1,regime_conditional,clean,-0.16666666666666669,-0.16666666666666669,0.0,2.0,1.083333333333334,0.0,0.0,0.09027777777777779,cusum_minus_ewma
42,steady_d12_n2_m1,regime_conditional,observed,-0.125,-0.125,0.0,1.8109243697478998,2.041666666666667,0.0,0.0,0.17013888888888895,cusum_minus_ewma
42,steady_d12_n2_m1,regime_marginal,clean,-0.041666666666666664,-0.041666666666666664,0.0,1.5,0.33333333333333215,0.0,0.0,0.02777777777777768,cusum_minus_ewma
42,steady_d12_n2_m1,regime_marginal,observed,-0.25,-0.25,0.0,0.7999999999999998,1.708333333333334,0.0,0.0,0.14236111111111116,cusum_minus_ewma
42,switch_after6,regime_conditional,clean,-0.16666666666666669,-0.16666666666666669,0.0,0.40000000000000036,0.9166666666666661,0.0,0.0,0.07638888888888884,cusum_minus_ewma
42,switch_after6,regime_conditional,observed,-0.20833333333333337,-0.20833333333333337,0.0,0.11666666666666625,1.583333333333334,0.0,0.0,0.13194444444444448,cusum_minus_ewma
42,switch_after6,regime_marginal,clean,-0.041666666666666664,-0.041666666666666664,0.0,,0.125,0.0,0.0,0.01041666666666663,cusum_minus_ewma
42,switch_after6,regime_marginal,observed,-0.08333333333333331,-0.08333333333333331,0.0,1.920634920634921,1.2083333333333321,0.0,0.0,0.10069444444444431,cusum_minus_ewma
42,switch_at,regime_conditional,clean,-0.08333333333333333,-0.08333333333333333,0.0,,0.2916666666666661,0.0,0.0,0.02430555555555547,cusum_minus_ewma
42,switch_at,regime_conditional,observed,-0.33333333333333326,-0.33333333333333326,0.0,0.8506493506493511,2.541666666666666,0.0,0.0,0.21180555555555547,cusum_minus_ewma
42,switch_at,regime_marginal,clean,0.0,0.0,0.0,,0.0,0.0,0.0,0.0,cusum_minus_ewma
42,switch_at,regime_marginal,observed,-0.24999999999999997,-0.24999999999999997,0.0,2.2727272727272725,1.791666666666666,0.0,0.0,0.14930555555555547,cusum_minus_ewma
42,switch_before6,regime_conditional,clean,0.0,0.0,0.0,,0.0,0.0,0.0,0.0,cusum_minus_ewma
42,switch_before6,regime_conditional,observed,-0.37500000000000006,-0.37500000000000006,0.0,1.3529411764705879,2.833333333333334,0.0,0.0,0.23611111111111116,cusum_minus_ewma
42,switch_before6,regime_marginal,clean,0.0,0.0,0.0,,0.0,0.0,0.0,0.0,cusum_minus_ewma
42,switch_before6,regime_marginal,observed,-0.16666666666666669,-0.16666666666666669,0.0,-0.5999999999999996,1.0416666666666679,0.0,0.0,0.08680555555555569,cusum_minus_ewma
42,switch_delay12,regime_conditional,clean,-0.16666666666666669,-0.16666666666666669,0.0,-0.33333333333333304,1.0,0.0,0.0,0.08333333333333337,cusum_minus_ewma
42,switch_delay12,regime_conditional,observed,-0.04166666666666674,-0.04166666666666663,0.0,2.3499999999999996,1.791666666666667,0.0,0.0,0.14930555555555558,cusum_minus_ewma
42,switch_delay12,regime_marginal,clean,-0.08333333333333334,-0.125,0.041666666666666685,,0.6666666666666661,0.0,0.0,0.05555555555555547,cusum_minus_ewma
42,switch_delay12,regime_marginal,observed,-0.16666666666666663,-0.20833333333333334,0.041666666666666685,3.5,2.083333333333334,0.0,0.0,0.17361111111111116,cusum_minus_ewma
42,switch_random,regime_conditional,clean,-0.16666666666666666,-0.16666666666666666,0.0,,0.875,0.0,0.0,0.07291666666666663,cusum_minus_ewma
42,switch_random,regime_conditional,observed,-0.04166666666666663,-0.04166666666666663,0.0,2.1624999999999996,1.666666666666667,0.0,0.0,0.13888888888888895,cusum_minus_ewma
42,switch_random,regime_marginal,clean,-0.041666666666666664,-0.041666666666666664,0.041666666666666664,,0.16666666666666607,0.0,0.0,0.01388888888888884,cusum_minus_ewma
42,switch_random,regime_marginal,observed,-0.20833333333333334,-0.20833333333333334,0.041666666666666664,1.799999999999999,1.5416666666666679,0.0,0.0,0.12847222222222232,cusum_minus_ewma
43,count1,regime_conditional,clean,-0.08333333333333333,-0.08333333333333333,0.08333333333333333,,0.5,0.0,0.0,0.04166666666666663,cusum_minus_ewma
43,count1,regime_conditional,observed,-0.16666666666666674,-0.16666666666666674,0.08333333333333333,0.5999999999999996,1.416666666666667,0.0,0.0,0.11805555555555558,cusum_minus_ewma
43,count1,regime_marginal,clean,0.0,0.0,0.0,,0.0,0.0,0.0,0.0,cusum_minus_ewma
43,count1,regime_marginal,observed,-0.16666666666666669,-0.16666666666666669,0.0,3.4000000000000004,1.75,0.0,0.0,0.14583333333333337,cusum_minus_ewma
43,count3,regime_conditional,clean,0.0,0.0,0.027777777777777776,-1.333333333333333,-0.11111111111111249,0.0,0.0,-0.009259259259259411,cusum_minus_ewma
43,count3,regime_conditional,observed,-0.05555555555555547,-0.05555555555555547,0.027777777777777776,0.6812500000000004,0.9722222222222223,0.0,0.0,0.08101851851851849,cusum_minus_ewma
43,count3,regime_marginal,clean,-0.027777777777777776,-0.05555555555555555,0.027777777777777776,,0.3888888888888893,0.0,0.0,0.03240740740740733,cusum_minus_ewma
43,count3,regime_marginal,observed,-0.1111111111111111,-0.1388888888888889,0.027777777777777776,2.666666666666666,1.5,0.0,0.0,0.125,cusum_minus_ewma
43,duration24,regime_conditional,clean,0.0,0.0,0.041666666666666664,-2.0,-0.1666666666666643,0.0,0.0,-0.00694444444444442,cusum_minus_ewma
43,duration24,regime_conditional,observed,-0.04166666666666674,-0.04166666666666674,0.041666666666666664,1.1007905138339922,1.7500000000000009,0.0,0.0,0.07291666666666674,cusum_minus_ewma
43,duration24,regime_marginal,clean,-0.08333333333333334,-0.125,0.041666666666666664,,2.041666666666668,0.0,0.0,0.08506944444444453,cusum_minus_ewma
43,duration24,regime_marginal,observed,-0.12500000000000006,-0.16666666666666669,0.041666666666666664,2.885714285714286,3.666666666666668,0.0,0.0,0.1527777777777778,cusum_minus_ewma
43,duration4,regime_conditional,clean,0.041666666666666664,0.041666666666666664,0.041666666666666664,,-0.125,0.0,0.0,-0.03125,cusum_minus_ewma
43,duration4,regime_conditional,observed,0.0,-0.04166666666666666,0.041666666666666664,0.0,0.08333333333333348,0.0,0.0,0.02083333333333337,cusum_minus_ewma
43,duration4,regime_marginal,clean,0.0,-0.041666666666666664,0.041666666666666664,,0.16666666666666652,0.0,0.0,0.04166666666666663,cusum_minus_ewma
43,duration4,regime_marginal,observed,0.0,-0.041666666666666664,0.041666666666666664,,0.16666666666666652,0.0,0.0,0.04166666666666663,cusum_minus_ewma
43,magnitude2,regime_conditional,clean,0.0,0.0,0.041666666666666664,-2.0,-0.16666666666666785,0.0,0.0,-0.01388888888888895,cusum_minus_ewma
43,magnitude2,regime_conditional,observed,-0.04166666666666663,-0.08333333333333337,0.041666666666666664,0.7878787878787878,1.5833333333333333,0.0,0.0,0.13194444444444442,cusum_minus_ewma
43,magnitude2,regime_marginal,clean,-0.041666666666666664,-0.08333333333333333,0.041666666666666664,,0.5833333333333339,0.0,0.0,0.04861111111111116,cusum_minus_ewma
43,magnitude2,regime_marginal,observed,-0.04166666666666663,-0.08333333333333337,0.041666666666666664,3.042606516290727,3.083333333333333,0.0,0.0,0.25694444444444436,cusum_minus_ewma
43,magnitude4,regime_conditional,clean,0.0,0.0,0.041666666666666664,-2.0,-0.16666666666666785,0.0,0.0,-0.01388888888888895,cusum_minus_ewma
43,magnitude4,regime_conditional,observed,0.0,-0.33333333333333337,0.3333333333333333,0.6041666666666666,4.208333333333334,0.0,0.0,0.3506944444444445,cusum_minus_ewma
43,magnitude4,regime_marginal,clean,-0.041666666666666664,-0.08333333333333333,0.041666666666666664,,0.5833333333333339,0.0,0.0,0.04861111111111116,cusum_minus_ewma
43,magnitude4,regime_marginal,observed,0.0,-0.125,0.20833333333333334,2.238095238095238,3.291666666666667,0.0,0.0,0.2743055555555556,cusum_minus_ewma
43,steady_d12_n2_m1,regime_conditional,clean,0.0,0.0,0.041666666666666664,-2.0,-0.16666666666666785,0.0,0.0,-0.01388888888888895,cusum_minus_ewma
43,steady_d12_n2_m1,regime_conditional,observed,-0.08333333333333337,-0.08333333333333337,0.041666666666666664,0.7944862155388472,1.208333333333333,0.0,0.0,0.10069444444444442,cusum_minus_ewma
43,steady_d12_n2_m1,regime_marginal,clean,-0.041666666666666664,-0.08333333333333333,0.041666666666666664,,0.5833333333333339,0.0,0.0,0.04861111111111116,cusum_minus_ewma
43,steady_d12_n2_m1,regime_marginal,observed,-0.125,-0.16666666666666666,0.041666666666666664,2.8000000000000007,1.583333333333334,0.0,0.0,0.13194444444444453,cusum_minus_ewma
43,switch_after6,regime_conditional,clean,-0.041666666666666664,-0.041666666666666664,0.0,0.5,0.20833333333333393,0.0,0.0,0.01736111111111116,cusum_minus_ewma
43,switch_after6,regime_conditional,observed,-0.04166666666666674,-0.04166666666666674,0.0,0.8736842105263163,1.0,0.0,0.0,0.08333333333333331,cusum_minus_ewma
43,switch_after6,regime_marginal,clean,-0.041666666666666664,-0.041666666666666664,0.0,,0.4583333333333339,0.0,0.0,0.03819444444444453,cusum_minus_ewma
43,switch_after6,regime_marginal,observed,-0.375,-0.375,0.0,0.5,2.25,0.0,0.0,0.1875,cusum_minus_ewma
43,switch_at,regime_conditional,clean,0.0,0.0,0.0,,0.0,0.0,0.0,0.0,cusum_minus_ewma
43,switch_at,regime_conditional,observed,-0.20833333333333337,-0.20833333333333337,0.0,1.045893719806763,2.125,0.0,0.0,0.17708333333333343,cusum_minus_ewma
43,switch_at,regime_marginal,clean,-0.041666666666666664,-0.041666666666666664,0.0,,0.20833333333333393,0.0,0.0,0.01736111111111116,cusum_minus_ewma
43,switch_at,regime_marginal,observed,-0.3333333333333333,-0.3333333333333333,0.0,-0.8787878787878789,1.708333333333334,0.0,0.0,0.14236111111111116,cusum_minus_ewma
43,switch_before6,regime_conditional,clean,0.0,0.0,-0.041666666666666664,0.0,0.0,0.0,0.0,0.0,cusum_minus_ewma
43,switch_before6,regime_conditional,observed,-0.04166666666666663,-0.04166666666666663,-0.041666666666666664,0.6143790849673199,0.75,0.0,0.0,0.0625,cusum_minus_ewma
43,switch_before6,regime_marginal,clean,0.0,-0.041666666666666664,0.041666666666666664,,0.4166666666666661,0.0,0.0,0.03472222222222221,cusum_minus_ewma
43,switch_before6,regime_marginal,observed,-0.3333333333333333,-0.375,0.041666666666666664,1.3636363636363633,2.5,0.0,0.0,0.20833333333333326,cusum_minus_ewma
43,switch_delay12,regime_conditional,clean,-0.08333333333333331,-0.041666666666666685,0.0,-2.05,0.0,0.0,0.0,0.0,cusum_minus_ewma
43,switch_delay12,regime_conditional,observed,-0.04166666666666674,-0.04166666666666663,0.0,0.24269005847953196,0.45833333333333304,0.0,0.0,0.03819444444444442,cusum_minus_ewma
43,switch_delay12,regime_marginal,clean,-0.04166666666666666,-0.041666666666666664,0.0,-3.0,0.16666666666666785,0.0,0.0,0.01388888888888895,cusum_minus_ewma
43,switch_delay12,regime_marginal,observed,-0.125,-0.16666666666666669,0.0,2.2,1.416666666666666,0.0,0.0,0.11805555555555547,cusum_minus_ewma
43,switch_random,regime_conditional,clean,-0.125,-0.125,0.041666666666666664,,0.4583333333333339,0.0,0.0,0.03819444444444453,cusum_minus_ewma
43,switch_random,regime_conditional,observed,-0.04166666666666674,-0.04166666666666674,0.041666666666666664,0.7131578947368427,0.833333333333333,0.0,0.0,0.06944444444444442,cusum_minus_ewma
43,switch_random,regime_marginal,clean,-0.08333333333333333,-0.08333333333333333,0.0,,0.375,0.0,0.0,0.03125,cusum_minus_ewma
43,switch_random,regime_marginal,observed,-0.24999999999999997,-0.24999999999999997,0.0,2.6909090909090905,1.833333333333334,0.0,0.0,0.1527777777777779,cusum_minus_ewma
44,count1,regime_conditional,clean,0.0,0.0,0.0,7.0,0.5833333333333339,0.0,0.0,0.04861111111111116,cusum_minus_ewma
44,count1,regime_conditional,observed,0.0,0.0,0.0,1.125,0.75,0.0,0.0,0.0625,cusum_minus_ewma
44,count1,regime_marginal,clean,0.08333333333333333,0.0,0.08333333333333333,,0.0,0.0,0.0,0.0,cusum_minus_ewma
44,count1,regime_marginal,observed,-0.25,-0.3333333333333333,0.08333333333333333,,2.0,0.0,0.0,0.16666666666666663,cusum_minus_ewma
44,count3,regime_conditional,clean,-0.027777777777777776,-0.05555555555555555,0.027777777777777776,2.0,0.6388888888888893,0.0,0.0,0.0532407407407407,cusum_minus_ewma
44,count3,regime_conditional,observed,-0.08333333333333326,-0.08333333333333326,0.027777777777777776,0.4217391304347826,0.7777777777777777,0.0,0.0,0.06481481481481477,cusum_minus_ewma
44,count3,regime_marginal,clean,0.08333333333333333,0.05555555555555555,0.027777777777777776,,-0.3888888888888893,0.0,0.0,-0.03240740740740733,cusum_minus_ewma
44,count3,regime_marginal,observed,-0.19444444444444448,-0.19444444444444448,0.0,-1.8666666666666671,0.9722222222222214,0.0,0.0,0.08101851851851849,cusum_minus_ewma
44,duration24,regime_conditional,clean,-0.125,-0.125,0.0,2.0,2.4583333333333357,0.0,0.0,0.10243055555555569,cusum_minus_ewma
44,duration24,regime_conditional,observed,0.0,0.0,0.0,1.5714285714285712,1.375,0.0,0.0,0.05729166666666663,cusum_minus_ewma
44,duration24,regime_marginal,clean,0.041666666666666664,0.0,0.041666666666666664,,0.0,0.0,0.0,0.0,cusum_minus_ewma
44,duration24,regime_marginal,observed,-0.29166666666666663,-0.33333333333333326,0.041666666666666664,3.953846153846154,4.875,0.0,0.0,0.203125,cusum_minus_ewma
44,duration4,regime_conditional,clean,-0.08333333333333333,-0.08333333333333333,0.0,,0.25,0.0,0.0,0.0625,cusum_minus_ewma
44,duration4,regime_conditional,observed,-0.08333333333333334,-0.08333333333333334,0.0,0.16666666666666674,0.20833333333333304,0.0,0.0,0.05208333333333326,cusum_minus_ewma
44,duration4,regime_marginal,clean,0.041666666666666664,0.0,0.041666666666666664,,0.0,0.0,0.0,0.0,cusum_minus_ewma
44,duration4,regime_marginal,observed,-0.041666666666666664,-0.08333333333333333,0.041666666666666664,,0.08333333333333348,0.0,0.0,0.02083333333333337,cusum_minus_ewma
44,magnitude2,regime_conditional,clean,-0.08333333333333334,-0.08333333333333334,0.0,5.0,1.041666666666666,0.0,0.0,0.08680555555555547,cusum_minus_ewma
44,magnitude2,regime_conditional,observed,-0.04166666666666663,-0.04166666666666663,0.0,0.8061594202898554,1.166666666666667,0.0,0.0,0.09722222222222218,cusum_minus_ewma
44,magnitude2,regime_marginal,clean,0.041666666666666664,0.0,0.041666666666666664,,0.0,0.0,0.0,0.0,cusum_minus_ewma
44,magnitude2,regime_marginal,observed,-0.37499999999999994,-0.41666666666666663,0.041666666666666664,2.830409356725146,3.999999999999999,0.0,0.0,0.33333333333333326,cusum_minus_ewma
44,magnitude4,regime_conditional,clean,-0.08333333333333334,-0.08333333333333334,0.0,5.0,1.041666666666666,0.0,0.0,0.08680555555555547,cusum_minus_ewma
44,magnitude4,regime_conditional,observed,0.0,0.0,0.041666666666666664,0.3749999999999999,0.3749999999999999,0.0,0.0,0.03125000000000001,cusum_minus_ewma
44,magnitude4,regime_marginal,clean,0.041666666666666664,0.0,0.041666666666666664,,0.0,0.0,0.0,0.0,cusum_minus_ewma
44,magnitude4,regime_marginal,observed,-0.08333333333333337,-0.125,0.041666666666666664,3.2678571428571432,4.125,0.0,0.0,0.34375,cusum_minus_ewma
44,steady_d12_n2_m1,regime_conditional,clean,-0.08333333333333334,-0.08333333333333334,0.0,5.0,1.041666666666666,0.0,0.0,0.08680555555555547,cusum_minus_ewma
44,steady_d12_n2_m1,regime_conditional,observed,-0.08333333333333337,-0.08333333333333337,0.0,0.3692307692307688,0.75,0.0,0.0,0.0625,cusum_minus_ewma
44,steady_d12_n2_m1,regime_marginal,clean,0.041666666666666664,0.0,0.041666666666666664,,0.0,0.0,0.0,0.0,cusum_minus_ewma
44,steady_d12_n2_m1,regime_marginal,observed,-0.25,-0.2916666666666667,0.041666666666666664,,1.708333333333334,0.0,0.0,0.14236111111111116,cusum_minus_ewma
44,switch_after6,regime_conditional,clean,-0.041666666666666664,-0.041666666666666664,0.0,,0.08333333333333393,0.0,0.0,0.006944444444444531,cusum_minus_ewma
44,switch_after6,regime_conditional,observed,-0.08333333333333337,-0.08333333333333337,0.0,1.0352941176470587,1.25,0.0,0.0,0.10416666666666674,cusum_minus_ewma
44,switch_after6,regime_marginal,clean,0.0,0.0,0.0,,0.0,0.0,0.0,0.0,cusum_minus_ewma
44,switch_after6,regime_marginal,observed,-0.3333333333333333,-0.3333333333333333,0.0,,1.25,0.0,0.0,0.10416666666666663,cusum_minus_ewma
44,switch_at,regime_conditional,clean,0.0,0.0,0.0,,0.0,0.0,0.0,0.0,cusum_minus_ewma
44,switch_at,regime_conditional,observed,-0.25,-0.25,0.0,1.3886639676113361,2.291666666666666,0.0,0.0,0.1909722222222222,cusum_minus_ewma
44,switch_at,regime_marginal,clean,0.0,0.0,0.08333333333333333,,0.0,0.0,0.0,0.0,cusum_minus_ewma
44,switch_at,regime_marginal,observed,-0.16666666666666666,-0.16666666666666666,0.08333333333333333,,0.7083333333333339,0.0,0.0,0.05902777777777779,cusum_minus_ewma
44,switch_before6,regime_conditional,clean,0.0,0.0,0.0,,0.0,0.0,0.0,0.0,cusum_minus_ewma
44,switch_before6,regime_conditional,observed,-0.20833333333333331,-0.20833333333333331,0.0,-1.5769230769230766,0.9166666666666661,0.0,0.0,0.07638888888888884,cusum_minus_ewma
44,switch_before6,regime_marginal,clean,0.08333333333333333,0.041666666666666664,0.041666666666666664,,-0.3333333333333339,0.0,0.0,-0.02777777777777779,cusum_minus_ewma
44,switch_before6,regime_marginal,observed,0.0,-0.041666666666666664,0.041666666666666664,-0.5,0.25,0.0,0.0,0.02083333333333337,cusum_minus_ewma
44,switch_delay12,regime_conditional,clean,0.0,-0.041666666666666685,-0.04166666666666666,1.4500000000000002,0.5833333333333339,0.0,0.0,0.04861111111111116,cusum_minus_ewma
44,switch_delay12,regime_conditional,observed,-0.04166666666666663,-0.041666666666666685,-0.04166666666666666,-0.07575757575757613,0.25,0.0,0.0,0.02083333333333337,cusum_minus_ewma
44,switch_delay12,regime_marginal,clean,-0.08333333333333334,-0.04166666666666667,-0.04166666666666666,-3.333333333333333,0.04166666666666785,0.0,0.0,0.003472222222222321,cusum_minus_ewma
44,switch_delay12,regime_marginal,observed,-0.20833333333333331,-0.16666666666666669,-0.04166666666666666,-1.2857142857142856,1.125,0.0,0.0,0.09375,cusum_minus_ewma
44,switch_random,regime_conditional,clean,-0.04166666666666667,-0.04166666666666667,0.0,1.5,0.4166666666666661,0.0,0.0,0.0347222222222221,cusum_minus_ewma
44,switch_random,regime_conditional,observed,-0.08333333333333337,-0.08333333333333337,0.0,0.6547619047619042,0.9166666666666661,0.0,0.0,0.07638888888888884,cusum_minus_ewma
44,switch_random,regime_marginal,clean,-0.041666666666666664,-0.041666666666666664,0.0,,0.16666666666666607,0.0,0.0,0.01388888888888884,cusum_minus_ewma
44,switch_random,regime_marginal,observed,-0.25,-0.25,0.0,,1.5,0.0,0.0,0.125,cusum_minus_ewma
45,count1,regime_conditional,clean,0.0,0.0,0.0,,0.0,0.0,0.0,0.0,cusum_minus_ewma
45,count1,regime_conditional,observed,-0.25,-0.25,0.0,1.5555555555555562,2.250000000000001,0.0,0.0,0.1875000000000001,cusum_minus_ewma
45,count1,regime_marginal,clean,-0.08333333333333333,-0.08333333333333333,0.0,,0.4166666666666661,0.0,0.0,0.03472222222222221,cusum_minus_ewma
45,count1,regime_marginal,observed,-0.33333333333333337,-0.33333333333333337,0.0,-2.0,1.5,0.0,0.0,0.125,cusum_minus_ewma
45,count3,regime_conditional,clean,-0.05555555555555555,-0.05555555555555555,0.0,,0.3888888888888893,0.0,0.0,0.03240740740740733,cusum_minus_ewma
45,count3,regime_conditional,observed,-0.11111111111111116,-0.13888888888888895,0.027777777777777776,1.383540372670807,1.8611111111111116,0.0,0.0,0.15509259259259267,cusum_minus_ewma
45,count3,regime_marginal,clean,-0.05555555555555555,-0.08333333333333333,0.027777777777777776,,0.3333333333333339,0.0,0.0,0.02777777777777779,cusum_minus_ewma
45,count3,regime_marginal,observed,-0.2222222222222222,-0.25,0.027777777777777776,1.7720588235294121,2.0555555555555554,0.0,0.0,0.17129629629629628,cusum_minus_ewma
45,duration24,regime_conditional,clean,-0.041666666666666664,-0.041666666666666664,0.0,2.5,0.41666666666666785,0.0,0.0,0.01736111111111116,cusum_minus_ewma
45,duration24,regime_conditional,observed,-0.04166666666666663,-0.04166666666666663,0.0,2.003623188405798,2.625000000000001,0.0,0.0,0.109375,cusum_minus_ewma
45,duration24,regime_marginal,clean,-0.04166666666666667,-0.08333333333333334,0.041666666666666664,8.0,1.5,0.0,0.0,0.0625,cusum_minus_ewma
45,duration24,regime_marginal,observed,-0.08333333333333337,-0.125,0.041666666666666664,5.226890756302522,5.041666666666666,0.0,0.0,0.21006944444444442,cusum_minus_ewma
45,duration4,regime_conditional,clean,0.0,0.0,0.0,,0.0,0.0,0.0,0.0,cusum_minus_ewma
45,duration4,regime_conditional,observed,-0.125,-0.125,0.0,-1.2000000000000002,0.125,0.0,0.0,0.03125,cusum_minus_ewma
45,duration4,regime_marginal,clean,0.041666666666666664,0.0,0.041666666666666664,,0.0,0.0,0.0,0.0,cusum_minus_ewma
45,duration4,regime_marginal,observed,-0.041666666666666664,-0.08333333333333333,0.041666666666666664,,0.08333333333333348,0.0,0.0,0.02083333333333337,cusum_minus_ewma
45,magnitude2,regime_conditional,clean,0.0,0.0,0.0,,0.0,0.0,0.0,0.0,cusum_minus_ewma
45,magnitude2,regime_conditional,observed,0.0,0.0,0.0,1.25,1.25,0.0,0.0,0.10416666666666666,cusum_minus_ewma
45,magnitude2,regime_marginal,clean,-0.041666666666666664,-0.08333333333333333,0.041666666666666664,,0.4166666666666661,0.0,0.0,0.03472222222222221,cusum_minus_ewma
45,magnitude2,regime_marginal,observed,-0.29166666666666663,-0.33333333333333337,0.041666666666666664,2.145833333333333,4.041666666666667,0.0,0.0,0.3368055555555555,cusum_minus_ewma
45,magnitude4,regime_conditional,clean,0.0,0.0,0.0,,0.0,0.0,0.0,0.0,cusum_minus_ewma
45,magnitude4,regime_conditional,observed,0.0,0.0,0.0,0.5416666666666667,0.5416666666666667,0.0,0.0,0.045138888888888874,cusum_minus_ewma
45,magnitude4,regime_marginal,clean,-0.041666666666666664,-0.08333333333333333,0.041666666666666664,,0.4166666666666661,0.0,0.0,0.03472222222222221,cusum_minus_ewma
45,magnitude4,regime_marginal,observed,0.0,-0.04166666666666663,0.041666666666666664,2.4057971014492754,2.75,0.0,0.0,0.22916666666666663,cusum_minus_ewma
45,steady_d12_n2_m1,regime_conditional,clean,0.0,0.0,0.0,,0.0,0.0,0.0,0.0,cusum_minus_ewma
45,steady_d12_n2_m1,regime_conditional,observed,-0.16666666666666663,-0.16666666666666663,0.0,1.4425770308123242,2.125000000000001,0.0,0.0,0.17708333333333348,cusum_minus_ewma
45,steady_d12_n2_m1,regime_marginal,clean,-0.041666666666666664,-0.08333333333333333,0.041666666666666664,,0.4166666666666661,0.0,0.0,0.03472222222222221,cusum_minus_ewma
45,steady_d12_n2_m1,regime_marginal,observed,-0.29166666666666663,-0.33333333333333326,0.041666666666666664,1.4000000000000004,2.291666666666666,0.0,0.0,0.1909722222222222,cusum_minus_ewma
45,switch_after6,regime_conditional,clean,0.0,0.0,0.0,,0.0,0.0,0.0,0.0,cusum_minus_ewma
45,switch_after6,regime_conditional,observed,-0.29166666666666663,-0.29166666666666663,0.0,0.16666666666666607,2.083333333333333,0.0,0.0,0.17361111111111116,cusum_minus_ewma
45,switch_after6,regime_marginal,clean,0.0,0.0,0.0,,0.0,0.0,0.0,0.0,cusum_minus_ewma
45,switch_after6,regime_marginal,observed,-0.25,-0.25,0.0,3.2,1.958333333333334,0.0,0.0,0.16319444444444442,cusum_minus_ewma
45,switch_at,regime_conditional,clean,0.0,0.0,0.0,,0.0,0.0,0.0,0.0,cusum_minus_ewma
45,switch_at,regime_conditional,observed,-0.33333333333333326,-0.33333333333333326,0.0,0.5129870129870131,2.208333333333334,0.0,0.0,0.1840277777777778,cusum_minus_ewma
45,switch_at,regime_marginal,clean,0.0,0.0,0.0,,0.0,0.0,0.0,0.0,cusum_minus_ewma
45,switch_at,regime_marginal,observed,-0.2916666666666667,-0.2916666666666667,0.0,1.2000000000000002,1.375,0.0,0.0,0.11458333333333337,cusum_minus_ewma
45,switch_before6,regime_conditional,clean,0.0,0.0,0.0,,0.0,0.0,0.0,0.0,cusum_minus_ewma
45,switch_before6,regime_conditional,observed,-0.2916666666666667,-0.2916666666666667,0.0,1.8583333333333334,2.874999999999999,0.0,0.0,0.23958333333333326,cusum_minus_ewma
45,switch_before6,regime_marginal,clean,0.0,-0.041666666666666664,0.041666666666666664,,0.375,0.0,0.0,0.03125,cusum_minus_ewma
45,switch_before6,regime_marginal,observed,-0.125,-0.16666666666666669,0.041666666666666664,0.40000000000000036,1.25,0.0,0.0,0.10416666666666674,cusum_minus_ewma
45,switch_delay12,regime_conditional,clean,-0.04166666666666667,0.0,-0.041666666666666664,-10.0,-0.4166666666666661,0.0,0.0,-0.0347222222222221,cusum_minus_ewma
45,switch_delay12,regime_conditional,observed,-0.125,-0.08333333333333337,-0.041666666666666664,1.0166666666666666,1.291666666666667,0.0,0.0,0.10763888888888884,cusum_minus_ewma
45,switch_delay12,regime_marginal,clean,-0.08333333333333334,-0.08333333333333334,0.0,-3.333333333333333,0.5,0.0,0.0,0.04166666666666663,cusum_minus_ewma
45,switch_delay12,regime_marginal,observed,-0.2916666666666667,-0.29166666666666663,0.0,-0.7954545454545459,1.75,0.0,0.0,0.14583333333333326,cusum_minus_ewma
45,switch_random,regime_conditional,clean,-0.041666666666666664,-0.041666666666666664,0.0,,0.5,0.0,0.0,0.04166666666666663,cusum_minus_ewma
45,switch_random,regime_conditional,observed,-0.16666666666666663,-0.16666666666666663,0.0,1.742296918767507,2.249999999999999,0.0,0.0,0.1874999999999999,cusum_minus_ewma
45,switch_random,regime_marginal,clean,-0.08333333333333333,-0.08333333333333333,0.0,,0.4583333333333339,0.0,0.0,0.03819444444444453,cusum_minus_ewma
45,switch_random,regime_marginal,observed,-0.29166666666666663,-0.29166666666666663,0.0,0.45454545454545414,1.666666666666666,0.0,0.0,0.13888888888888884,cusum_minus_ewma
46,count1,regime_conditional,clean,0.0,-0.08333333333333333,0.08333333333333333,,0.25,0.0,0.0,0.02083333333333337,cusum_minus_ewma
46,count1,regime_conditional,observed,-0.16666666666666674,-0.25,0.08333333333333333,1.1714285714285708,2.583333333333333,0.0,0.0,0.21527777777777773,cusum_minus_ewma
46,count1,regime_marginal,clean,0.08333333333333333,0.08333333333333333,0.0,,-0.6666666666666661,0.0,0.0,-0.05555555555555547,cusum_minus_ewma
46,count1,regime_marginal,observed,-0.16666666666666669,-0.16666666666666669,0.0,1.5,1.416666666666666,0.0,0.0,0.11805555555555547,cusum_minus_ewma
46,count3,regime_conditional,clean,0.0,-0.027777777777777776,0.027777777777777776,-2.0,-0.027777777777778567,0.0,0.0,-0.0023148148148148806,cusum_minus_ewma
46,count3,regime_conditional,observed,-0.11111111111111116,-0.13888888888888895,0.05555555555555555,1.0077639751552798,1.6111111111111116,0.0,0.0,0.1342592592592592,cusum_minus_ewma
46,count3,regime_marginal,clean,0.0,0.0,0.0,-1.0,-0.05555555555555536,0.0,0.0,-0.004629629629629539,cusum_minus_ewma
46,count3,regime_marginal,observed,-0.24999999999999997,-0.24999999999999997,0.0,-0.5178571428571432,1.0555555555555554,0.0,0.0,0.08796296296296291,cusum_minus_ewma
46,duration24,regime_conditional,clean,-0.125,-0.16666666666666669,0.041666666666666664,-2.0,1.5833333333333321,0.0,0.0,0.06597222222222221,cusum_minus_ewma
46,duration24,regime_conditional,observed,0.0,-0.125,0.125,3.213815789473684,4.458333333333332,0.0,0.0,0.1857638888888889,cusum_minus_ewma
46,duration24,regime_marginal,clean,-0.08333333333333334,-0.08333333333333334,0.0,-13.0,0.04166666666666785,0.0,0.0,0.0017361111111111605,cusum_minus_ewma
46,duration24,regime_marginal,observed,-0.24999999999999994,-0.29166666666666663,0.08333333333333333,2.2847222222222214,4.666666666666666,0.0,0.0,0.19444444444444442,cusum_minus_ewma
46,duration4,regime_conditional,clean,0.041666666666666664,0.0,0.041666666666666664,,0.0,0.0,0.0,0.0,cusum_minus_ewma
46,duration4,regime_conditional,observed,-0.04166666666666666,-0.08333333333333334,0.041666666666666664,0.75,0.2916666666666665,0.0,0.0,0.07291666666666663,cusum_minus_ewma
46,duration4,regime_marginal,clean,0.0,0.0,0.0,,0.0,0.0,0.0,0.0,cusum_minus_ewma
46,duration4,regime_marginal,observed,-0.041666666666666664,-0.041666666666666664,0.0,-0.5,0.04166666666666652,0.0,0.0,0.01041666666666663,cusum_minus_ewma
46,magnitude2,regime_conditional,clean,-0.04166666666666667,-0.08333333333333334,0.041666666666666664,2.0,0.3333333333333339,0.0,0.0,0.02777777777777779,cusum_minus_ewma
46,magnitude2,regime_conditional,observed,0.0,-0.125,0.125,2.541666666666667,3.458333333333333,0.0,0.0,0.2881944444444444,cusum_minus_ewma
46,magnitude2,regime_marginal,clean,0.0,0.0,0.0,-7.0,-0.29166666666666785,0.0,0.0,-0.02430555555555558,cusum_minus_ewma
46,magnitude2,regime_marginal,observed,-0.29166666666666663,-0.3333333333333333,0.08333333333333333,3.2870813397129184,4.208333333333333,0.0,0.0,0.3506944444444445,cusum_minus_ewma
46,magnitude4,regime_conditional,clean,-0.04166666666666667,-0.08333333333333334,0.041666666666666664,2.0,0.3333333333333339,0.0,0.0,0.02777777777777779,cusum_minus_ewma
46,magnitude4,regime_conditional,observed,0.0,-0.16666666666666663,0.25,0.8333333333333334,2.5833333333333335,0.0,0.0,0.21527777777777776,cusum_minus_ewma
46,magnitude4,regime_marginal,clean,0.0,0.0,0.0,-7.0,-0.29166666666666785,0.0,0.0,-0.02430555555555558,cusum_minus_ewma
46,magnitude4,regime_marginal,observed,0.0,-0.08333333333333337,0.08333333333333333,3.3106060606060606,3.916666666666666,0.0,0.0,0.3263888888888889,cusum_minus_ewma
46,steady_d12_n2_m1,regime_conditional,clean,-0.04166666666666667,-0.08333333333333334,0.041666666666666664,2.0,0.3333333333333339,0.0,0.0,0.02777777777777779,cusum_minus_ewma
46,steady_d12_n2_m1,regime_conditional,observed,-0.125,-0.16666666666666663,0.08333333333333333,1.0873015873015879,1.791666666666667,0.0,0.0,0.14930555555555558,cusum_minus_ewma
46,steady_d12_n2_m1,regime_marginal,clean,0.0,0.0,0.0,-7.0,-0.29166666666666785,0.0,0.0,-0.02430555555555558,cusum_minus_ewma
46,steady_d12_n2_m1,regime_marginal,observed,-0.20833333333333334,-0.20833333333333334,0.0,-0.7000000000000002,0.75,0.0,0.0,0.0625,cusum_minus_ewma
46,switch_after6,regime_conditional,clean,0.0,0.0,0.0,-4.0,-0.16666666666666607,0.0,0.0,-0.01388888888888884,cusum_minus_ewma
46,switch_after6,regime_conditional,observed,-0.08333333333333326,-0.08333333333333326,0.0,-0.053571428571428825,0.5416666666666661,0.0,0.0,0.04513888888888884,cusum_minus_ewma
46,switch_after6,regime_marginal,clean,-0.041666666666666664,-0.041666666666666664,0.0,,0.2916666666666661,0.0,0.0,0.02430555555555547,cusum_minus_ewma
46,switch_after6,regime_marginal,observed,-0.2916666666666667,-0.2916666666666667,0.0,-0.5333333333333332,1.625,0.0,0.0,0.13541666666666663,cusum_minus_ewma
46,switch_at,regime_conditional,clean,0.0,0.0,0.08333333333333333,,0.0,0.0,0.0,0.0,cusum_minus_ewma
46,switch_at,regime_conditional,observed,-0.16666666666666663,-0.16666666666666663,0.08333333333333333,1.5476190476190474,1.875,0.0,0.0,0.15625,cusum_minus_ewma
46,switch_at,regime_marginal,clean,-0.041666666666666664,-0.041666666666666664,0.0,,0.041666666666666075,0.0,0.0,0.00347222222222221,cusum_minus_ewma
46,switch_at,regime_marginal,observed,-0.25,-0.25,0.0,-1.0,0.9583333333333339,0.0,0.0,0.07986111111111116,cusum_minus_ewma
46,switch_before6,regime_conditional,clean,0.0,0.0,0.041666666666666664,1.0,0.08333333333333215,0.0,0.0,0.00694444444444442,cusum_minus_ewma
46,switch_before6,regime_conditional,observed,-0.3333333333333333,-0.3333333333333333,0.041666666666666664,0.16190476190476222,2.291666666666667,0.0,0.0,0.1909722222222222,cusum_minus_ewma
46,switch_before6,regime_marginal,clean,0.0,0.0,0.0,,0.0,0.0,0.0,0.0,cusum_minus_ewma
46,switch_before6,regime_marginal,observed,-0.125,-0.125,0.0,3.25,0.7916666666666661,0.0,0.0,0.0659722222222221,cusum_minus_ewma
46,switch_delay12,regime_conditional,clean,-0.12500000000000006,-0.125,-0.04166666666666667,-0.6944444444444446,0.4583333333333339,0.0,0.0,0.03819444444444453,cusum_minus_ewma
46,switch_delay12,regime_conditional,observed,-0.16666666666666674,-0.125,-0.04166666666666667,0.2777777777777777,1.125,0.0,0.0,0.09375,cusum_minus_ewma
46,switch_delay12,regime_marginal,clean,-0.125,-0.12500000000000003,0.0,0.4285714285714288,0.75,0.0,0.0,0.0625,cusum_minus_ewma
46,switch_delay12,regime_marginal,observed,-0.29166666666666663,-0.33333333333333337,0.0,-0.583333333333333,1.958333333333334,0.0,0.0,0.16319444444444453,cusum_minus_ewma
46,switch_random,regime_conditional,clean,-0.08333333333333334,-0.08333333333333334,0.0,1.333333333333334,0.33333333333333215,0.0,0.0,0.02777777777777768,cusum_minus_ewma
46,switch_random,regime_conditional,observed,-0.16666666666666674,-0.16666666666666674,0.0,1.6787330316742084,2.125000000000001,0.0,0.0,0.17708333333333337,cusum_minus_ewma
46,switch_random,regime_marginal,clean,-0.041666666666666664,-0.041666666666666664,0.0,-6.5,-0.08333333333333393,0.0,0.0,-0.006944444444444531,cusum_minus_ewma
46,switch_random,regime_marginal,observed,-0.20833333333333334,-0.20833333333333334,0.0,-0.8611111111111107,1.083333333333334,0.0,0.0,0.09027777777777779,cusum_minus_ewma
