scenario,method,view,comparison,any_active_hit_mean,any_active_hit_std,any_active_hit_count,fresh_onset_hit_mean,fresh_onset_hit_std,fresh_onset_hit_count,pre_active_mean,pre_active_std,pre_active_count,fresh_delay_detected_mean,fresh_delay_detected_std,fresh_delay_detected_count,fresh_delay_capped_mean,fresh_delay_capped_std,fresh_delay_capped_count,scoreable_fraction_mean,scoreable_fraction_std,scoreable_fraction_count,fully_unavailable_mean,fully_unavailable_std,fully_unavailable_count,delay_fraction_capped_mean,delay_fraction_capped_std,delay_fraction_capped_count
count1,regime_conditional,clean,cusum_minus_ewma,-0.05,0.07453559924999299,5,-0.06666666666666668,0.06972166887783963,5,0.03333333333333333,0.04564354645876384,5,3.8333333333333335,4.4783429475148,2,0.43333333333333324,0.3195048252113466,5,0.0,0.0,5,0.0,0.0,5,0.036111111111111115,0.026625402100945567,5
count1,regime_conditional,clean,cusum_minus_point,-0.11666666666666667,0.07453559924999299,5,-0.13333333333333336,0.07453559924999299,5,0.03333333333333333,0.04564354645876384,5,-0.16666666666666652,3.5355339059327373,2,0.5833333333333336,0.5833333333333329,5,0.0,0.0,5,0.0,0.0,5,0.04861111111111114,0.04861111111111112,5
count1,regime_conditional,observed,cusum_minus_ewma,-0.13333333333333336,0.0950146187582615,5,-0.15000000000000002,0.10865337342004415,5,0.03333333333333333,0.04564354645876384,5,1.176111111111111,0.36818900802254007,5,1.6666666666666667,0.7406828681096325,5,0.0,0.0,5,0.0,0.0,5,0.1388888888888889,0.06172357234246938,5
count1,regime_conditional,observed,cusum_minus_point,-0.016666666666666698,0.12360330811826106,5,-0.03333333333333335,0.12638125740085918,5,0.03333333333333333,0.04564354645876384,5,1.5645238095238096,1.95753283682707,5,1.0333333333333337,1.0351462591236942,5,0.0,0.0,5,0.0,0.0,5,0.08611111111111114,0.08626218826030786,5
count1,regime_marginal,clean,cusum_minus_ewma,0.016666666666666666,0.06972166887783963,5,0.0,0.05892556509887896,5,0.016666666666666666,0.03726779962499649,5,0.0,,1,-0.05,0.38908725099762465,5,0.0,0.0,5,0.0,0.0,5,-0.004166666666666652,0.03242393758313538,5
count1,regime_marginal,clean,cusum_minus_point,-0.05,0.1118033988749895,5,-0.06666666666666667,0.10865337342004415,5,0.016666666666666666,0.03726779962499649,5,2.0,1.4142135623730951,2,0.3666666666666668,0.4662200243566451,5,0.0,0.0,5,0.0,0.0,5,0.030555555555555558,0.03885166869638712,5
count1,regime_marginal,observed,cusum_minus_ewma,-0.2166666666666667,0.07453559924999299,5,-0.23333333333333334,0.09128709291752768,5,0.016666666666666666,0.03726779962499649,5,1.1,2.2524061208701536,4,1.5999999999999996,0.2725904538966025,5,0.0,0.0,5,0.0,0.0,5,0.13333333333333328,0.022715871158050224,5
count1,regime_marginal,observed,cusum_minus_point,-0.25,0.14433756729740646,5,-0.2666666666666667,0.149071198499986,5,0.016666666666666666,0.03726779962499649,5,2.495833333333333,1.2383064151403635,4,2.1499999999999995,0.793637896720608,5,0.0,0.0,5,0.0,0.0,5,0.17916666666666664,0.06613649139338401,5
count3,regime_conditional,clean,cusum_minus_ewma,-0.04444444444444444,0.057601225981465894,5,-0.05555555555555556,0.05196746370519363,5,0.016666666666666666,0.015214515486254614,5,-0.011904761904761862,1.9519453637199595,4,0.3388888888888889,0.40225061287157343,5,0.0,0.0,5,0.0,0.0,5,0.028240740740740698,0.03352088440596444,5
count3,regime_conditional,clean,cusum_minus_point,-0.1388888888888889,0.04811252243246882,5,-0.15,0.042127085800286394,5,0.016666666666666666,0.015214515486254614,5,-0.5321428571428573,3.2600524806927185,4,0.7722222222222218,0.688978488796778,5,0.0,0.0,5,0.0,0.0,5,0.06435185185185181,0.05741487406639819,5
count3,regime_conditional,observed,cusum_minus_ewma,-0.11111111111111109,0.05196746370519365,5,-0.1222222222222222,0.05414885747116096,5,0.02777777777777778,0.019641855032959652,5,1.0317475845410629,0.5048756199998969,5,1.511111111111111,0.6396734313424559,5,0.0,0.0,5,0.0,0.0,5,0.1259259259259259,0.05330611927853804,5
count3,regime_conditional,observed,cusum_minus_point,0.061111111111111116,0.1323458805507955,5,0.05,0.12638125740085918,5,0.02777777777777778,0.019641855032959652,5,1.4225766685566121,0.8023695090124254,5,0.5055555555555553,0.936115232434053,5,0.0,0.0,5,0.0,0.0,5,0.04212962962962961,0.07800960270283784,5
count3,regime_marginal,clean,cusum_minus_ewma,-0.005555555555555555,0.05343162239353151,5,-0.02777777777777778,0.05555555555555555,5,0.02222222222222222,0.01242259987499883,5,-0.3333333333333335,0.9428090415820631,2,0.11666666666666678,0.33240611781448004,5,0.0,0.0,5,0.0,0.0,5,0.009722222222222276,0.027700509817873285,5
count3,regime_marginal,clean,cusum_minus_point,-0.07777777777777779,0.05343162239353151,5,-0.1,0.05414885747116091,5,0.016666666666666666,0.02484519974999766,5,0.4666666666666668,2.6388128644019706,3,0.6444444444444439,0.34099980087608694,5,0.0,0.0,5,0.0,0.0,5,0.05370370370370372,0.028416650073007196,5
count3,regime_marginal,observed,cusum_minus_ewma,-0.18888888888888888,0.05343162239353151,5,-0.20555555555555555,0.04648111258522639,5,0.016666666666666666,0.015214515486254614,5,0.7057121310062484,1.8498317745161388,5,1.411111111111111,0.43185288418655615,5,0.0,0.0,5,0.0,0.0,5,0.11759259259259258,0.03598774034887967,5
count3,regime_marginal,observed,cusum_minus_point,-0.24444444444444446,0.036217791140014735,5,-0.2611111111111111,0.0421270858002864,5,0.01111111111111111,0.02484519974999766,5,1.8457112804636027,2.2253672705272405,5,2.2666666666666666,0.6408785443763703,5,0.0,0.0,5,0.0,0.0,5,0.18888888888888888,0.05340654536469755,5
duration24,regime_conditional,clean,cusum_minus_ewma,-0.1,0.08122328620674138,5,-0.10833333333333335,0.08640183897219884,5,0.016666666666666666,0.02282177322938192,5,0.06666666666666679,2.136326025888579,5,1.516666666666667,1.421743354711624,5,0.0,0.0,5,0.0,0.0,5,0.06319444444444447,0.0592393064463177,5
duration24,regime_conditional,clean,cusum_minus_point,-0.20833333333333334,0.04166666666666666,5,-0.2166666666666667,0.04564354645876384,5,0.016666666666666666,0.02282177322938192,5,-0.8283333333333331,4.166764998839694,5,2.7416666666666663,0.5106504566617838,5,0.0,0.0,5,0.0,0.0,5,0.11423611111111112,0.021277102360907657,5
duration24,regime_conditional,observed,cusum_minus_ewma,-0.016666666666666673,0.022821773229381934,5,-0.04166666666666667,0.05103103630798288,5,0.03333333333333333,0.054326686710022075,5,2.141567976264773,0.8710377568959521,5,2.5583333333333336,1.190456845080912,5,0.0,0.0,5,0.0,0.0,5,0.10659722222222223,0.04960236854503803,5
duration24,regime_conditional,observed,cusum_minus_point,0.06666666666666662,0.12360330811826108,5,0.04166666666666663,0.15866193970549813,5,0.03333333333333333,0.054326686710022075,5,1.5524280160021846,1.0363169724799624,5,0.6416666666666666,1.861665547597395,5,0.0,0.0,5,0.0,0.0,5,0.026736111111111127,0.07756939781655814,5
duration24,regime_marginal,clean,cusum_minus_ewma,-0.04166666666666667,0.051031036307982884,5,-0.06666666666666668,0.04750730937913075,5,0.025,0.02282177322938192,5,-1.1666666666666667,10.750968948580091,3,0.8833333333333343,0.8962692737738538,5,0.0,0.0,5,0.0,0.0,5,0.036805555555555605,0.03734455307391059,5
duration24,regime_marginal,clean,cusum_minus_point,-0.16666666666666666,0.10206207261596574,5,-0.19166666666666668,0.10034662148993578,5,0.025,0.02282177322938192,5,-2.2222222222222228,8.04386124343923,3,2.4083333333333337,1.2601669862892515,5,0.0,0.0,5,0.0,0.0,5,0.10034722222222225,0.05250695776205212,5
duration24,regime_marginal,observed,cusum_minus_ewma,-0.2,0.09033118078616162,5,-0.2333333333333333,0.0864018389721988,5,0.041666666666666664,0.02946278254943948,5,3.609505938677765,1.1203763949363934,5,4.758333333333333,0.6905865059659226,5,0.0,0.0,5,0.0,0.0,5,0.19826388888888888,0.028774437748580135,5
duration24,regime_marginal,observed,cusum_minus_point,-0.16666666666666669,0.1178511301977579,5,-0.2,0.11562030771259671,5,0.041666666666666664,0.02946278254943948,5,6.4013827838827835,1.2366539516849908,5,6.016666666666667,0.8802422330750153,5,0.0,0.0,5,0.0,0.0,5,0.25069444444444444,0.036676759711458916,5
duration4,regime_conditional,clean,cusum_minus_ewma,-0.008333333333333333,0.054326686710022075,5,-0.016666666666666666,0.04750730937913075,5,0.016666666666666666,0.02282177322938192,5,,,0,0.033333333333333305,0.13629522694830104,5,0.0,0.0,5,0.0,0.0,5,0.008333333333333326,0.03407380673707526,5
duration4,regime_conditional,clean,cusum_minus_point,-0.008333333333333333,0.04564354645876384,5,-0.016666666666666666,0.04750730937913075,5,0.016666666666666666,0.02282177322938192,5,,,0,0.033333333333333305,0.1156203077125967,5,0.0,0.0,5,0.0,0.0,5,0.008333333333333326,0.028905076928149174,5
duration4,regime_conditional,observed,cusum_minus_ewma,-0.1,0.09592387027684447,5,-0.11666666666666667,0.08014743359029726,5,0.016666666666666666,0.02282177322938192,5,-0.13166666666666668,0.721841780139911,5,0.21666666666666662,0.11931517552730288,5,0.0,0.0,5,0.0,0.0,5,0.054166666666666655,0.02982879388182572,5
duration4,regime_conditional,observed,cusum_minus_point,-0.10833333333333335,0.0631906287004296,5,-0.125,0.06588078458684124,5,0.016666666666666666,0.02282177322938192,5,0.7788095238095238,0.5259469378234801,5,0.45,0.21122986426060966,5,0.0,0.0,5,0.0,0.0,5,0.1125,0.052807466065152416,5
duration4,regime_marginal,clean,cusum_minus_ewma,0.016666666666666666,0.02282177322938192,5,-0.008333333333333333,0.018633899812498245,5,0.025,0.02282177322938192,5,,,0,0.033333333333333305,0.07453559924999292,5,0.0,0.0,5,0.0,0.0,5,0.008333333333333326,0.01863389981249823,5
duration4,regime_marginal,clean,cusum_minus_point,0.0,0.02946278254943948,5,-0.025,0.02282177322938192,5,0.025,0.02282177322938192,5,,,0,0.04166666666666661,0.05103103630798288,5,0.0,0.0,5,0.0,0.0,5,0.010416666666666652,0.01275775907699572,5
duration4,regime_marginal,observed,cusum_minus_ewma,-0.03333333333333333,0.018633899812498245,5,-0.05833333333333333,0.02282177322938192,5,0.025,0.02282177322938192,5,-0.25,0.3535533905932738,2,0.0916666666666666,0.045643546458763826,5,0.0,0.0,5,0.0,0.0,5,0.02291666666666665,0.011410886614690956,5
duration4,regime_marginal,observed,cusum_minus_point,-0.13333333333333336,0.06180165405913053,5,-0.15833333333333335,0.061801654059130524,5,0.025,0.02282177322938192,5,0.825,0.6010407640085654,2,0.4916666666666666,0.14252192813739228,5,0.0,0.0,5,0.0,0.0,5,0.12291666666666665,0.03563048203434807,5
magnitude2,regime_conditional,clean,cusum_minus_ewma,-0.058333333333333334,0.06972166887783963,5,-0.06666666666666668,0.06972166887783963,5,0.016666666666666666,0.02282177322938192,5,1.75,2.872281323269014,4,0.4583333333333332,0.5803495115493386,5,0.0,0.0,5,0.0,0.0,5,0.03819444444444442,0.04836245929577819,5
magnitude2,regime_conditional,clean,cusum_minus_point,-0.125,0.029462782549439487,5,-0.13333333333333336,0.034860834438919824,5,0.016666666666666666,0.02282177322938192,5,0.5583333333333336,3.4078748672906274,4,0.6,0.35551215012835935,5,0.0,0.0,5,0.0,0.0,5,0.049999999999999975,0.0296260125106966,5
magnitude2,regime_conditional,observed,cusum_minus_ewma,-0.024999999999999977,0.022821773229381902,5,-0.05833333333333333,0.047507309379130766,5,0.03333333333333333,0.054326686710022075,5,1.2474308300395258,0.7479577076288113,5,1.7333333333333332,0.9783241055782871,5,0.0,0.0,5,0.0,0.0,5,0.14444444444444443,0.0815270087981906,5
magnitude2,regime_conditional,observed,cusum_minus_point,-0.008333333333333326,0.01863389981249823,5,-0.04166666666666667,0.05103103630798288,5,0.03333333333333333,0.054326686710022075,5,1.7434453227931492,0.5680673516096213,5,2.05,0.8433769751553704,5,0.0,0.0,5,0.0,0.0,5,0.1708333333333333,0.07028141459628086,5
magnitude2,regime_marginal,clean,cusum_minus_ewma,-0.016666666666666666,0.03726779962499649,5,-0.041666666666666664,0.041666666666666664,5,0.025,0.02282177322938192,5,-2.75,6.010407640085654,2,0.20833333333333287,0.3510895738823487,5,0.0,0.0,5,0.0,0.0,5,0.017361111111111095,0.0292574644901957,5
magnitude2,regime_marginal,clean,cusum_minus_point,-0.075,0.07453559924999299,5,-0.1,0.08122328620674138,5,0.025,0.02282177322938192,5,-0.75,2.4748737341529163,2,0.5166666666666664,0.36395779669870787,5,0.0,0.0,5,0.0,0.0,5,0.043055555555555555,0.030329816391558972,5
magnitude2,regime_marginal,observed,cusum_minus_ewma,-0.21666666666666662,0.1455354099714415,5,-0.25,0.15590239111558088,5,0.041666666666666664,0.02946278254943948,5,2.819367927394243,0.4251975927635955,5,3.6583333333333328,0.5888135433979833,5,0.0,0.0,5,0.0,0.0,5,0.3048611111111111,0.0490677952831653,5
magnitude2,regime_marginal,observed,cusum_minus_point,-0.25,0.125,5,-0.2833333333333333,0.136295226948301,5,0.041666666666666664,0.02946278254943948,5,4.538793715183876,1.0764617752782777,5,5.433333333333333,0.709924683016132,5,0.0,0.0,5,0.0,0.0,5,0.4527777777777778,0.059160390251344314,5
magnitude4,regime_conditional,clean,cusum_minus_ewma,-0.058333333333333334,0.06972166887783963,5,-0.06666666666666668,0.06972166887783963,5,0.016666666666666666,0.02282177322938192,5,1.75,2.872281323269014,4,0.4583333333333332,0.5803495115493386,5,0.0,0.0,5,0.0,0.0,5,0.03819444444444442,0.04836245929577819,5
magnitude4,regime_conditional,clean,cusum_minus_point,-0.125,0.029462782549439487,5,-0.13333333333333336,0.034860834438919824,5,0.016666666666666666,0.02282177322938192,5,0.5583333333333336,3.4078748672906274,4,0.6,0.35551215012835935,5,0.0,0.0,5,0.0,0.0,5,0.049999999999999975,0.0296260125106966,5
magnitude4,regime_conditional,observed,cusum_minus_ewma,0.0,0.0,5,-0.11666666666666667,0.13944333775567927,5,0.14166666666666666,0.14312970031098057,5,0.6450757575757576,0.20729597102969066,5,1.8916666666666668,1.5802052433500884,5,0.0,0.0,5,0.0,0.0,5,0.15763888888888888,0.13168377027917402,5
magnitude4,regime_conditional,observed,cusum_minus_point,0.0,0.0,5,-0.11666666666666667,0.13944333775567927,5,0.14166666666666666,0.14312970031098057,5,1.253409090909091,0.20551816973199913,5,2.5,1.530080335581545,5,0.0,0.0,5,0.0,0.0,5,0.20833333333333331,0.12750669463179543,5
magnitude4,regime_marginal,clean,cusum_minus_ewma,-0.016666666666666666,0.03726779962499649,5,-0.041666666666666664,0.041666666666666664,5,0.025,0.02282177322938192,5,-2.75,6.010407640085654,2,0.20833333333333287,0.3510895738823487,5,0.0,0.0,5,0.0,0.0,5,0.017361111111111095,0.0292574644901957,5
magnitude4,regime_marginal,clean,cusum_minus_point,-0.075,0.07453559924999299,5,-0.1,0.08122328620674138,5,0.025,0.02282177322938192,5,-0.75,2.4748737341529163,2,0.5166666666666664,0.36395779669870787,5,0.0,0.0,5,0.0,0.0,5,0.043055555555555555,0.030329816391558972,5
magnitude4,regime_marginal,observed,cusum_minus_ewma,-0.016666666666666673,0.03726779962499651,5,-0.09166666666666667,0.034860834438919824,5,0.09166666666666666,0.06846531968814577,5,2.690683229813665,0.5510632891699903,5,3.4,0.6042385014765831,5,0.0,0.0,5,0.0,0.0,5,0.2833333333333333,0.050353208456381936,5
magnitude4,regime_marginal,observed,cusum_minus_point,-0.016666666666666673,0.03726779962499651,5,-0.09166666666666667,0.034860834438919824,5,0.09166666666666666,0.06846531968814577,5,4.132349896480332,0.7002442453465902,5,4.841666666666667,0.7758284102958736,5,0.0,0.0,5,0.0,0.0,5,0.40347222222222223,0.06465236752465615,5
steady_d12_n2_m1,regime_conditional,clean,cusum_minus_ewma,-0.058333333333333334,0.06972166887783963,5,-0.06666666666666668,0.06972166887783963,5,0.016666666666666666,0.02282177322938192,5,1.75,2.872281323269014,4,0.4583333333333332,0.5803495115493386,5,0.0,0.0,5,0.0,0.0,5,0.03819444444444442,0.04836245929577819,5
steady_d12_n2_m1,regime_conditional,clean,cusum_minus_point,-0.125,0.029462782549439487,5,-0.13333333333333336,0.034860834438919824,5,0.016666666666666666,0.02282177322938192,5,0.5583333333333336,3.4078748672906274,4,0.6,0.35551215012835935,5,0.0,0.0,5,0.0,0.0,5,0.049999999999999975,0.0296260125106966,5
steady_d12_n2_m1,regime_conditional,observed,cusum_minus_ewma,-0.11666666666666667,0.03486083443891978,5,-0.125,0.04166666666666663,5,0.025,0.03726779962499649,5,1.1009039945262855,0.5590822806910911,5,1.5833333333333335,0.5877806658194121,5,0.0,0.0,5,0.0,0.0,5,0.13194444444444448,0.0489817221516177,5
steady_d12_n2_m1,regime_conditional,observed,cusum_minus_point,0.016666666666666698,0.06972166887783962,5,0.00833333333333337,0.06180165405913052,5,0.025,0.03726779962499649,5,1.3771157531838647,0.8488677277576556,5,0.8083333333333336,0.4099457958749618,5,0.0,0.0,5,0.0,0.0,5,0.06736111111111114,0.034162149656246824,5
steady_d12_n2_m1,regime_marginal,clean,cusum_minus_ewma,-0.016666666666666666,0.03726779962499649,5,-0.041666666666666664,0.041666666666666664,5,0.025,0.02282177322938192,5,-2.75,6.010407640085654,2,0.20833333333333287,0.3510895738823487,5,0.0,0.0,5,0.0,0.0,5,0.017361111111111095,0.0292574644901957,5
steady_d12_n2_m1,regime_marginal,clean,cusum_minus_point,-0.075,0.07453559924999299,5,-0.1,0.08122328620674138,5,0.025,0.02282177322938192,5,-0.75,2.4748737341529163,2,0.5166666666666664,0.36395779669870787,5,0.0,0.0,5,0.0,0.0,5,0.043055555555555555,0.030329816391558972,5
steady_d12_n2_m1,regime_marginal,observed,cusum_minus_ewma,-0.225,0.06319062870042957,5,-0.25,0.06588078458684123,5,0.025,0.02282177322938192,5,1.0750000000000002,1.4500000000000004,4,1.6083333333333336,0.5532417092816564,5,0.0,0.0,5,0.0,0.0,5,0.1340277777777778,0.04610347577347137,5
steady_d12_n2_m1,regime_marginal,observed,cusum_minus_point,-0.3,0.09033118078616166,5,-0.325,0.09947780321927768,5,0.025,0.02282177322938192,5,2.8063034188034193,0.8035754359500592,4,2.6666666666666665,0.6555055301063448,5,0.0,0.0,5,0.0,0.0,5,0.22222222222222224,0.054625460842195404,5
switch_after6,regime_conditional,clean,cusum_minus_ewma,-0.05,0.06846531968814577,5,-0.05,0.06846531968814577,5,0.0,0.0,5,-1.0333333333333332,2.5696951829610715,3,0.20833333333333356,0.41874481754670334,5,0.0,0.0,5,0.0,0.0,5,0.01736111111111114,0.03489540146222528,5
switch_after6,regime_conditional,clean,cusum_minus_point,-0.09166666666666667,0.05432668671002208,5,-0.09166666666666667,0.05432668671002208,5,-0.016666666666666666,0.02282177322938192,5,1.0333333333333332,1.4502873278538064,3,0.6,0.3070355571156758,5,0.0,0.0,5,0.0,0.0,5,0.05,0.0255862964263063,5
switch_after6,regime_conditional,observed,cusum_minus_ewma,-0.14166666666666666,0.10458250331675942,5,-0.14166666666666666,0.10458250331675942,5,0.0,0.0,5,0.4277480465870557,0.4910638552699783,5,1.2916666666666665,0.5833333333333335,5,0.0,0.0,5,0.0,0.0,5,0.10763888888888891,0.04861111111111115,5
switch_after6,regime_conditional,observed,cusum_minus_point,-0.016666666666666653,0.13693063937629155,5,-0.016666666666666653,0.13693063937629155,5,-0.016666666666666666,0.02282177322938192,5,0.8860381723539617,1.011864727243529,5,0.6750000000000002,0.9661816311876583,5,0.0,0.0,5,0.0,0.0,5,0.05625000000000001,0.08051513593230486,5
switch_after6,regime_marginal,clean,cusum_minus_ewma,-0.025,0.02282177322938192,5,-0.025,0.02282177322938192,5,0.0,0.0,5,,,0,0.175,0.19851882082619338,5,0.0,0.0,5,0.0,0.0,5,0.014583333333333327,0.01654323506884946,5
switch_after6,regime_marginal,clean,cusum_minus_point,-0.11666666666666665,0.08014743359029727,5,-0.11666666666666665,0.08014743359029727,5,-0.008333333333333333,0.018633899812498245,5,,,0,0.9,0.5671872608661875,5,0.0,0.0,5,0.0,0.0,5,0.07499999999999998,0.04726560507218228,5
switch_after6,regime_marginal,observed,cusum_minus_ewma,-0.26666666666666666,0.1125771340508858,5,-0.26666666666666666,0.1125771340508858,5,0.0,0.0,5,1.271825396825397,1.6322911895825492,4,1.6583333333333332,0.45011572586021364,5,0.0,0.0,5,0.0,0.0,5,0.1381944444444444,0.03750964382168447,5
switch_after6,regime_marginal,observed,cusum_minus_point,-0.225,0.11257713405088582,5,-0.225,0.11257713405088582,5,-0.008333333333333333,0.018633899812498245,5,2.9975198412698414,1.5977560603491585,4,2.366666666666667,0.858677115619654,5,0.0,0.0,5,0.0,0.0,5,0.19722222222222224,0.07155642630163782,5
switch_at,regime_conditional,clean,cusum_minus_ewma,-0.016666666666666666,0.03726779962499649,5,-0.016666666666666666,0.03726779962499649,5,0.016666666666666666,0.03726779962499649,5,,,0,0.058333333333333216,0.13043729868748746,5,0.0,0.0,5,0.0,0.0,5,0.004861111111111094,0.010869774890623938,5
switch_at,regime_conditional,clean,cusum_minus_point,-0.10833333333333332,0.047507309379130745,5,-0.10833333333333332,0.047507309379130745,5,0.016666666666666666,0.047507309379130745,5,,,0,0.48333333333333356,0.24224069756247707,5,0.0,0.0,5,0.0,0.0,5,0.040277777777777815,0.020186724796873112,5
switch_at,regime_conditional,observed,cusum_minus_ewma,-0.2583333333333333,0.07453559924999295,5,-0.2583333333333333,0.07453559924999295,5,0.016666666666666666,0.03726779962499649,5,1.0691626197347022,0.41491639540099434,5,2.208333333333333,0.24295632895188723,5,0.0,0.0,5,0.0,0.0,5,0.18402777777777776,0.02024636074599058,5
switch_at,regime_conditional,observed,cusum_minus_point,0.016666666666666673,0.15756392000990863,5,0.016666666666666673,0.15756392000990863,5,0.016666666666666666,0.047507309379130745,5,2.567198123513913,1.2959664735247562,5,1.358333333333333,0.9711998592806046,5,0.0,0.0,5,0.0,0.0,5,0.11319444444444444,0.08093332160671703,5
switch_at,regime_marginal,clean,cusum_minus_ewma,-0.016666666666666666,0.02282177322938192,5,-0.016666666666666666,0.02282177322938192,5,0.016666666666666666,0.03726779962499649,5,,,0,0.05,0.09033118078616194,5,0.0,0.0,5,0.0,0.0,5,0.004166666666666674,0.007527598398846828,5
switch_at,regime_marginal,clean,cusum_minus_point,-0.11666666666666665,0.06846531968814576,5,-0.10833333333333332,0.06319062870042959,5,0.024999999999999998,0.03726779962499649,5,,,0,0.3833333333333336,0.17027347284752076,5,0.0,0.0,5,0.0,0.0,5,0.03194444444444444,0.01418945607062672,5
switch_at,regime_marginal,observed,cusum_minus_ewma,-0.2583333333333333,0.061801654059130524,5,-0.2583333333333333,0.061801654059130524,5,0.016666666666666666,0.03726779962499649,5,0.39848484848484844,1.6064865072796675,4,1.3083333333333336,0.4691896086753079,5,0.0,0.0,5,0.0,0.0,5,0.10902777777777779,0.03909913405627566,5
switch_at,regime_marginal,observed,cusum_minus_point,-0.275,0.06319062870042959,5,-0.275,0.06319062870042959,5,0.024999999999999998,0.03726779962499649,5,1.960037878787879,2.688805268836341,4,2.075,0.8677277158699549,5,0.0,0.0,5,0.0,0.0,5,0.1729166666666667,0.07231064298916288,5
switch_before6,regime_conditional,clean,cusum_minus_ewma,0.0,0.0,5,0.0,0.0,5,0.0,0.02946278254943948,5,0.5,0.7071067811865476,2,0.01666666666666643,0.03726779962499597,5,0.0,0.0,5,0.0,0.0,5,0.001388888888888884,0.003105649968749697,5
switch_before6,regime_conditional,clean,cusum_minus_point,-0.075,0.03486083443891981,5,-0.075,0.03486083443891981,5,0.008333333333333333,0.018633899812498245,5,-1.5,1.4142135623730951,2,0.43333333333333357,0.2725904538966023,5,0.0,0.0,5,0.0,0.0,5,0.036111111111111115,0.022715871158050186,5
switch_before6,regime_conditional,observed,cusum_minus_ewma,-0.25,0.1317615691736825,5,-0.25,0.1317615691736825,5,0.0,0.02946278254943948,5,0.48212705595058536,1.3240072995337644,5,1.9333333333333331,1.03187060450642,5,0.0,0.0,5,0.0,0.0,5,0.1611111111111111,0.08598921704220167,5
switch_before6,regime_conditional,observed,cusum_minus_point,-0.23333333333333334,0.10865337342004415,5,-0.23333333333333334,0.10865337342004415,5,0.008333333333333333,0.018633899812498245,5,1.0278647822765472,0.9324868177965037,5,2.1,0.9814247013624863,5,0.0,0.0,5,0.0,0.0,5,0.17499999999999996,0.08178539178020713,5
switch_before6,regime_marginal,clean,cusum_minus_ewma,0.016666666666666666,0.03726779962499649,5,-0.008333333333333333,0.03486083443891981,5,0.025,0.02282177322938192,5,,,0,0.09166666666666642,0.3095695936834452,5,0.0,0.0,5,0.0,0.0,5,0.007638888888888884,0.025797466140287096,5
switch_before6,regime_marginal,clean,cusum_minus_point,-0.008333333333333333,0.03486083443891982,5,-0.03333333333333333,0.03486083443891982,5,0.025,0.02282177322938192,5,-6.0,,1,0.2083333333333332,0.41352985919331675,5,0.0,0.0,5,0.0,0.0,5,0.01736111111111114,0.03446082159944306,5
switch_before6,regime_marginal,observed,cusum_minus_ewma,-0.15,0.12004050242406611,5,-0.175,0.12289901003127189,5,0.025,0.02282177322938192,5,0.7827272727272728,1.5912804761320387,5,1.1666666666666667,0.8338540040078959,5,0.0,0.0,5,0.0,0.0,5,0.09722222222222224,0.06948783366732462,5
switch_before6,regime_marginal,observed,cusum_minus_point,-0.3166666666666667,0.15756392000990863,5,-0.3416666666666667,0.1570120306784731,5,0.025,0.02282177322938192,5,1.6794627594627591,2.4240696721112007,5,2.525000000000001,0.9840745793778938,5,0.0,0.0,5,0.0,0.0,5,0.21041666666666678,0.08200621494815781,5
switch_delay12,regime_conditional,clean,cusum_minus_ewma,-0.08333333333333334,0.06588078458684125,5,-0.07500000000000001,0.06846531968814577,5,-0.025,0.02282177322938192,5,-2.325555555555556,4.468146175643046,5,0.32500000000000034,0.5467708234108083,5,0.0,0.0,5,0.0,0.0,5,0.027083333333333393,0.04556423528423401,5
switch_delay12,regime_conditional,clean,cusum_minus_point,-0.08333333333333334,0.06588078458684124,5,-0.10833333333333335,0.07569125885243731,5,-0.008333333333333333,0.018633899812498245,5,-2.037301587301587,3.0674482535338448,5,0.4666666666666671,0.3259601202601321,5,0.0,0.0,5,0.0,0.0,5,0.03888888888888893,0.02716334335501098,5
switch_delay12,regime_conditional,observed,cusum_minus_ewma,-0.08333333333333337,0.05892556509887897,5,-0.06666666666666667,0.03726779962499651,5,-0.025,0.02282177322938192,5,0.76227538543328,0.9737287178059986,5,0.9833333333333334,0.628876864824197,5,0.0,0.0,5,0.0,0.0,5,0.08194444444444444,0.0524064054020164,5
switch_delay12,regime_conditional,observed,cusum_minus_point,0.0,0.08838834764831845,5,0.008333333333333337,0.07453559924999298,5,-0.008333333333333333,0.018633899812498245,5,1.321258741258741,0.9841629370772643,5,0.841666666666667,0.4501157258602131,5,0.0,0.0,5,0.0,0.0,5,0.0701388888888889,0.037509643821684424,5
switch_delay12,regime_marginal,clean,cusum_minus_ewma,-0.08333333333333334,0.029462782549439483,5,-0.08333333333333334,0.04166666666666667,5,5.551115123125783e-18,0.029462782549439483,5,-2.3095238095238093,1.8321476272924897,4,0.4250000000000004,0.30956959368344444,5,0.0,0.0,5,0.0,0.0,5,0.03541666666666667,0.025797466140287037,5
switch_delay12,regime_marginal,clean,cusum_minus_point,-0.15,0.07569125885243728,5,-0.15833333333333333,0.061801654059130524,5,-0.008333333333333326,0.03486083443891982,5,-2.4714285714285715,3.1763154112645573,4,1.0583333333333336,0.48555523773190745,5,0.0,0.0,5,0.0,0.0,5,0.08819444444444446,0.04046293647765898,5
switch_delay12,regime_marginal,observed,cusum_minus_ewma,-0.21666666666666665,0.07453559924999299,5,-0.23333333333333334,0.0756912588524373,5,5.551115123125783e-18,0.029462782549439483,5,0.6070995670995671,2.113837595127016,5,1.6666666666666667,0.39418516517551083,5,0.0,0.0,5,0.0,0.0,5,0.1388888888888889,0.03284876376462591,5
switch_delay12,regime_marginal,observed,cusum_minus_point,-0.29166666666666663,0.041666666666666664,5,-0.31666666666666665,0.04750730937913074,5,-0.008333333333333326,0.03486083443891982,5,1.5179487179487179,3.096851463584945,5,2.6583333333333328,0.860192161993793,5,0.0,0.0,5,0.0,0.0,5,0.2215277777777777,0.07168268016614944,5
switch_random,regime_conditional,clean,cusum_minus_ewma,-0.09166666666666667,0.05432668671002206,5,-0.09166666666666667,0.05432668671002206,5,0.008333333333333333,0.018633899812498245,5,1.416666666666667,0.1178511301977575,2,0.5166666666666664,0.2095796056659885,5,0.0,0.0,5,0.0,0.0,5,0.043055555555555514,0.017464967138832364,5
switch_random,regime_conditional,clean,cusum_minus_point,-0.14166666666666666,0.06972166887783963,5,-0.14166666666666666,0.06972166887783963,5,0.008333333333333333,0.018633899812498245,5,0.75,2.333452377915607,2,0.6249999999999997,0.26841872347344026,5,0.0,0.0,5,0.0,0.0,5,0.05208333333333328,0.022368226956120035,5
switch_random,regime_conditional,observed,cusum_minus_ewma,-0.10000000000000002,0.06319062870042959,5,-0.10000000000000002,0.06319062870042959,5,0.008333333333333333,0.018633899812498245,5,1.3902899499880923,0.6713654005726477,5,1.5583333333333331,0.6611753003385548,5,0.0,0.0,5,0.0,0.0,5,0.1298611111111111,0.05509794169487954,5
switch_random,regime_conditional,observed,cusum_minus_point,0.0,0.07795119555779044,5,0.0,0.07795119555779044,5,0.008333333333333333,0.018633899812498245,5,1.6939890450107171,1.0730420345855678,5,1.108333333333333,0.7256462636850001,5,0.0,0.0,5,0.0,0.0,5,0.09236111111111109,0.06047052197374998,5
switch_random,regime_marginal,clean,cusum_minus_ewma,-0.05833333333333333,0.02282177322938192,5,-0.05833333333333333,0.02282177322938192,5,0.008333333333333333,0.018633899812498245,5,-6.5,,1,0.21666666666666642,0.21122986426061005,5,0.0,0.0,5,0.0,0.0,5,0.018055555555555537,0.017602488688384193,5
switch_random,regime_marginal,clean,cusum_minus_point,-0.11666666666666667,0.08014743359029727,5,-0.11666666666666667,0.08014743359029727,5,0.008333333333333333,0.018633899812498245,5,-3.666666666666667,,1,0.65,0.25103950552320137,5,0.0,0.0,5,0.0,0.0,5,0.054166666666666675,0.02091995879360014,5
switch_random,regime_marginal,observed,cusum_minus_ewma,-0.24166666666666664,0.0348608344389198,5,-0.24166666666666664,0.0348608344389198,5,0.008333333333333333,0.018633899812498245,5,1.0210858585858582,1.55549031166468,4,1.5250000000000004,0.2788866755113584,5,0.0,0.0,5,0.0,0.0,5,0.12708333333333338,0.023240556292613238,5
switch_random,regime_marginal,observed,cusum_minus_point,-0.36666666666666664,0.09033118078616166,5,-0.36666666666666664,0.09033118078616166,5,0.008333333333333333,0.018633899812498245,5,2.9172619047619044,0.7738287543397984,4,2.9333333333333336,0.7720148602484568,5,0.0,0.0,5,0.0,0.0,5,0.24444444444444446,0.06433457168737138,5
