method,temporal,view,comparison,f1_mean,f1_std,f1_count,recall_mean,recall_std,recall_count,precision_mean,precision_std,precision_count,average_precision_mean,average_precision_std,average_precision_count,clean_channel_fpr_mean,clean_channel_fpr_std,clean_channel_fpr_count,bystander_fpr_mean,bystander_fpr_std,bystander_fpr_count,top1_localization_mean,top1_localization_std,top1_localization_count,top1_random_baseline_mean,top1_random_baseline_std,top1_random_baseline_count,all_faults_row_recall_mean,all_faults_row_recall_std,all_faults_row_recall_count,exact_fault_set_rate_mean,exact_fault_set_rate_std,exact_fault_set_rate_count,score_coverage_mean,score_coverage_std,score_coverage_count,post_event_fpr_mean,post_event_fpr_std,post_event_fpr_count,false_onsets_per_1000_clean_cells_mean,false_onsets_per_1000_clean_cells_std,false_onsets_per_1000_clean_cells_count,native_score_coverage_mean,native_score_coverage_std,native_score_coverage_count,common_row_fraction_mean,common_row_fraction_std,common_row_fraction_count,all_timeline_recall_mean,all_timeline_recall_std,all_timeline_recall_count,all_timeline_f1_mean,all_timeline_f1_std,all_timeline_f1_count,unavailable_positive_fraction_mean,unavailable_positive_fraction_std,unavailable_positive_fraction_count
regime_conditional,cusum,clean,count1_minus_steady_d12_n2_m1,0.0,0.0,5,,,0,0.0,0.0,5,,,0,0.0,0.0,5,,,0,,,0,,,0,,,0,,,0,0.0,0.0,5,0.0034722222222222225,0.01493459247750456,5,0.0,0.0,5,0.0,0.0,5,0.0,0.0,5,,,0,0.0,0.0,5,,,0
regime_conditional,cusum,clean,count3_minus_steady_d12_n2_m1,0.0,0.0,5,,,0,0.0,0.0,5,,,0,0.0,0.0,5,,,0,,,0,,,0,,,0,,,0,0.0,0.0,5,0.00486111111111111,0.00980044589352618,5,0.0,0.0,5,0.0,0.0,5,0.0,0.0,5,,,0,0.0,0.0,5,,,0
regime_conditional,cusum,clean,duration24_minus_steady_d12_n2_m1,0.0,0.0,5,,,0,0.0,0.0,5,,,0,0.0,0.0,5,,,0,,,0,,,0,,,0,,,0,0.0,0.0,5,0.008333333333333335,0.0240060916908939,5,0.0,0.0,5,0.0,0.0,5,0.0,0.0,5,,,0,0.0,0.0,5,,,0
regime_conditional,cusum,clean,duration4_minus_steady_d12_n2_m1,0.0,0.0,5,,,0,0.0,0.0,5,,,0,0.0,0.0,5,,,0,,,0,,,0,,,0,,,0,0.0,0.0,5,0.004166666666666666,0.0051501378382608765,5,0.0,0.0,5,0.0,0.0,5,0.0,0.0,5,,,0,0.0,0.0,5,,,0
regime_conditional,cusum,clean,magnitude2_minus_steady_d12_n2_m1,0.0,0.0,5,,,0,0.0,0.0,5,,,0,0.0,0.0,5,,,0,,,0,,,0,,,0,,,0,0.0,0.0,5,0.0,0.0,5,0.0,0.0,5,0.0,0.0,5,0.0,0.0,5,,,0,0.0,0.0,5,,,0
regime_conditional,cusum,clean,magnitude4_minus_steady_d12_n2_m1,0.0,0.0,5,,,0,0.0,0.0,5,,,0,0.0,0.0,5,,,0,,,0,,,0,,,0,,,0,0.0,0.0,5,0.0,0.0,5,0.0,0.0,5,0.0,0.0,5,0.0,0.0,5,,,0,0.0,0.0,5,,,0
regime_conditional,cusum,clean,switch_after6_minus_switch_at,0.0,0.0,5,,,0,0.0,0.0,5,,,0,0.0,0.0,5,,,0,,,0,,,0,,,0,,,0,0.0,0.0,5,0.0006944444444444444,0.00667895279919144,5,0.0,0.0,5,0.0,0.0,5,0.0,0.0,5,,,0,0.0,0.0,5,,,0
regime_conditional,cusum,clean,switch_at_minus_switch_random,0.0,0.0,5,,,0,0.0,0.0,5,,,0,0.0,0.0,5,,,0,,,0,,,0,,,0,,,0,0.0,0.0,5,-0.009722222222222222,0.024478551016686896,5,0.0,0.0,5,0.0,0.0,5,0.0,0.0,5,,,0,0.0,0.0,5,,,0
regime_conditional,cusum,clean,switch_before6_minus_switch_at,0.0,0.0,5,,,0,0.0,0.0,5,,,0,0.0,0.0,5,,,0,,,0,,,0,,,0,,,0,0.0,0.0,5,-0.002777777777777778,0.004527223892501839,5,0.0,0.0,5,0.0,0.0,5,0.0,0.0,5,,,0,0.0,0.0,5,,,0
regime_conditional,cusum,clean,switch_delay12_minus_switch_random,0.0,0.0,5,,,0,0.0,0.0,5,,,0,0.07756172839506173,0.0053676202693173115,5,,,0,,,0,,,0,,,0,,,0,0.0,0.0,5,0.06388888888888888,0.05275035837453595,5,8.024691358024691,0.8238486305579706,5,0.0,0.0,5,0.0,0.0,5,,,0,0.0,0.0,5,,,0
regime_conditional,cusum,clean,switch_random_minus_steady_d12_n2_m1,0.0,0.0,5,,,0,0.0,0.0,5,,,0,-0.006358024691358025,0.007304943331307699,5,,,0,,,0,,,0,,,0,,,0,0.0,0.0,5,0.00625,0.010531771450071599,5,-1.2037037037037037,0.7591588812499287,5,0.0,0.0,5,0.0,0.0,5,,,0,0.0,0.0,5,,,0
regime_conditional,cusum,observed,count1_minus_steady_d12_n2_m1,-0.05342062235601615,0.045529742704236306,5,-0.010416666666666685,0.10332413900254521,5,-0.05756140398951226,0.033410165008359534,5,-0.03957079662924005,0.02539958823662321,5,-0.01678852478271083,0.0044997653827453165,5,0.010069444444444447,0.011211030757613157,5,0.002777777777777768,0.08761428823591745,5,0.0,0.0,5,-0.010416666666666685,0.10332413900254521,5,-0.00972222222222222,0.1010351038342126,5,0.0,0.0,5,0.00972222222222222,0.10734165951430022,5,-0.4176943857176415,0.44575194489105374,5,0.0,0.0,5,0.0,0.0,5,-0.010416666666666685,0.10332413900254521,5,-0.05342062235601615,0.045529742704236306,5,0.0,0.0,5
regime_conditional,cusum,observed,count3_minus_steady_d12_n2_m1,0.01867290007940129,0.02180991890012255,5,0.008101851851851832,0.037495355793808006,5,0.023530376002046337,0.010925691158087116,5,0.0218091735365419,0.016059092837547296,5,0.019671311677125634,0.006826457344701858,5,-0.00034722222222221996,0.013526077208876705,5,-0.010185185185185163,0.038987625428550096,5,0.0,0.0,5,0.008101851851851832,0.037495355793808006,5,0.009259259259259267,0.04441338855173586,5,0.0,0.0,5,0.0055555555555555245,0.07679727396023188,5,0.7021348591116032,0.2634822934245136,5,0.0,0.0,5,0.0,0.0,5,0.008101851851851832,0.037495355793808006,5,0.01867290007940129,0.02180991890012255,5,0.0,0.0,5
regime_conditional,cusum,observed,duration24_minus_steady_d12_n2_m1,0.15110914001624237,0.022461376262899742,5,0.24097222222222223,0.042621439380990014,5,0.10459089615670727,0.01609526870635379,5,0.1306395068571432,0.016366614576089726,5,0.06265992311085902,0.0057629590080287415,5,0.04878472222222222,0.013578897359903804,5,0.06875,0.030433983211287662,5,0.0,0.0,5,0.24097222222222223,0.042621439380990014,5,0.18229166666666666,0.059422191285155655,5,0.0,0.0,5,0.3243055555555555,0.044911285151402865,5,0.8965147791012791,1.2342901907997865,5,0.0,0.0,5,0.0,0.0,5,0.24097222222222223,0.042621439380990014,5,0.15110914001624237,0.022461376262899742,5,0.0,0.0,5
regime_conditional,cusum,observed,duration4_minus_steady_d12_n2_m1,-0.1938245814408837,0.04345065590767511,5,-0.24097222222222223,0.05404857140561306,5,-0.1588454282664766,0.03902274128036815,5,-0.12797813760653298,0.030116609557172096,5,-0.032074371976452756,0.0016507053024191927,5,-0.029166666666666667,0.019657194242664114,5,-0.1513888888888889,0.05393692375198236,5,0.0,0.0,5,-0.24097222222222223,0.05404857140561306,5,-0.21666666666666665,0.027185526570921343,5,0.0,0.0,5,-0.375,0.08670132631377622,5,-0.8033650016514156,1.0556024702818352,5,0.0,0.0,5,0.0,0.0,5,-0.24097222222222223,0.05404857140561306,5,-0.1938245814408837,0.04345065590767511,5,0.0,0.0,5
regime_conditional,cusum,observed,magnitude2_minus_steady_d12_n2_m1,0.01992193331459861,0.033818718936637925,5,0.3923611111111111,0.03312288893808839,5,-0.04178982476229468,0.03825110488142389,5,0.004586754380482172,0.02665322503622988,5,0.10901162790697674,0.008144884372690092,5,0.096875,0.015547648039748688,5,0.12152777777777776,0.031346302231367675,5,0.0,0.0,5,0.3923611111111111,0.03312288893808839,5,0.21736111111111106,0.04256836821188031,5,0.0,0.0,5,0.45972222222222225,0.01942583434819356,5,1.6149870801033592,0.9689922480620157,5,0.0,0.0,5,0.0,0.0,5,0.3923611111111111,0.03312288893808839,5,0.01992193331459861,0.033818718936637925,5,0.0,0.0,5
regime_conditional,cusum,observed,magnitude4_minus_steady_d12_n2_m1,-0.061797262439502856,0.049852750004345525,5,0.5958333333333333,0.04023884612727256,5,-0.10331580902165993,0.05096155984069399,5,-0.04610381994372702,0.03923483368035149,5,0.3111111111111111,0.027630583583951866,5,0.3885416666666667,0.03613447427985471,5,0.07916666666666665,0.07379595502732558,5,0.0,0.0,5,0.5958333333333333,0.04023884612727256,5,0.029861111111111106,0.04409858921765702,5,0.0,0.0,5,0.5527777777777778,0.06703277655532441,5,2.5839793281653747,1.3219238972662228,5,0.0,0.0,5,0.0,0.0,5,0.5958333333333333,0.04023884612727256,5,-0.061797262439502856,0.049852750004345525,5,0.0,0.0,5
regime_conditional,cusum,observed,switch_after6_minus_switch_at,0.05157761490575432,0.016814289445660147,5,0.09097222222222222,0.03060680676533196,5,0.02339340209177477,0.007896600202785944,5,0.03179148751662163,0.034701306951262764,5,0.007493540051679587,0.004293557888813272,5,0.0041666666666666675,0.01142408602525146,5,0.01736111111111114,0.037797814335203524,5,0.0,0.0,5,0.09097222222222222,0.03060680676533196,5,0.08680555555555555,0.03312288893808839,5,0.0,0.0,5,0.059027777777777776,0.03625106426705051,5,-0.4844961240310079,1.0651571348734594,5,0.0,0.0,5,0.0,0.0,5,0.09097222222222222,0.03060680676533196,5,0.05157761490575432,0.016814289445660147,5,0.0,0.0,5
regime_conditional,cusum,observed,switch_at_minus_switch_random,-0.01662076815836453,0.027426784726682123,5,-0.025694444444444454,0.023626424772505553,5,-0.0053563515820317376,0.046792872598491304,5,-0.018340688506031228,0.010919558108970584,5,-0.0005167958656330747,0.00965040931684454,5,-0.024652777777777777,0.013357905598382874,5,0.023611111111111117,0.053981610523319505,5,0.0,0.0,5,-0.025694444444444454,0.023626424772505553,5,-0.008333333333333326,0.025586296426306294,5,0.0,0.0,5,-0.007638888888888895,0.0781211418800441,5,1.1304909560723515,1.2561651474567221,5,0.0,0.0,5,0.0,0.0,5,-0.025694444444444454,0.023626424772505553,5,-0.01662076815836453,0.027426784726682123,5,0.0,0.0,5
regime_conditional,cusum,observed,switch_before6_minus_switch_at,-0.10718549861605567,0.04524555800096002,5,-0.15555555555555556,0.015987311712807404,5,-0.033053234445193216,0.06521469268253688,5,-0.03510510666404545,0.020790093268911687,5,-0.023449612403100777,0.009251635008770976,5,-0.002083333333333333,0.01307281291459493,5,-0.07152777777777777,0.034774266551539694,5,0.0,0.0,5,-0.15555555555555556,0.015987311712807404,5,-0.15347222222222223,0.011357935579025091,5,0.0,0.0,5,-0.29930555555555555,0.06589908226379088,5,-1.3888888888888888,1.20096850404252,5,0.0,0.0,5,0.0,0.0,5,-0.15555555555555556,0.015987311712807404,5,-0.10718549861605567,0.04524555800096002,5,0.0,0.0,5
regime_conditional,cusum,observed,switch_delay12_minus_switch_random,-0.04927969672220231,0.038264021328908944,5,0.09791666666666667,0.05105465632142446,5,-0.0885095370408954,0.029173818313997565,5,-0.05407799334010076,0.02906544416913419,5,0.07041343669250646,0.002695142000690994,5,0.09652777777777778,0.028648463683950277,5,-0.04861111111111112,0.05043694113310399,5,0.0,0.0,5,0.09791666666666667,0.05105465632142446,5,-0.04166666666666667,0.032293533398851174,5,0.0,0.0,5,0.004861111111111116,0.03451326011052551,5,7.138242894056847,0.834496814132029,5,0.0,0.0,5,0.0,0.0,5,0.09791666666666667,0.05105465632142446,5,-0.04927969672220231,0.038264021328908944,5,0.0,0.0,5
regime_conditional,cusum,observed,switch_random_minus_steady_d12_n2_m1,-0.005389624203643184,0.02561542267882532,5,-0.03958333333333334,0.03563048203434807,5,0.011940693676733172,0.028065032936858508,5,0.00499841184535717,0.020927820599053442,5,-0.012693798449612404,0.012685926542471561,5,-0.006249999999999999,0.03006030140698879,5,-0.006250000000000022,0.031192075946494036,5,0.0,0.0,5,-0.03958333333333334,0.03563048203434807,5,-0.03958333333333334,0.04629918972439802,5,0.0,0.0,5,-0.04166666666666667,0.03715440027609843,5,-0.9366925064599485,0.5755339044317008,5,0.0,0.0,5,0.0,0.0,5,-0.03958333333333334,0.03563048203434807,5,-0.005389624203643184,0.02561542267882532,5,0.0,0.0,5
regime_conditional,ewma,clean,count1_minus_steady_d12_n2_m1,0.0,0.0,5,,,0,0.0,0.0,5,,,0,0.0,0.0,5,,,0,,,0,,,0,,,0,,,0,0.0,0.0,5,0.0006944444444444444,0.006678952799191439,5,0.0,0.0,5,0.0,0.0,5,0.0,0.0,5,,,0,0.0,0.0,5,,,0
regime_conditional,ewma,clean,count3_minus_steady_d12_n2_m1,0.0,0.0,5,,,0,0.0,0.0,5,,,0,0.0,0.0,5,,,0,,,0,,,0,,,0,,,0,0.0,0.0,5,0.0025462962962962965,0.008638013035669117,5,0.0,0.0,5,0.0,0.0,5,0.0,0.0,5,,,0,0.0,0.0,5,,,0
regime_conditional,ewma,clean,duration24_minus_steady_d12_n2_m1,0.0,0.0,5,,,0,0.0,0.0,5,,,0,0.0,0.0,5,,,0,,,0,,,0,,,0,,,0,0.0,0.0,5,0.0125,0.01167203910692473,5,0.0,0.0,5,0.0,0.0,5,0.0,0.0,5,,,0,0.0,0.0,5,,,0
regime_conditional,ewma,clean,duration4_minus_steady_d12_n2_m1,0.0,0.0,5,,,0,0.0,0.0,5,,,0,0.0,0.0,5,,,0,,,0,,,0,,,0,,,0,0.0,0.0,5,0.01111111111111111,0.017602488688384134,5,0.0,0.0,5,0.0,0.0,5,0.0,0.0,5,,,0,0.0,0.0,5,,,0
regime_conditional,ewma,clean,magnitude2_minus_steady_d12_n2_m1,0.0,0.0,5,,,0,0.0,0.0,5,,,0,0.0,0.0,5,,,0,,,0,,,0,,,0,,,0,0.0,0.0,5,0.0,0.0,5,0.0,0.0,5,0.0,0.0,5,0.0,0.0,5,,,0,0.0,0.0,5,,,0
regime_conditional,ewma,clean,magnitude4_minus_steady_d12_n2_m1,0.0,0.0,5,,,0,0.0,0.0,5,,,0,0.0,0.0,5,,,0,,,0,,,0,,,0,,,0,0.0,0.0,5,0.0,0.0,5,0.0,0.0,5,0.0,0.0,5,0.0,0.0,5,,,0,0.0,0.0,5,,,0
regime_conditional,ewma,clean,switch_after6_minus_switch_at,0.0,0.0,5,,,0,0.0,0.0,5,,,0,0.0,0.0,5,,,0,,,0,,,0,,,0,,,0,0.0,0.0,5,-0.00486111111111111,0.007993655856403707,5,0.0,0.0,5,0.0,0.0,5,0.0,0.0,5,,,0,0.0,0.0,5,,,0
regime_conditional,ewma,clean,switch_at_minus_switch_random,0.0,0.0,5,,,0,0.0,0.0,5,,,0,0.0,0.0,5,,,0,,,0,,,0,,,0,,,0,0.0,0.0,5,0.009027777777777777,0.01797524875770109,5,0.0,0.0,5,0.0,0.0,5,0.0,0.0,5,,,0,0.0,0.0,5,,,0
regime_conditional,ewma,clean,switch_before6_minus_switch_at,0.0,0.0,5,,,0,0.0,0.0,5,,,0,0.0,0.0,5,,,0,,,0,,,0,,,0,,,0,0.0,0.0,5,-0.00486111111111111,0.004658474953124561,5,0.0,0.0,5,0.0,0.0,5,0.0,0.0,5,,,0,0.0,0.0,5,,,0
regime_conditional,ewma,clean,switch_delay12_minus_switch_random,0.0,0.0,5,,,0,0.0,0.0,5,,,0,0.0840432098765432,0.003989428856392021,5,,,0,,,0,,,0,,,0,,,0,0.0,0.0,5,0.07013888888888889,0.05414885747116091,5,8.734567901234566,1.1833512044864691,5,0.0,0.0,5,0.0,0.0,5,,,0,0.0,0.0,5,,,0
regime_conditional,ewma,clean,switch_random_minus_steady_d12_n2_m1,0.0,0.0,5,,,0,0.0,0.0,5,,,0,0.0002469135802469141,0.0013828744948901138,5,,,0,,,0,,,0,,,0,,,0,0.0,0.0,5,-0.0034722222222222225,0.004910463758239913,5,0.12345679012345663,0.6492495051840319,5,0.0,0.0,5,0.0,0.0,5,,,0,0.0,0.0,5,,,0
regime_conditional,ewma,observed,count1_minus_steady_d12_n2_m1,-0.06720241860537926,0.07883907337434108,5,-0.00972222222222222,0.094083768000833,5,-0.13393742935468228,0.07107325987055951,5,-0.09319530521667528,0.09344718341421374,5,-0.003166108762038996,0.0006589491748202723,5,0.007291666666666667,0.01875482191084222,5,-0.013194444444444463,0.08549003172704617,5,0.0,0.0,5,-0.00972222222222222,0.094083768000833,5,-0.011805555555555536,0.09674361361191423,5,0.0,0.0,5,0.008333333333333328,0.024747957890563138,5,-0.6621447028423774,0.3449574861332831,5,0.0,0.0,5,0.0,0.0,5,-0.00972222222222222,0.094083768000833,5,-0.06720241860537926,0.07883907337434108,5,0.0,0.0,5
regime_conditional,ewma,observed,count3_minus_steady_d12_n2_m1,0.018914236276714423,0.027823217274648936,5,-0.00046296296296296504,0.029729829129257864,5,0.053562446082688696,0.026591071542976675,5,0.03883185229618389,0.03925943636891374,5,0.004342008121077887,0.0013803421362906692,5,0.004282407407407408,0.011344659203267042,5,-0.010416666666666652,0.03997665749807992,5,0.0,0.0,5,-0.00046296296296296504,0.029729829129257864,5,0.0006944444444444587,0.033570800871066925,5,0.0,0.0,5,1.3877787807814458e-18,0.008814552205861005,5,0.6606066199089454,0.32360795230499406,5,0.0,0.0,5,0.0,0.0,5,-0.00046296296296296504,0.029729829129257864,5,0.018914236276714423,0.027823217274648936,5,0.0,0.0,5
regime_conditional,ewma,observed,duration24_minus_steady_d12_n2_m1,0.17980526023364218,0.027725478309148923,5,0.15069444444444446,0.03241928932311824,5,0.2203778489975139,0.025701196847611036,5,0.2506672938918654,0.03396293632961793,5,0.00391614671960673,0.0040639502199341275,5,0.005555555555555555,0.009501144647577866,5,0.08333333333333334,0.03402069087198865,5,0.0,0.0,5,0.15069444444444446,0.03241928932311824,5,0.13784722222222223,0.02680029273322254,5,0.0,0.0,5,0.00625,0.05392574627310327,5,0.6420558391630429,1.7425491908898227,5,0.0,0.0,5,0.0,0.0,5,0.15069444444444446,0.03241928932311824,5,0.17980526023364218,0.027725478309148923,5,0.0,0.0,5
regime_conditional,ewma,observed,duration4_minus_steady_d12_n2_m1,-0.2918120044281157,0.07073788674824323,5,-0.24305555555555552,0.0729579909355927,5,-0.35140611678131894,0.07543838042829408,5,-0.3054941664204864,0.06542728927875996,5,-0.005328000233140994,0.002621794458659385,5,-0.015277777777777776,0.023337621547092336,5,-0.1590277777777778,0.05111365860197264,5,0.0,0.0,5,-0.24305555555555552,0.0729579909355927,5,-0.22847222222222224,0.06889539899794776,5,0.0,0.0,5,-0.0625,0.049288435995063856,5,-1.0328631656661034,1.0198464056903063,5,0.0,0.0,5,0.0,0.0,5,-0.24305555555555552,0.0729579909355927,5,-0.2918120044281157,0.07073788674824323,5,0.0,0.0,5
regime_conditional,ewma,observed,magnitude2_minus_steady_d12_n2_m1,0.21435205307983782,0.05217222160639095,5,0.44861111111111107,0.05739153753165103,5,0.039751776032548404,0.057635126491622835,5,0.3340785313979743,0.04358950487988168,5,0.01857235142118863,0.001791107316926584,5,0.08611111111111111,0.029605657982350285,5,0.18194444444444444,0.050889086001559065,5,0.0,0.0,5,0.44861111111111107,0.05739153753165103,5,0.25972222222222224,0.06366582435936906,5,0.0,0.0,5,0.19930555555555557,0.03468748262150603,5,1.9702842377260978,1.6206296775584115,5,0.0,0.0,5,0.0,0.0,5,0.44861111111111107,0.05739153753165103,5,0.21435205307983782,0.05217222160639095,5,0.0,0.0,5
regime_conditional,ewma,observed,magnitude4_minus_steady_d12_n2_m1,0.10526650716006455,0.058806355615172376,5,0.5958333333333333,0.05750696079713702,5,-0.11321297469682565,0.07550292480710787,5,0.44491243883685117,0.0649368178245987,5,0.06560077519379845,0.003915136405200956,5,0.38472222222222224,0.026001125851099056,5,0.29236111111111107,0.06832429931249362,5,0.0,0.0,5,0.5958333333333333,0.05750696079713702,5,0.001388888888888895,0.04932511349188822,5,0.0,0.0,5,0.45,0.04185432279251157,5,5.329457364341085,1.606891855792345,5,0.0,0.0,5,0.0,0.0,5,0.5958333333333333,0.05750696079713702,5,0.10526650716006455,0.058806355615172376,5,0.0,0.0,5
regime_conditional,ewma,observed,switch_after6_minus_switch_at,0.037130544808139064,0.03814397257977168,5,0.045138888888888895,0.04078937543219002,5,0.021027539524534834,0.034506366246927656,5,0.04577806664026177,0.02901416341291061,5,0.0007428940568475449,0.001719032182265525,5,0.010069444444444447,0.010659778772922743,5,-0.04444444444444447,0.023472838584938305,5,0.0,0.0,5,0.045138888888888895,0.04078937543219002,5,0.03680555555555555,0.037525711350295254,5,0.0,0.0,5,0.007638888888888895,0.03449578946394387,5,-0.032299741602067125,0.46246192064846126,5,0.0,0.0,5,0.0,0.0,5,0.045138888888888895,0.04078937543219002,5,0.037130544808139064,0.03814397257977168,5,0.0,0.0,5
regime_conditional,ewma,observed,switch_at_minus_switch_random,0.005281923862522586,0.019573139485215187,5,0.006944444444444453,0.029360302995291254,5,0.004378518074827686,0.02549955297297375,5,-0.000684216683803096,0.018105756504191717,5,0.00022609819121447022,0.0033539669704350157,5,-0.011111111111111113,0.016859060258764186,5,0.05555555555555554,0.032479664815746,5,0.0,0.0,5,0.006944444444444453,0.029360302995291254,5,0.004166666666666685,0.03527340305333415,5,0.0,0.0,5,-0.001388888888888891,0.03486083443891981,5,0.38759689922480656,0.779555451301497,5,0.0,0.0,5,0.0,0.0,5,0.006944444444444453,0.029360302995291254,5,0.005281923862522586,0.019573139485215187,5,0.0,0.0,5
regime_conditional,ewma,observed,switch_before6_minus_switch_at,-0.17297886545975089,0.022514383622866688,5,-0.18055555555555552,0.021544572302067456,5,-0.1246108320111035,0.04748210467339544,5,-0.16576117923561964,0.02306447675811617,5,-0.003585271317829457,0.002188888454209288,5,-0.008680555555555556,0.013278696649981214,5,-0.09583333333333333,0.02869576876582556,5,0.0,0.0,5,-0.18055555555555552,0.021544572302067456,5,-0.16111111111111112,0.015055196797693597,5,0.0,0.0,5,-0.04791666666666666,0.022151580427411922,5,-0.6136950904392767,0.6085737623196633,5,0.0,0.0,5,0.0,0.0,5,-0.18055555555555552,0.021544572302067456,5,-0.17297886545975089,0.022514383622866688,5,0.0,0.0,5
regime_conditional,ewma,observed,switch_delay12_minus_switch_random,-0.14273897712177414,0.0478459810444376,5,0.08819444444444445,0.04242652053918314,5,-0.277415664445365,0.05669765733324238,5,-0.22827186567903346,0.05506036247666765,5,0.07994186046511628,0.0036915792799297386,5,0.10833333333333335,0.026432256032178133,5,-0.057638888888888906,0.053881013170196716,5,0.0,0.0,5,0.08819444444444445,0.04242652053918314,5,-0.05694444444444444,0.023753654689565376,5,0.0,0.0,5,0.050694444444444445,0.03695919191870881,5,8.430232558139535,1.5716073159822828,5,0.0,0.0,5,0.0,0.0,5,0.08819444444444445,0.04242652053918314,5,-0.14273897712177414,0.0478459810444376,5,0.0,0.0,5
regime_conditional,ewma,observed,switch_random_minus_steady_d12_n2_m1,-0.016206188989152548,0.017381320907336545,5,-0.01875000000000001,0.011927475025915034,5,-0.011655635920164675,0.02966919970687046,5,-0.00410975195891391,0.02182425870239577,5,-0.00035529715762273943,0.0023525655987894248,5,-0.003819444444444442,0.01141088661469096,5,0.006944444444444464,0.030665836341416144,5,0.0,0.0,5,-0.01875000000000001,0.011927475025915034,5,-0.017361111111111105,0.010416666666666666,5,0.0,0.0,5,-0.004166666666666668,0.006678952799191433,5,0.12919896640826867,0.8948252698446428,5,0.0,0.0,5,0.0,0.0,5,-0.01875000000000001,0.011927475025915034,5,-0.016206188989152548,0.017381320907336545,5,0.0,0.0,5
regime_conditional,point,clean,count1_minus_steady_d12_n2_m1,0.0,0.0,5,,,0,0.0,0.0,5,,,0,0.0,0.0,5,,,0,,,0,,,0,,,0,,,0,0.0,0.0,5,0.000694444444444444,0.0038036288715636536,5,0.0,0.0,5,0.0,0.0,5,0.0,0.0,5,,,0,0.0,0.0,5,,,0
regime_conditional,point,clean,count3_minus_steady_d12_n2_m1,0.0,0.0,5,,,0,0.0,0.0,5,,,0,0.0,0.0,5,,,0,,,0,,,0,,,0,,,0,0.0,0.0,5,0.0002314814814814811,0.0012678762905212184,5,0.0,0.0,5,0.0,0.0,5,0.0,0.0,5,,,0,0.0,0.0,5,,,0
regime_conditional,point,clean,duration24_minus_steady_d12_n2_m1,0.0,0.0,5,,,0,0.0,0.0,5,,,0,0.0,0.0,5,,,0,,,0,,,0,,,0,,,0,0.0,0.0,5,-0.0013888888888888887,0.01141088661469096,5,0.0,0.0,5,0.0,0.0,5,0.0,0.0,5,,,0,0.0,0.0,5,,,0
regime_conditional,point,clean,duration4_minus_steady_d12_n2_m1,0.0,0.0,5,,,0,0.0,0.0,5,,,0,0.0,0.0,5,,,0,,,0,,,0,,,0,,,0,0.0,0.0,5,0.00486111111111111,0.009697388919283987,5,0.0,0.0,5,0.0,0.0,5,0.0,0.0,5,,,0,0.0,0.0,5,,,0
regime_conditional,point,clean,magnitude2_minus_steady_d12_n2_m1,0.0,0.0,5,,,0,0.0,0.0,5,,,0,0.0,0.0,5,,,0,,,0,,,0,,,0,,,0,0.0,0.0,5,0.0,0.0,5,0.0,0.0,5,0.0,0.0,5,0.0,0.0,5,,,0,0.0,0.0,5,,,0
regime_conditional,point,clean,magnitude4_minus_steady_d12_n2_m1,0.0,0.0,5,,,0,0.0,0.0,5,,,0,0.0,0.0,5,,,0,,,0,,,0,,,0,,,0,0.0,0.0,5,0.0,0.0,5,0.0,0.0,5,0.0,0.0,5,0.0,0.0,5,,,0,0.0,0.0,5,,,0
regime_conditional,point,clean,switch_after6_minus_switch_at,0.0,0.0,5,,,0,0.0,0.0,5,,,0,0.0,0.0,5,,,0,,,0,,,0,,,0,,,0,0.0,0.0,5,0.0013888888888888892,0.006307604904369774,5,0.0,0.0,5,0.0,0.0,5,0.0,0.0,5,,,0,0.0,0.0,5,,,0
regime_conditional,point,clean,switch_at_minus_switch_random,0.0,0.0,5,,,0,0.0,0.0,5,,,0,0.0,0.0,5,,,0,,,0,,,0,,,0,,,0,0.0,0.0,5,-0.0020833333333333337,0.009381427837573817,5,0.0,0.0,5,0.0,0.0,5,0.0,0.0,5,,,0,0.0,0.0,5,,,0
regime_conditional,point,clean,switch_before6_minus_switch_at,0.0,0.0,5,,,0,0.0,0.0,5,,,0,0.0,0.0,5,,,0,,,0,,,0,,,0,,,0,0.0,0.0,5,0.0013888888888888892,0.005265885725035799,5,0.0,0.0,5,0.0,0.0,5,0.0,0.0,5,,,0,0.0,0.0,5,,,0
regime_conditional,point,clean,switch_delay12_minus_switch_random,0.0,0.0,5,,,0,0.0,0.0,5,,,0,0.06614197530864198,0.0012374580368351507,5,,,0,,,0,,,0,,,0,,,0,0.0,0.0,5,0.061111111111111116,0.04382434159992215,5,11.75925925925926,0.8048398031114382,5,0.0,0.0,5,0.0,0.0,5,,,0,0.0,0.0,5,,,0
regime_conditional,point,clean,switch_random_minus_steady_d12_n2_m1,0.0,0.0,5,,,0,0.0,0.0,5,,,0,-3.4694469519536144e-19,0.0005456070842488794,5,,,0,,,0,,,0,,,0,,,0,0.0,0.0,5,-0.0013888888888888887,0.003105649968749708,5,-0.030864197530864244,0.5711961581272152,5,0.0,0.0,5,0.0,0.0,5,,,0,0.0,0.0,5,,,0
regime_conditional,point,observed,count1_minus_steady_d12_n2_m1,-0.02681042681734011,0.02742039119978964,5,-0.002777777777777779,0.02103490448730689,5,-0.11752389188004571,0.04156106591627737,5,-0.05669183554568673,0.02250092171911809,5,-0.00012406037115339461,0.00019686280212306747,5,0.0038194444444444448,0.004817512821358197,5,-0.02083333333333336,0.039513217627573066,5,0.0,0.0,5,-0.002777777777777779,0.02103490448730689,5,-0.006249999999999997,0.018601521161081765,5,0.0,0.0,5,0.000694444444444444,0.0038036288715636536,5,-0.11671952078928775,0.19975005543477375,5,0.0,0.0,5,0.0,0.0,5,-0.002777777777777779,0.02103490448730689,5,-0.02681042681734011,0.02742039119978964,5,0.0,0.0,5
regime_conditional,point,observed,count3_minus_steady_d12_n2_m1,0.002469668780764811,0.01366905312040148,5,-0.005555555555555555,0.009936192607099424,5,0.07983965168576138,0.021089241399849322,5,0.04181880069988183,0.012746470653840667,5,-0.00013458225667528078,0.000337820667860697,5,0.0031249999999999997,0.0034382987910909595,5,-0.015277777777777769,0.029273485319137607,5,0.0,0.0,5,-0.005555555555555555,0.009936192607099424,5,-0.007175925925925924,0.006915448725134102,5,0.0,0.0,5,0.0002314814814814811,0.0012678762905212184,5,-0.07613510520487274,0.2210810307939168,5,0.0,0.0,5,0.0,0.0,5,-0.005555555555555555,0.009936192607099424,5,0.002469668780764811,0.01366905312040148,5,0.0,0.0,5
regime_conditional,point,observed,duration24_minus_steady_d12_n2_m1,0.013109750146547004,0.00891423888649935,5,-0.0013888888888888922,0.006307604904369769,5,0.14692028963794276,0.019190277000301494,5,0.08712635775605479,0.015463691107231897,5,0.0007744059998739522,0.0005756026450958712,5,0.0006944444444444444,0.003212978389465581,5,0.005902777777777757,0.02085502343117395,5,0.0,0.0,5,-0.0013888888888888922,0.006307604904369769,5,-0.0017361111111111078,0.0075675328880914425,5,0.0,0.0,5,-0.0013888888888888887,0.01141088661469096,5,0.6908993508539734,0.5661992272458636,5,0.0,0.0,5,0.0,0.0,5,-0.0013888888888888922,0.006307604904369769,5,0.013109750146547004,0.00891423888649935,5,0.0,0.0,5
regime_conditional,point,observed,duration4_minus_steady_d12_n2_m1,-0.057193312831554155,0.03770955487157264,5,-0.015972222222222224,0.032162600491415026,5,-0.17695408741572163,0.0565368661205147,5,-0.08482357165388356,0.021348936040730418,5,-0.00015372734160983942,0.0003745865317197378,5,-0.004861111111111112,0.003763799199423403,5,0.045833333333333316,0.037670010708654215,5,0.0,0.0,5,-0.015972222222222224,0.032162600491415026,5,-0.014583333333333332,0.03475692710067277,5,0.0,0.0,5,0.00486111111111111,0.009697388919283987,5,-0.14401313360921683,0.3725182266193807,5,0.0,0.0,5,0.0,0.0,5,-0.015972222222222224,0.032162600491415026,5,-0.057193312831554155,0.03770955487157264,5,0.0,0.0,5
regime_conditional,point,observed,magnitude2_minus_steady_d12_n2_m1,0.34348156701120536,0.028309703987654197,5,0.3236111111111111,0.03195576490234316,5,0.30867760714906084,0.03488801571357067,5,0.3708501921556702,0.025393784454540644,5,0.001970284237726098,0.0007347747523305763,5,0.021180555555555557,0.0078988285875537,5,0.2861111111111111,0.02992966936043052,5,0.0,0.0,5,0.3236111111111111,0.03195576490234316,5,0.2791666666666667,0.026962873136551643,5,0.0,0.0,5,0.0,0.0,5,1.7118863049095605,0.8438210902850863,5,0.0,0.0,5,0.0,0.0,5,0.3236111111111111,0.03195576490234316,5,0.34348156701120536,0.028309703987654197,5,0.0,0.0,5
regime_conditional,point,observed,magnitude4_minus_steady_d12_n2_m1,0.6389021933687239,0.02783607419249696,5,0.8777777777777779,0.021319557545845497,5,0.3850809953070597,0.0487613225503235,5,0.8300555942249019,0.016786753264799736,5,0.011821705426356589,0.001648552991624656,5,0.12708333333333333,0.017721944659965065,5,0.45902777777777787,0.04226993831537002,5,0.0,0.0,5,0.8777777777777779,0.021319557545845497,5,0.6104166666666667,0.03758991278534546,5,0.0,0.0,5,0.0,0.0,5,8.462532299741602,1.0565521468860557,5,0.0,0.0,5,0.0,0.0,5,0.8777777777777779,0.021319557545845497,5,0.6389021933687239,0.02783607419249696,5,0.0,0.0,5
regime_conditional,point,observed,switch_after6_minus_switch_at,0.011707343843582848,0.025749465812376,5,0.009027777777777779,0.01863389981249825,5,0.014153131153131155,0.04030136220242488,5,0.011985929252117536,0.006708593616223541,5,0.0003229974160206723,0.0004977724485601563,5,-0.0006944444444444439,0.005001687601002756,5,0.03611111111111113,0.013130326667492372,5,0.0,0.0,5,0.009027777777777779,0.01863389981249825,5,0.01111111111111111,0.016724436914989295,5,0.0,0.0,5,0.0013888888888888892,0.006307604904369774,5,0.32299741602067195,0.49777244856015684,5,0.0,0.0,5,0.0,0.0,5,0.009027777777777779,0.01863389981249825,5,0.011707343843582848,0.025749465812376,5,0.0,0.0,5
regime_conditional,point,observed,switch_at_minus_switch_random,-0.015725150989543822,0.017779532873916357,5,-0.01111111111111111,0.013084335889872753,5,-0.026345432620470944,0.026256159711489372,5,-0.017429365707790898,0.004073994126697353,5,9.689922480620103e-05,0.00027023902665829333,5,-0.0003472222222222227,0.007705673965684774,5,-0.01875,0.05094828002645741,5,0.0,0.0,5,-0.01111111111111111,0.013084335889872753,5,-0.013888888888888885,0.013670152559048286,5,0.0,0.0,5,-0.0020833333333333337,0.009381427837573817,5,0.09689922480620154,0.2702390266582927,5,0.0,0.0,5,0.0,0.0,5,-0.01111111111111111,0.013084335889872753,5,-0.015725150989543822,0.017779532873916357,5,0.0,0.0,5
regime_conditional,point,observed,switch_before6_minus_switch_at,-0.0009717928671092585,0.0065806368059132545,5,-0.000694444444444442,0.005150137838260877,5,-0.0015090572418299975,0.010172423216891515,5,-0.002881125473169527,0.0073997975073627565,5,6.459948320413494e-05,0.0006520229082101535,5,0.0034722222222222238,0.00715816948891955,5,-0.02430555555555557,0.019641855032959638,5,0.0,0.0,5,-0.000694444444444442,0.005150137838260877,5,-1.3877787807814458e-18,0.004252586358998568,5,0.0,0.0,5,0.0013888888888888892,0.005265885725035799,5,0.0322997416020673,0.5977634212959216,5,0.0,0.0,5,0.0,0.0,5,-0.000694444444444442,0.005150137838260877,5,-0.0009717928671092585,0.0065806368059132545,5,0.0,0.0,5
regime_conditional,point,observed,switch_delay12_minus_switch_random,0.004576273703587988,0.03329999638884804,5,0.11111111111111112,0.04064131913444314,5,-0.15141925765684594,0.043224193426746466,5,-0.03775892506235849,0.023183802541248407,5,0.06411498708010335,0.002114954918234626,5,0.08611111111111111,0.028701020073174075,5,-0.015277777777777779,0.04895710203337382,5,0.0,0.0,5,0.11111111111111112,0.04064131913444314,5,0.026388888888888885,0.029319210878589647,5,0.0,0.0,5,0.061111111111111116,0.04382434159992215,5,11.854005167958656,1.1955268425918435,5,0.0,0.0,5,0.0,0.0,5,0.11111111111111112,0.04064131913444314,5,0.004576273703587988,0.03329999638884804,5,0.0,0.0,5
regime_conditional,point,observed,switch_random_minus_steady_d12_n2_m1,-0.0020468221102639293,0.014573974516358149,5,-0.0013888888888888922,0.010300275676521748,5,-0.003909427351121897,0.02466993352092559,5,0.0040094516010846706,0.009096265744982731,5,6.459948320413425e-05,0.0003717979468094741,5,0.0006944444444444448,0.0015528249843748546,5,0.008333333333333326,0.015254085164228312,5,0.0,0.0,5,-0.0013888888888888922,0.010300275676521748,5,-0.0006944444444444448,0.008987624378850539,5,0.0,0.0,5,-0.0013888888888888887,0.003105649968749708,5,0.0322997416020673,0.385572880694875,5,0.0,0.0,5,0.0,0.0,5,-0.0013888888888888922,0.010300275676521748,5,-0.0020468221102639293,0.014573974516358149,5,0.0,0.0,5
regime_marginal,cusum,clean,count1_minus_steady_d12_n2_m1,0.0,0.0,5,,,0,0.0,0.0,5,,,0,0.0,0.0,5,,,0,,,0,,,0,,,0,,,0,0.0,0.0,5,0.0,0.031056499687497078,5,0.0,0.0,5,0.0,0.0,5,0.0,0.0,5,,,0,0.0,0.0,5,,,0
regime_marginal,cusum,clean,count3_minus_steady_d12_n2_m1,0.0,0.0,5,,,0,0.0,0.0,5,,,0,0.0,0.0,5,,,0,,,0,,,0,,,0,,,0,0.0,0.0,5,0.005092592592592592,0.016236738811805724,5,0.0,0.0,5,0.0,0.0,5,0.0,0.0,5,,,0,0.0,0.0,5,,,0
regime_marginal,cusum,clean,duration24_minus_steady_d12_n2_m1,0.0,0.0,5,,,0,0.0,0.0,5,,,0,0.0,0.0,5,,,0,,,0,,,0,,,0,,,0,0.0,0.0,5,0.0041666666666666675,0.023854950051830092,5,0.0,0.0,5,0.0,0.0,5,0.0,0.0,5,,,0,0.0,0.0,5,,,0
regime_marginal,cusum,clean,duration4_minus_steady_d12_n2_m1,0.0,0.0,5,,,0,0.0,0.0,5,,,0,0.0,0.0,5,,,0,,,0,,,0,,,0,,,0,0.0,0.0,5,0.008333333333333333,0.01167203910692473,5,0.0,0.0,5,0.0,0.0,5,0.0,0.0,5,,,0,0.0,0.0,5,,,0
regime_marginal,cusum,clean,magnitude2_minus_steady_d12_n2_m1,0.0,0.0,5,,,0,0.0,0.0,5,,,0,0.0,0.0,5,,,0,,,0,,,0,,,0,,,0,0.0,0.0,5,0.0,0.0,5,0.0,0.0,5,0.0,0.0,5,0.0,0.0,5,,,0,0.0,0.0,5,,,0
regime_marginal,cusum,clean,magnitude4_minus_steady_d12_n2_m1,0.0,0.0,5,,,0,0.0,0.0,5,,,0,0.0,0.0,5,,,0,,,0,,,0,,,0,,,0,0.0,0.0,5,0.0,0.0,5,0.0,0.0,5,0.0,0.0,5,0.0,0.0,5,,,0,0.0,0.0,5,,,0
regime_marginal,cusum,clean,switch_after6_minus_switch_at,0.0,0.0,5,,,0,0.0,0.0,5,,,0,0.0,0.0,5,,,0,,,0,,,0,,,0,,,0,0.0,0.0,5,0.0027777777777777775,0.006211299937499415,5,0.0,0.0,5,0.0,0.0,5,0.0,0.0,5,,,0,0.0,0.0,5,,,0
regime_marginal,cusum,clean,switch_at_minus_switch_random,0.0,0.0,5,,,0,0.0,0.0,5,,,0,0.0,0.0,5,,,0,,,0,,,0,,,0,,,0,0.0,0.0,5,-0.0076388888888888895,0.010241584169272658,5,0.0,0.0,5,0.0,0.0,5,0.0,0.0,5,,,0,0.0,0.0,5,,,0
regime_marginal,cusum,clean,switch_before6_minus_switch_at,0.0,0.0,5,,,0,0.0,0.0,5,,,0,0.0,0.0,5,,,0,,,0,,,0,,,0,,,0,0.0,0.0,5,-0.0027777777777777775,0.006211299937499415,5,0.0,0.0,5,0.0,0.0,5,0.0,0.0,5,,,0,0.0,0.0,5,,,0
regime_marginal,cusum,clean,switch_delay12_minus_switch_random,0.0,0.0,5,,,0,0.0,0.0,5,,,0,0.05302469135802469,0.005266846668568283,5,,,0,,,0,,,0,,,0,,,0,0.0,0.0,5,0.027083333333333338,0.026602751818580492,5,5.771604938271605,0.9612599692837928,5,0.0,0.0,5,0.0,0.0,5,,,0,0.0,0.0,5,,,0
regime_marginal,cusum,clean,switch_random_minus_steady_d12_n2_m1,0.0,0.0,5,,,0,0.0,0.0,5,,,0,-0.014938271604938274,0.013660850859754953,5,,,0,,,0,,,0,,,0,,,0,0.0,0.0,5,-0.011805555555555555,0.02033548675603656,5,-0.49382716049382724,0.9723446914829238,5,0.0,0.0,5,0.0,0.0,5,,,0,0.0,0.0,5,,,0
regime_marginal,cusum,observed,count1_minus_steady_d12_n2_m1,-0.02960710178690461,0.03145278433197485,5,-0.01111111111111111,0.046932834691953376,5,-0.04169616874958204,0.030508203880641457,5,-0.03342917346846091,0.02267420610377496,5,-0.007812867042518205,0.00801111586151164,5,0.0013888888888888896,0.025260267515787235,5,-0.006250000000000022,0.07850601533923655,5,0.0,0.0,5,-0.01111111111111111,0.046932834691953376,5,-0.01666666666666667,0.034670099767685036,5,0.0,0.0,5,0.011805555555555547,0.10813059733603118,5,-0.1519556025369979,0.15230274385957634,5,0.0,0.0,5,0.0,0.0,5,-0.01111111111111111,0.046932834691953376,5,-0.02960710178690461,0.03145278433197485,5,0.0,0.0,5
regime_marginal,cusum,observed,count3_minus_steady_d12_n2_m1,0.009228194349258732,0.005279725029923003,5,-0.0018518518518518532,0.0037145385499725045,5,0.023310598230617777,0.007976401941970976,5,0.025365117798445618,0.0034443226416540716,5,0.003191522086870926,0.00764379634895209,5,0.0009259259259259252,0.00906368984904593,5,-0.01643518518518521,0.03495676954913575,5,0.0,0.0,5,-0.0018518518518518532,0.0037145385499725045,5,-0.006018518518518519,0.00973186250443422,5,0.0,0.0,5,-0.0034722222222222142,0.023032116599690282,5,0.25839793281653767,0.3086530465819089,5,0.0,0.0,5,0.0,0.0,5,-0.0018518518518518532,0.0037145385499725045,5,0.009228194349258732,0.005279725029923003,5,0.0,0.0,5
regime_marginal,cusum,observed,duration24_minus_steady_d12_n2_m1,0.13883158052020544,0.033559589052291824,5,0.1329861111111111,0.03917999305397943,5,0.14775781013587633,0.03983429647174027,5,0.12331831103099151,0.031203847280804324,5,0.026050923299930674,0.010356910310357114,5,0.020833333333333332,0.013573347023534623,5,0.07569444444444444,0.03982852302235139,5,0.0,0.0,5,0.1329861111111111,0.03917999305397943,5,0.11631944444444445,0.023899131767250354,5,0.0,0.0,5,0.22916666666666666,0.057001580414520844,5,0.25839793281653767,0.37862102776680495,5,0.0,0.0,5,0.0,0.0,5,0.1329861111111111,0.03917999305397943,5,0.13883158052020544,0.033559589052291824,5,0.0,0.0,5
regime_marginal,cusum,observed,duration4_minus_steady_d12_n2_m1,-0.05774547586645039,0.024233180564410848,5,-0.04861111111111112,0.03056739038482467,5,-0.06360397621784476,0.026284389564888065,5,-0.05774591182994808,0.013463385294275305,5,-0.014213100580909637,0.007271951491563284,5,-0.00625,0.010167743378018282,5,-0.11180555555555557,0.056277856613962535,5,0.0,0.0,5,-0.04861111111111112,0.03056739038482467,5,-0.04583333333333334,0.029401337680578538,5,0.0,0.0,5,-0.10416666666666667,0.07111701093147238,5,0.2061840648131958,0.36029678598582604,5,0.0,0.0,5,0.0,0.0,5,-0.04861111111111112,0.03056739038482467,5,-0.05774547586645039,0.024233180564410848,5,0.0,0.0,5
regime_marginal,cusum,observed,magnitude2_minus_steady_d12_n2_m1,0.09869600155993408,0.037509931150632864,5,0.21319444444444446,0.06811222130688459,5,0.04667688295190293,0.018380012525591776,5,0.04331303071243199,0.014142171190541147,5,0.04712532299741602,0.014593264894199862,5,0.020833333333333336,0.014473378472684956,5,0.15624999999999997,0.06345717667533701,5,0.0,0.0,5,0.21319444444444446,0.06811222130688459,5,0.19166666666666668,0.062180898356089795,5,0.0,0.0,5,0.3875,0.12233363766487529,5,0.2906976744186048,0.41802904087676945,5,0.0,0.0,5,0.0,0.0,5,0.21319444444444446,0.06811222130688459,5,0.09869600155993408,0.037509931150632864,5,0.0,0.0,5
regime_marginal,cusum,observed,magnitude4_minus_steady_d12_n2_m1,0.13566501626313726,0.02283958394429898,5,0.586111111111111,0.06516316770941946,5,0.045996486319688536,0.026029221285722645,5,0.0459490502652893,0.015858660950456193,5,0.1638888888888889,0.03260142541914306,5,0.08784722222222222,0.0331365356689859,5,0.21666666666666662,0.12287448271747242,5,0.0,0.0,5,0.586111111111111,0.06516316770941946,5,0.4569444444444445,0.07323014625813369,5,0.0,0.0,5,0.8006944444444445,0.07310656489158074,5,0.2583979328165376,0.5428855398569641,5,0.0,0.0,5,0.0,0.0,5,0.586111111111111,0.06516316770941946,5,0.13566501626313726,0.02283958394429898,5,0.0,0.0,5
regime_marginal,cusum,observed,switch_after6_minus_switch_at,0.027439997078216604,0.0387690195341022,5,0.024305555555555552,0.03086178617123467,5,0.027585562081664183,0.048613620396761495,5,0.02594418552174358,0.025004557181569045,5,0.003423772609819122,0.0017220639874116694,5,0.0020833333333333337,0.004658474953124563,5,0.009027777777777768,0.046945677169876576,5,0.0,0.0,5,0.024305555555555552,0.03086178617123467,5,0.02222222222222222,0.02462586559235714,5,0.0,0.0,5,0.03958333333333333,0.03262780544675974,5,0.3229974160206717,0.3229974160206719,5,0.0,0.0,5,0.0,0.0,5,0.024305555555555552,0.03086178617123467,5,0.027439997078216604,0.0387690195341022,5,0.0,0.0,5
regime_marginal,cusum,observed,switch_at_minus_switch_random,-0.01025985924384881,0.0273247811185933,5,-0.01111111111111111,0.02423103655884431,5,-0.0019768045460102773,0.036462609178986395,5,-0.012305660654411077,0.011568972645266965,5,-0.004586563307493541,0.006951576771222018,5,-0.010069444444444445,0.007802848977168136,5,0.02777777777777777,0.07098975104257244,5,0.0,0.0,5,-0.01111111111111111,0.02423103655884431,5,-0.005555555555555555,0.02244893038228419,5,0.0,0.0,5,-0.05625,0.042624975109510854,5,0.22609819121447025,0.5307389123112075,5,0.0,0.0,5,0.0,0.0,5,-0.01111111111111111,0.02423103655884431,5,-0.01025985924384881,0.0273247811185933,5,0.0,0.0,5
regime_marginal,cusum,observed,switch_before6_minus_switch_at,-0.027625250363883726,0.04037394969886392,5,-0.02222222222222222,0.030130407152661996,5,-0.0342925241584538,0.06869462706486952,5,-0.01000602524063794,0.010131187115781676,5,-0.006136950904392764,0.004163097142974884,5,0.014930555555555555,0.011089388487966189,5,-0.07847222222222221,0.033896430171849415,5,0.0,0.0,5,-0.02222222222222222,0.030130407152661996,5,-0.03194444444444444,0.024106326330152472,5,0.0,0.0,5,-0.04652777777777778,0.03494718788912815,5,-0.4198966408268735,0.33489084872945285,5,0.0,0.0,5,0.0,0.0,5,-0.02222222222222222,0.030130407152661996,5,-0.027625250363883726,0.04037394969886392,5,0.0,0.0,5
regime_marginal,cusum,observed,switch_delay12_minus_switch_random,0.04070844147137933,0.04371921069841836,5,0.09027777777777778,0.04159426580107965,5,-0.0008676122284387855,0.05662908388167859,5,0.0017891290863779898,0.02874906944312347,5,0.046705426356589155,0.004270411855565477,5,0.06909722222222223,0.022381697735393502,5,-0.04027777777777779,0.05802871854457864,5,0.0,0.0,5,0.09027777777777778,0.04159426580107965,5,0.04097222222222222,0.049495915781126276,5,0.0,0.0,5,-0.00486111111111111,0.026625402100945567,5,5.620155038759689,1.1442499731213402,5,0.0,0.0,5,0.0,0.0,5,0.09027777777777778,0.04159426580107965,5,0.04070844147137933,0.04371921069841836,5,0.0,0.0,5
regime_marginal,cusum,observed,switch_random_minus_steady_d12_n2_m1,-0.018184897408190504,0.027970250109287522,5,-0.03125,0.02551551815399144,5,-0.0008243964263386055,0.04446886758670096,5,0.0038695435162680453,0.009997850560401004,5,-0.01960594315245478,0.014708179522715819,5,-0.015277777777777779,0.01793327987307879,5,0.033333333333333326,0.0253496003450611,5,0.0,0.0,5,-0.03125,0.02551551815399144,5,-0.02638888888888889,0.021063542900143194,5,0.0,0.0,5,-0.013194444444444443,0.06621847316475671,5,-0.2583979328165373,0.9595252440253842,5,0.0,0.0,5,0.0,0.0,5,-0.03125,0.02551551815399144,5,-0.018184897408190504,0.027970250109287522,5,0.0,0.0,5
regime_marginal,ewma,clean,count1_minus_steady_d12_n2_m1,0.0,0.0,5,,,0,0.0,0.0,5,,,0,0.0,0.0,5,,,0,,,0,,,0,,,0,,,0,0.0,0.0,5,-0.0027777777777777775,0.006211299937499416,5,0.0,0.0,5,0.0,0.0,5,0.0,0.0,5,,,0,0.0,0.0,5,,,0
regime_marginal,ewma,clean,count3_minus_steady_d12_n2_m1,0.0,0.0,5,,,0,0.0,0.0,5,,,0,0.0,0.0,5,,,0,,,0,,,0,,,0,,,0,0.0,0.0,5,-0.0009259259259259259,0.009345661684345532,5,0.0,0.0,5,0.0,0.0,5,0.0,0.0,5,,,0,0.0,0.0,5,,,0
regime_marginal,ewma,clean,duration24_minus_steady_d12_n2_m1,0.0,0.0,5,,,0,0.0,0.0,5,,,0,0.0,0.0,5,,,0,,,0,,,0,,,0,,,0,0.0,0.0,5,0.003472222222222223,0.013447858840997974,5,0.0,0.0,5,0.0,0.0,5,0.0,0.0,5,,,0,0.0,0.0,5,,,0
regime_marginal,ewma,clean,duration4_minus_steady_d12_n2_m1,0.0,0.0,5,,,0,0.0,0.0,5,,,0,0.0,0.0,5,,,0,,,0,,,0,,,0,,,0,0.0,0.0,5,0.004861111111111112,0.010300275676521755,5,0.0,0.0,5,0.0,0.0,5,0.0,0.0,5,,,0,0.0,0.0,5,,,0
regime_marginal,ewma,clean,magnitude2_minus_steady_d12_n2_m1,0.0,0.0,5,,,0,0.0,0.0,5,,,0,0.0,0.0,5,,,0,,,0,,,0,,,0,,,0,0.0,0.0,5,0.0,0.0,5,0.0,0.0,5,0.0,0.0,5,0.0,0.0,5,,,0,0.0,0.0,5,,,0
regime_marginal,ewma,clean,magnitude4_minus_steady_d12_n2_m1,0.0,0.0,5,,,0,0.0,0.0,5,,,0,0.0,0.0,5,,,0,,,0,,,0,,,0,,,0,0.0,0.0,5,0.0,0.0,5,0.0,0.0,5,0.0,0.0,5,0.0,0.0,5,,,0,0.0,0.0,5,,,0
regime_marginal,ewma,clean,switch_after6_minus_switch_at,0.0,0.0,5,,,0,0.0,0.0,5,,,0,0.0,0.0,5,,,0,,,0,,,0,,,0,,,0,0.0,0.0,5,-0.0034722222222222216,0.00814308291636012,5,0.0,0.0,5,0.0,0.0,5,0.0,0.0,5,,,0,0.0,0.0,5,,,0
regime_marginal,ewma,clean,switch_at_minus_switch_random,0.0,0.0,5,,,0,0.0,0.0,5,,,0,0.0,0.0,5,,,0,,,0,,,0,,,0,,,0,0.0,0.0,5,0.004166666666666666,0.0167244369149893,5,0.0,0.0,5,0.0,0.0,5,0.0,0.0,5,,,0,0.0,0.0,5,,,0
regime_marginal,ewma,clean,switch_before6_minus_switch_at,0.0,0.0,5,,,0,0.0,0.0,5,,,0,0.0,0.0,5,,,0,,,0,,,0,,,0,,,0,0.0,0.0,5,-0.005555555555555555,0.007993655856403707,5,0.0,0.0,5,0.0,0.0,5,0.0,0.0,5,,,0,0.0,0.0,5,,,0
regime_marginal,ewma,clean,switch_delay12_minus_switch_random,0.0,0.0,5,,,0,0.0,0.0,5,,,0,0.07203703703703704,0.0015524415234517703,5,,,0,,,0,,,0,,,0,,,0,0.0,0.0,5,0.0611111111111111,0.03917614640991203,5,7.993827160493828,0.7352548919488642,5,0.0,0.0,5,0.0,0.0,5,,,0,0.0,0.0,5,,,0
regime_marginal,ewma,clean,switch_random_minus_steady_d12_n2_m1,0.0,0.0,5,,,0,0.0,0.0,5,,,0,-0.0012037037037037042,0.003317721786706304,5,,,0,,,0,,,0,,,0,,,0,0.0,0.0,5,-0.00486111111111111,0.009697388919283987,5,-0.27777777777777785,1.04892873259052,5,0.0,0.0,5,0.0,0.0,5,,,0,0.0,0.0,5,,,0
regime_marginal,ewma,observed,count1_minus_steady_d12_n2_m1,-0.044158666810320324,0.05601976762467451,5,-0.012499999999999994,0.052693188791927636,5,-0.13082049734499668,0.07127252819497043,5,-0.08314500518081286,0.05055222321444522,5,-0.0009726626732440684,0.0007960085203657606,5,0.0027777777777777766,0.007627042582114165,5,-0.02083333333333335,0.06546773484362782,5,0.0,0.0,5,-0.012499999999999994,0.052693188791927636,5,-0.006944444444444439,0.05031728036871332,5,0.0,0.0,5,-0.006944444444444445,0.031056499687497085,5,0.09029245947850599,0.379889892917591,5,0.0,0.0,5,0.0,0.0,5,-0.012499999999999994,0.052693188791927636,5,-0.044158666810320324,0.05601976762467451,5,0.0,0.0,5
regime_marginal,ewma,observed,count3_minus_steady_d12_n2_m1,0.01334927357902016,0.0305135668412516,5,0.00046296296296297333,0.021847118719979606,5,0.0835919405629784,0.03536025169667154,5,0.04742081109353058,0.020833275003598575,5,0.0007213608957794996,0.0011158444521471025,5,0.002777777777777776,0.009643711325218247,5,-0.023148148148148185,0.035381473073224014,5,0.0,0.0,5,0.00046296296296297333,0.021847118719979606,5,-0.0004629629629629567,0.018402413809584985,5,0.0,0.0,5,-0.004629629629629631,0.005901642955547208,5,0.16995816414421086,0.14021568445431423,5,0.0,0.0,5,0.0,0.0,5,0.00046296296296297333,0.021847118719979606,5,0.01334927357902016,0.0305135668412516,5,0.0,0.0,5
regime_marginal,ewma,observed,duration24_minus_steady_d12_n2_m1,0.13473109544506384,0.047473954546412234,5,0.08611111111111111,0.03480025952879669,5,0.29044121251479227,0.06562424504048861,5,0.22333933397246258,0.049203786834218784,5,-0.0003513581647444378,0.0025303306609039036,5,0.002951388888888888,0.007898828587553699,5,0.08611111111111105,0.019394777838567995,5,0.0,0.0,5,0.08611111111111111,0.03480025952879669,5,0.07881944444444444,0.038987195933527445,5,0.0,0.0,5,-0.00625,0.05330737577229248,5,0.04332892166130957,0.15301352334684426,5,0.0,0.0,5,0.0,0.0,5,0.08611111111111111,0.03480025952879669,5,0.13473109544506384,0.047473954546412234,5,0.0,0.0,5
regime_marginal,ewma,observed,duration4_minus_steady_d12_n2_m1,-0.14895723373803418,0.03892566030613034,5,-0.10208333333333333,0.033985234175672646,5,-0.2630825845360748,0.07065028828883245,5,-0.13571984191360964,0.04415605655700864,5,-0.0016108585417030957,0.0008124425717047243,5,0.0027777777777777775,0.005001687601002754,5,-0.16111111111111115,0.06713162512998322,5,0.0,0.0,5,-0.10208333333333333,0.033985234175672646,5,-0.09722222222222222,0.02563337336846076,5,0.0,0.0,5,-0.030555555555555558,0.023084402970270364,5,0.05682811680363713,0.5601448739240968,5,0.0,0.0,5,0.0,0.0,5,-0.10208333333333333,0.033985234175672646,5,-0.14895723373803418,0.03892566030613034,5,0.0,0.0,5
regime_marginal,ewma,observed,magnitude2_minus_steady_d12_n2_m1,0.35765307076852154,0.03082017790238663,5,0.4027777777777778,0.055065109469283696,5,0.24979551289543087,0.04572797895707499,5,0.3611691834987803,0.01534103732050314,5,0.005587855297157622,0.0016052679121174652,5,0.0,0.0,5,0.20624999999999996,0.05644897933991827,5,0.0,0.0,5,0.4027777777777778,0.055065109469283696,5,0.4020833333333334,0.053981610523319484,5,0.0,0.0,5,0.11736111111111111,0.03552882567301801,5,0.032299741602067125,0.28889767151160084,5,0.0,0.0,5,0.0,0.0,5,0.4027777777777778,0.055065109469283696,5,0.35765307076852154,0.03082017790238663,5,0.0,0.0,5
regime_marginal,ewma,observed,magnitude4_minus_steady_d12_n2_m1,0.5056253843108645,0.05372267871222464,5,0.7416666666666666,0.02605323816986675,5,0.26737550857065606,0.07835586797621588,5,0.6176723145260347,0.05147295585399268,5,0.01621447028423773,0.0023779279482307445,5,0.0,0.0,5,0.3173611111111111,0.0721938379051944,5,0.0,0.0,5,0.7416666666666666,0.02605323816986675,5,0.7284722222222222,0.0307051263464363,5,0.0,0.0,5,0.3451388888888889,0.0562885670254429,5,-0.09689922480620154,0.2449249174435254,5,0.0,0.0,5,0.0,0.0,5,0.7416666666666666,0.02605323816986675,5,0.5056253843108645,0.05372267871222464,5,0.0,0.0,5
regime_marginal,ewma,observed,switch_after6_minus_switch_at,0.037456655155205035,0.019271003929525812,5,0.028472222222222232,0.01725663005526275,5,0.05835406559152281,0.02762357470220217,5,0.030335993293339376,0.011879671460652193,5,-0.00029069767441860465,0.000608573762319663,5,0.0041666666666666675,0.00452722389250184,5,-0.039583333333333345,0.022848172050502928,5,0.0,0.0,5,0.028472222222222232,0.01725663005526275,5,0.02986111111111111,0.020186724796873102,5,0.0,0.0,5,-0.002777777777777778,0.015015102993360868,5,-0.09689922480620154,0.21667325363370052,5,0.0,0.0,5,0.0,0.0,5,0.028472222222222232,0.01725663005526275,5,0.037456655155205035,0.019271003929525812,5,0.0,0.0,5
regime_marginal,ewma,observed,switch_at_minus_switch_random,-0.007163813666533692,0.03782287221678959,5,-0.0041666666666666675,0.026602751818580486,5,-0.02534296589563757,0.07410932551970954,5,-0.015787773527162964,0.028773093605064633,5,-9.689922480620173e-05,0.0007711457613897498,5,-0.011458333333333334,0.01267480017253054,5,0.054166666666666675,0.030920328973462766,5,0.0,0.0,5,-0.0041666666666666675,0.026602751818580486,5,0.0006944444444444461,0.030900827029565262,5,0.0,0.0,5,-0.008333333333333335,0.030724752507817973,5,0.35529715762273906,0.33097386194959955,5,0.0,0.0,5,0.0,0.0,5,-0.0041666666666666675,0.026602751818580486,5,-0.007163813666533692,0.03782287221678959,5,0.0,0.0,5
regime_marginal,ewma,observed,switch_before6_minus_switch_at,-0.08940392213837947,0.04876389523408975,5,-0.06666666666666667,0.03414449935816534,5,-0.13371990856922528,0.07688526741754635,5,-0.07382885912246476,0.04237249316954419,5,-0.0005167958656330759,0.0007435958936189492,5,0.0034722222222222225,0.0038820624609371356,5,-0.09930555555555558,0.02685085406830726,5,0.0,0.0,5,-0.06666666666666667,0.03414449935816534,5,-0.07013888888888889,0.03432059386986546,5,0.0,0.0,5,-0.011805555555555557,0.006307604904369775,5,-0.09689922480620172,0.47908258960566324,5,0.0,0.0,5,0.0,0.0,5,-0.06666666666666667,0.03414449935816534,5,-0.08940392213837947,0.04876389523408975,5,0.0,0.0,5
regime_marginal,ewma,observed,switch_delay12_minus_switch_random,-0.031234089053576185,0.03977564385876255,5,0.09375,0.04412592023312095,5,-0.22302766472668947,0.09706432852676317,5,-0.08152412227374758,0.03850555973058288,5,0.06934754521963823,0.0020857731642071053,5,0.0982638888888889,0.020563941138661165,5,-0.05138888888888889,0.06889539899794773,5,0.0,0.0,5,0.09375,0.04412592023312095,5,0.002777777777777776,0.028779674701530693,5,0.0,0.0,5,0.050694444444444445,0.038555740673586976,5,7.91343669250646,0.7828940338204663,5,0.0,0.0,5,0.0,0.0,5,0.09375,0.04412592023312095,5,-0.031234089053576185,0.03977564385876255,5,0.0,0.0,5
regime_marginal,ewma,observed,switch_random_minus_steady_d12_n2_m1,-0.0041824158439181195,0.026588633173741185,5,-0.006944444444444445,0.020977510370823908,5,0.032491750165745896,0.09100054267553041,5,0.013675628860029241,0.033887640781145936,5,-0.0015503875968992244,0.004142056197449438,5,0.001388888888888888,0.004817512821358196,5,0.011805555555555514,0.02558629642630631,5,0.0,0.0,5,-0.006944444444444445,0.020977510370823908,5,-0.009722222222222219,0.019855525632633046,5,0.0,0.0,5,-0.013194444444444443,0.014189456070626771,5,-0.193798449612403,1.4775146009667541,5,0.0,0.0,5,0.0,0.0,5,-0.006944444444444445,0.020977510370823908,5,-0.0041824158439181195,0.026588633173741185,5,0.0,0.0,5
regime_marginal,point,clean,count1_minus_steady_d12_n2_m1,0.0,0.0,5,,,0,0.0,0.0,5,,,0,0.0,0.0,5,,,0,,,0,,,0,,,0,,,0,0.0,0.0,5,0.0027777777777777775,0.00791788489652179,5,0.0,0.0,5,0.0,0.0,5,0.0,0.0,5,,,0,0.0,0.0,5,,,0
regime_marginal,point,clean,count3_minus_steady_d12_n2_m1,0.0,0.0,5,,,0,0.0,0.0,5,,,0,0.0,0.0,5,,,0,,,0,,,0,,,0,,,0,0.0,0.0,5,-0.0013888888888888887,0.004042650276984486,5,0.0,0.0,5,0.0,0.0,5,0.0,0.0,5,,,0,0.0,0.0,5,,,0
regime_marginal,point,clean,duration24_minus_steady_d12_n2_m1,0.0,0.0,5,,,0,0.0,0.0,5,,,0,0.0,0.0,5,,,0,,,0,,,0,,,0,,,0,0.0,0.0,5,0.0006944444444444444,0.00791788489652179,5,0.0,0.0,5,0.0,0.0,5,0.0,0.0,5,,,0,0.0,0.0,5,,,0
regime_marginal,point,clean,duration4_minus_steady_d12_n2_m1,0.0,0.0,5,,,0,0.0,0.0,5,,,0,0.0,0.0,5,,,0,,,0,,,0,,,0,,,0,0.0,0.0,5,0.0034722222222222225,0.006014065304058602,5,0.0,0.0,5,0.0,0.0,5,0.0,0.0,5,,,0,0.0,0.0,5,,,0
regime_marginal,point,clean,magnitude2_minus_steady_d12_n2_m1,0.0,0.0,5,,,0,0.0,0.0,5,,,0,0.0,0.0,5,,,0,,,0,,,0,,,0,,,0,0.0,0.0,5,0.0,0.0,5,0.0,0.0,5,0.0,0.0,5,0.0,0.0,5,,,0,0.0,0.0,5,,,0
regime_marginal,point,clean,magnitude4_minus_steady_d12_n2_m1,0.0,0.0,5,,,0,0.0,0.0,5,,,0,0.0,0.0,5,,,0,,,0,,,0,,,0,,,0,0.0,0.0,5,0.0,0.0,5,0.0,0.0,5,0.0,0.0,5,0.0,0.0,5,,,0,0.0,0.0,5,,,0
regime_marginal,point,clean,switch_after6_minus_switch_at,0.0,0.0,5,,,0,0.0,0.0,5,,,0,0.0,0.0,5,,,0,,,0,,,0,,,0,,,0,0.0,0.0,5,0.0,0.006495932963149204,5,0.0,0.0,5,0.0,0.0,5,0.0,0.0,5,,,0,0.0,0.0,5,,,0
regime_marginal,point,clean,switch_at_minus_switch_random,0.0,0.0,5,,,0,0.0,0.0,5,,,0,0.0,0.0,5,,,0,,,0,,,0,,,0,,,0,0.0,0.0,5,-0.00625,0.0038036288715636536,5,0.0,0.0,5,0.0,0.0,5,0.0,0.0,5,,,0,0.0,0.0,5,,,0
regime_marginal,point,clean,switch_before6_minus_switch_at,0.0,0.0,5,,,0,0.0,0.0,5,,,0,0.0,0.0,5,,,0,,,0,,,0,,,0,,,0,0.0,0.0,5,0.0076388888888888895,0.005150137838260877,5,0.0,0.0,5,0.0,0.0,5,0.0,0.0,5,,,0,0.0,0.0,5,,,0
regime_marginal,point,clean,switch_delay12_minus_switch_random,0.0,0.0,5,,,0,0.0,0.0,5,,,0,0.06861111111111111,0.0011371687300580626,5,,,0,,,0,,,0,,,0,,,0,0.0,0.0,5,0.058333333333333334,0.04234118383755267,5,12.160493827160494,1.6527482389494175,5,0.0,0.0,5,0.0,0.0,5,,,0,0.0,0.0,5,,,0
regime_marginal,point,clean,switch_random_minus_steady_d12_n2_m1,0.0,0.0,5,,,0,0.0,0.0,5,,,0,0.0002469135802469137,0.0006134137936528332,5,,,0,,,0,,,0,,,0,,,0,0.0,0.0,5,3.4694469519536144e-19,0.0034722222222222216,5,0.09259259259259256,0.5936846932614612,5,0.0,0.0,5,0.0,0.0,5,,,0,0.0,0.0,5,,,0
regime_marginal,point,observed,count1_minus_steady_d12_n2_m1,-0.036438398682113966,0.02687588128106117,5,-0.01597222222222222,0.018471438997597758,5,-0.13553005695713322,0.04600946919067755,5,-0.055880854682965775,0.02135346610957336,5,0.00011818769086210969,0.00022116253459074264,5,0.00034722222222222186,0.003339476399595719,5,-0.015277777777777746,0.038477486603319615,5,0.0,0.0,5,-0.01597222222222222,0.018471438997597758,5,-0.015277777777777779,0.017116329922036443,5,0.0,0.0,5,0.0027777777777777775,0.00791788489652179,5,0.09983556495184462,0.2065963624709214,5,0.0,0.0,5,0.0,0.0,5,-0.01597222222222222,0.018471438997597758,5,-0.036438398682113966,0.02687588128106117,5,0.0,0.0,5
regime_marginal,point,observed,count3_minus_steady_d12_n2_m1,0.0012307990150741827,0.01652613278472506,5,-0.0034722222222222225,0.010254655756174399,5,0.07562589761481761,0.03507248813456746,5,0.03928729365840068,0.01088456801827139,5,-9.074689307247489e-05,0.0002979551892363381,5,0.0019675925925925915,0.005120792084636329,5,-0.025462962962962965,0.028609275681269163,5,0.0,0.0,5,-0.0034722222222222225,0.010254655756174399,5,-0.00509259259259259,0.00913545706512552,5,0.0,0.0,5,-0.0013888888888888887,0.004042650276984486,5,-0.07152085640457688,0.23298593228671885,5,0.0,0.0,5,0.0,0.0,5,-0.0034722222222222225,0.010254655756174399,5,0.0012307990150741827,0.01652613278472506,5,0.0,0.0,5
regime_marginal,point,observed,duration24_minus_steady_d12_n2_m1,0.005945600847834387,0.011573925473249652,5,-0.002777777777777776,0.007221053591349103,5,0.14856100939804348,0.0205025713789018,5,0.08472087527506714,0.012755808873050715,5,-5.041910884225117e-05,0.00024166933152327633,5,-0.0006944444444444444,0.005738365930916115,5,0.005902777777777779,0.019855525632633028,5,0.0,0.0,5,-0.002777777777777776,0.007221053591349103,5,-0.0017361111111111119,0.005625642967367933,5,0.0,0.0,5,0.0006944444444444444,0.00791788489652179,5,-0.07877985756601671,0.25323159955324615,5,0.0,0.0,5,0.0,0.0,5,-0.002777777777777776,0.007221053591349103,5,0.005945600847834387,0.011573925473249652,5,0.0,0.0,5
regime_marginal,point,observed,duration4_minus_steady_d12_n2_m1,-0.041443698832063836,0.02638609726920893,5,-0.011805555555555552,0.018471438997597758,5,-0.1653621861757783,0.04973282557474869,5,-0.07542098461013343,0.021070334999199827,5,0.0001355132016086724,0.00019466060034282852,5,-0.003125,0.004493812189425273,5,0.039583333333333345,0.037845629426218656,5,0.0,0.0,5,-0.011805555555555552,0.018471438997597758,5,-0.009027777777777777,0.018471438997597758,5,0.0,0.0,5,0.0034722222222222225,0.006014065304058602,5,0.15299877600979245,0.19794002428887844,5,0.0,0.0,5,0.0,0.0,5,-0.011805555555555552,0.018471438997597758,5,-0.041443698832063836,0.02638609726920893,5,0.0,0.0,5
regime_marginal,point,observed,magnitude2_minus_steady_d12_n2_m1,0.29745055637218815,0.034867232459016385,5,0.24166666666666664,0.03978687919619782,5,0.3430618142198965,0.011692442498312926,5,0.3190105531896356,0.04115494043535464,5,0.0,0.0,5,0.0,0.0,5,0.2618055555555555,0.016211968791567707,5,0.0,0.0,5,0.24166666666666664,0.03978687919619782,5,0.23680555555555557,0.03774993868035246,5,0.0,0.0,5,0.0,0.0,5,-0.06459948320413389,0.0884564853852006,5,0.0,0.0,5,0.0,0.0,5,0.24166666666666664,0.03978687919619782,5,0.29745055637218815,0.034867232459016385,5,0.0,0.0,5
regime_marginal,point,observed,magnitude4_minus_steady_d12_n2_m1,0.7580205984856173,0.018600014702793963,5,0.8604166666666666,0.009316949906249103,5,0.5657642466196171,0.04091665676852706,5,0.8434135976778858,0.011984159196675993,5,0.0,0.0,5,0.0,0.0,5,0.44861111111111107,0.041623241259697186,5,0.0,0.0,5,0.8604166666666666,0.009316949906249103,5,0.8451388888888889,0.0131303266674924,5,0.0,0.0,5,0.0,0.0,5,-0.09689922480620101,0.08845648538520076,5,0.0,0.0,5,0.0,0.0,5,0.8604166666666666,0.009316949906249103,5,0.7580205984856173,0.018600014702793963,5,0.0,0.0,5
regime_marginal,point,observed,switch_after6_minus_switch_at,0.005479153316876942,0.0201922998401412,5,0.003472222222222221,0.013221828308791506,5,0.01236418334556475,0.0409628860882016,5,0.008014958318990541,0.011500022466767273,5,-9.689922480620103e-05,0.00024492491744352554,5,-0.002430555555555556,0.004181109228747325,5,0.022222222222222233,0.013357905598382878,5,0.0,0.0,5,0.003472222222222221,0.013221828308791506,5,0.00486111111111111,0.015835769793043585,5,0.0,0.0,5,0.0,0.006495932963149204,5,-0.12919896640826867,0.21056855313962008,5,0.0,0.0,5,0.0,0.0,5,0.003472222222222221,0.013221828308791506,5,0.005479153316876942,0.0201922998401412,5,0.0,0.0,5
regime_marginal,point,observed,switch_at_minus_switch_random,-0.035920809047458355,0.018707951819267963,5,-0.024305555555555556,0.012991865926298406,5,-0.06771770443997949,0.031420934861648535,5,-0.020003866859519572,0.012459070997974827,5,0.000129198966408268,0.0004021285399867163,5,-0.0013888888888888887,0.009300760580540884,5,-0.018750000000000034,0.05094828002645743,5,0.0,0.0,5,-0.024305555555555556,0.012991865926298406,5,-0.021527777777777778,0.008645763609714398,5,0.0,0.0,5,-0.00625,0.0038036288715636536,5,0.12919896640826867,0.35012085576031704,5,0.0,0.0,5,0.0,0.0,5,-0.024305555555555556,0.012991865926298406,5,-0.035920809047458355,0.018707951819267963,5,0.0,0.0,5
regime_marginal,point,observed,switch_before6_minus_switch_at,0.001425492996309144,0.025763375265906704,5,0.001388888888888888,0.017636701526667072,5,-0.0027259948866985794,0.04732870353872237,5,-0.0015312778709906938,0.018566544751936587,5,0.0002583979328165377,0.0002449249174435256,5,0.001041666666666666,0.002632942862517899,5,-0.030555555555555548,0.022422061515226303,5,0.0,0.0,5,0.001388888888888888,0.017636701526667072,5,-1.3877787807814458e-18,0.017010345435994292,5,0.0,0.0,5,0.0076388888888888895,0.005150137838260877,5,0.2260981912144704,0.27023902665829325,5,0.0,0.0,5,0.0,0.0,5,0.001388888888888888,0.017636701526667072,5,0.001425492996309144,0.025763375265906704,5,0.0,0.0,5
regime_marginal,point,observed,switch_delay12_minus_switch_random,0.006320702365579236,0.04317194874595758,5,0.10138888888888889,0.042341183837552664,5,-0.16734807177529024,0.060148270290970716,5,-0.03223028237036994,0.02694500315389651,5,0.06634366925064598,0.0011889639741153642,5,0.09201388888888888,0.029231698334171417,5,-0.016666666666666684,0.0509364467247007,5,0.0,0.0,5,0.10138888888888889,0.042341183837552664,5,0.01736111111111111,0.03303176665007022,5,0.0,0.0,5,0.058333333333333334,0.04234118383755267,5,12.27390180878553,1.9779471437202667,5,0.0,0.0,5,0.0,0.0,5,0.10138888888888889,0.042341183837552664,5,0.006320702365579236,0.04317194874595758,5,0.0,0.0,5
regime_marginal,point,observed,switch_random_minus_steady_d12_n2_m1,0.012605487232945939,0.016016822197979508,5,0.009027777777777779,0.010869774890623976,5,0.02012296977444696,0.029841872054055207,5,0.006702459851013309,0.009373293498514379,5,0.0001937984496124036,0.000639909972744152,5,-0.0010416666666666669,0.003600076623841618,5,0.006250000000000022,0.01261520980873956,5,0.0,0.0,5,0.009027777777777779,0.010869774890623976,5,0.008333333333333335,0.0076072577431273046,5,0.0,0.0,5,3.4694469519536144e-19,0.0034722222222222216,5,0.06459948320413496,0.5889723039021468,5,0.0,0.0,5,0.0,0.0,5,0.009027777777777779,0.010869774890623976,5,0.012605487232945939,0.016016822197979508,5,0.0,0.0,5
