sequence_id,time_step,recorded_regime,temperature,relative_humidity,vibration
demo_a,0,warehouse,295.0,50.0,0.4
demo_a,1,warehouse,295.0,50.0,0.4
demo_a,2,warehouse,295.0,50.0,0.4
demo_a,3,warehouse,295.0,50.0,0.4
demo_a,4,warehouse,303.0,50.0,0.4
demo_a,5,warehouse,303.0,50.0,0.4
demo_a,6,warehouse,303.0,50.0,0.4
demo_a,7,warehouse,303.0,50.0,0.4
demo_a,8,warehouse,303.0,50.0,0.4
demo_a,9,warehouse,303.0,50.0,0.4
demo_a,10,warehouse,303.0,50.0,0.4
demo_a,11,warehouse,303.0,50.0,0.4
demo_a,12,warehouse,303.0,50.0,0.4
demo_a,13,warehouse,303.0,50.0,0.4
demo_a,14,warehouse,303.0,50.0,0.4
demo_a,15,warehouse,295.0,50.0,0.4
demo_a,16,warehouse,,50.0,0.4
demo_a,17,warehouse,295.0,50.0,0.4
demo_a,18,unknown,295.0,50.0,0.4
demo_a,19,warehouse,295.0,50.0,0.4
demo_a,20,warehouse,295.0,50.0,0.4
demo_a,21,warehouse,295.0,50.0,0.4
demo_b,0,transit_smooth,301.0,52.0,1.5
demo_b,1,transit_smooth,301.0,52.0,1.5
demo_b,2,transit_smooth,301.0,52.0,1.5
demo_b,3,transit_smooth,301.0,52.0,1.5
