input_row,sequence_id,time_step,recorded_regime,sensor,unit,observed_value,consistency_score,deviation_ratio,available,alarm,status
0,demo_a,0,warehouse,temperature,K,295.0,0.9999142965900794,0.013092523260829393,True,False,ok
0,demo_a,0,warehouse,relative_humidity,percent_RH,50.0,0.9999593014038202,0.009022131055366306,True,False,ok
0,demo_a,0,warehouse,vibration,mm_per_s,0.4,0.9999973173593282,0.0023163092497014218,True,False,ok
1,demo_a,1,warehouse,temperature,K,295.0,0.9997223476047193,0.023566541869492908,True,False,ok
1,demo_a,1,warehouse,relative_humidity,percent_RH,50.0,0.9998681425589326,0.016239835899659355,True,False,ok
1,demo_a,1,warehouse,vibration,mm_per_s,0.4,0.9999913082703381,0.004169356649462559,True,False,ok
2,demo_a,2,warehouse,temperature,K,295.0,0.9994898644760253,0.03194575675642372,True,False,ok
2,demo_a,2,warehouse,relative_humidity,percent_RH,50.0,0.9997577212611861,0.022013999775093794,True,False,ok
2,demo_a,2,warehouse,vibration,mm_per_s,0.4,0.9999840287366154,0.00565179456927147,True,False,ok
3,demo_a,3,warehouse,temperature,K,295.0,0.9992534012703105,0.03864912866596837,True,False,ok
3,demo_a,3,warehouse,relative_humidity,percent_RH,50.0,0.9996453957302008,0.026633330875441345,True,False,ok
3,demo_a,3,warehouse,vibration,mm_per_s,0.4,0.999976622895555,0.006837744905118598,True,False,ok
4,demo_a,4,warehouse,temperature,K,303.0,0.8373448026856686,0.5958512275409765,True,False,ok
4,demo_a,4,warehouse,relative_humidity,percent_RH,50.0,0.9995401878200412,0.030328795755719385,True,False,ok
4,demo_a,4,warehouse,vibration,mm_per_s,0.4,0.9999696856280791,0.0077865051737963,True,False,ok
5,demo_a,5,warehouse,temperature,K,303.0,0.5813055692493933,1.0416129066409832,True,True,ok
5,demo_a,5,warehouse,relative_humidity,percent_RH,50.0,0.9994462022095597,0.033285167659941814,True,False,ok
5,demo_a,5,warehouse,vibration,mm_per_s,0.4,0.9999634877670492,0.008545513388738463,True,False,ok
6,demo_a,6,warehouse,temperature,K,303.0,0.37624576075192084,1.3982222499209882,True,True,ok
6,demo_a,6,warehouse,relative_humidity,percent_RH,50.0,0.9993647311649244,0.03565026518331976,True,False,ok
6,demo_a,6,warehouse,vibration,mm_per_s,0.4,0.9999581147358727,0.009152719960692193,True,False,ok
7,demo_a,7,warehouse,temperature,K,303.0,0.24241539978984902,1.6835097245449921,True,True,ok
7,demo_a,7,warehouse,relative_humidity,percent_RH,50.0,0.9992955344858782,0.03754234320202211,True,False,ok
7,demo_a,7,warehouse,vibration,mm_per_s,0.4,0.9999535508801425,0.009638485218255175,True,False,ok
8,demo_a,8,warehouse,temperature,K,303.0,0.16083531135092757,1.9117397042441957,True,True,ok
8,demo_a,8,warehouse,relative_humidity,percent_RH,50.0,0.9992376049835012,0.039056005616983996,True,False,ok
8,demo_a,8,warehouse,vibration,mm_per_s,0.4,0.9999497299222044,0.010027097424305563,True,False,ok
9,demo_a,9,warehouse,temperature,K,303.0,0.11157080635396152,2.0943236880035583,True,True,ok
9,demo_a,9,warehouse,relative_humidity,percent_RH,50.0,0.9991896154897827,0.04026693554895351,True,False,ok
9,demo_a,9,warehouse,vibration,mm_per_s,0.4,0.999946564438169,0.010337987189145872,True,False,ok
10,demo_a,10,warehouse,temperature,K,303.0,0.08129460397385435,2.2403908750110486,True,True,ok
10,demo_a,10,warehouse,relative_humidity,percent_RH,50.0,0.9991501706779661,0.041235679494529116,True,False,ok
10,demo_a,10,warehouse,vibration,mm_per_s,0.4,0.9999439624722918,0.01058669900101812,True,False,ok
11,demo_a,11,warehouse,temperature,K,303.0,0.06214399354760809,2.357244624617041,True,True,ok
11,demo_a,11,warehouse,relative_humidity,percent_RH,50.0,0.9991179408507629,0.04201067465098961,True,False,ok
11,demo_a,11,warehouse,vibration,mm_per_s,0.4,0.9999418363696073,0.010785668450515918,True,False,ok
12,demo_a,12,warehouse,temperature,K,303.0,0.049636295722822736,2.450727624301835,True,True,ok
12,demo_a,12,warehouse,relative_humidity,percent_RH,50.0,0.9990917256856368,0.042630670776157994,True,False,ok
12,demo_a,12,warehouse,vibration,mm_per_s,0.4,0.9999401069884551,0.010944844010114156,True,False,ok
13,demo_a,13,warehouse,temperature,K,303.0,0.04120850784570303,2.52551402404967,True,True,ok
13,demo_a,13,warehouse,relative_humidity,percent_RH,50.0,0.9990704775414627,0.0431266676762927,True,False,ok
13,demo_a,13,warehouse,vibration,mm_per_s,0.4,0.9999387052442666,0.011072184457792749,True,False,ok
14,demo_a,14,warehouse,temperature,K,303.0,0.03536616928431158,2.585343143847938,True,True,ok
14,demo_a,14,warehouse,relative_humidity,percent_RH,50.0,0.9990533023898539,0.043523465196400477,True,False,ok
14,demo_a,14,warehouse,vibration,mm_per_s,0.4,0.9999375721758348,0.011174056815935621,True,False,ok
15,demo_a,15,warehouse,temperature,K,295.0,0.11463015529083515,2.0813670383391796,True,True,ok
15,demo_a,15,warehouse,relative_humidity,percent_RH,50.0,0.999039449227283,0.04384090321248669,True,False,ok
15,demo_a,15,warehouse,vibration,mm_per_s,0.4,0.9999366582503434,0.011255554702449917,True,False,ok
16,demo_a,16,warehouse,temperature,K,,,,False,,missing_sensor
16,demo_a,16,warehouse,relative_humidity,percent_RH,50.0,0.9990282943538656,0.04409485362535566,True,False,ok
16,demo_a,16,warehouse,vibration,mm_per_s,0.4,0.9999359223286861,0.011320753011661357,True,False,ok
17,demo_a,17,warehouse,temperature,K,295.0,0.9999142965900794,0.013092523260829393,True,False,ok
17,demo_a,17,warehouse,relative_humidity,percent_RH,50.0,0.9990193241569586,0.04429801395565084,True,False,ok
17,demo_a,17,warehouse,vibration,mm_per_s,0.4,0.9999353305313582,0.011372911659030508,True,False,ok
18,demo_a,18,unknown,temperature,K,295.0,,,False,,unknown_regime
18,demo_a,18,unknown,relative_humidity,percent_RH,50.0,,,False,,unknown_regime
18,demo_a,18,unknown,vibration,mm_per_s,0.4,,,False,,unknown_regime
19,demo_a,19,warehouse,temperature,K,295.0,0.9999142965900794,0.013092523260829393,True,False,ok
19,demo_a,19,warehouse,relative_humidity,percent_RH,50.0,0.9999593014038202,0.009022131055366306,True,False,ok
19,demo_a,19,warehouse,vibration,mm_per_s,0.4,0.9999973173593282,0.0023163092497014218,True,False,ok
20,demo_a,20,warehouse,temperature,K,295.0,0.9997223476047193,0.023566541869492908,True,False,ok
20,demo_a,20,warehouse,relative_humidity,percent_RH,50.0,0.9998681425589326,0.016239835899659355,True,False,ok
20,demo_a,20,warehouse,vibration,mm_per_s,0.4,0.9999913082703381,0.004169356649462559,True,False,ok
21,demo_a,21,warehouse,temperature,K,295.0,0.9994898644760253,0.03194575675642372,True,False,ok
21,demo_a,21,warehouse,relative_humidity,percent_RH,50.0,0.9997577212611861,0.022013999775093794,True,False,ok
21,demo_a,21,warehouse,vibration,mm_per_s,0.4,0.9999840287366154,0.00565179456927147,True,False,ok
22,demo_b,0,transit_smooth,temperature,K,301.0,0.9999999498978726,0.00031655056043806295,True,False,ok
22,demo_b,0,transit_smooth,relative_humidity,percent_RH,52.0,0.999997862946624,0.002067392396030073,True,False,ok
22,demo_b,0,transit_smooth,vibration,mm_per_s,1.5,0.9999986039873012,0.0016709360688768084,True,False,ok
23,demo_b,1,transit_smooth,temperature,K,301.0,0.9999998376691163,0.0005697910087885134,True,False,ok
23,demo_b,1,transit_smooth,relative_humidity,percent_RH,52.0,0.9999930759636342,0.003721306312854131,True,False,ok
23,demo_b,1,transit_smooth,vibration,mm_per_s,1.5,0.9999954769259282,0.003007684923978255,True,False,ok
24,demo_b,2,transit_smooth,temperature,K,301.0,0.9999997017120114,0.0007723833674688737,True,False,ok
24,demo_b,2,transit_smooth,relative_humidity,percent_RH,52.0,0.9999872769063644,0.0050444374463133775,True,False,ok
24,demo_b,2,transit_smooth,vibration,mm_per_s,1.5,0.9999916887275344,0.004077084008059412,True,False,ok
25,demo_b,3,transit_smooth,temperature,K,301.0,0.9999995633949151,0.0009344572544131618,True,False,ok
25,demo_b,3,transit_smooth,relative_humidity,percent_RH,52.0,0.9999813772207236,0.006102942353080775,True,False,ok
25,demo_b,3,transit_smooth,vibration,mm_per_s,1.5,0.9999878347864609,0.004932603275324339,True,False,ok
