seed,method,view,f1,recall,precision,average_precision,clean_channel_fpr,bystander_fpr,top1_localization,top1_random_baseline,all_faults_row_recall,exact_fault_set_rate,score_coverage,scenario,compare_to
42,single_marginal,clean,0.0,,0.0,,0.0,,,,,,0.0,steady_m05,steady_m2_r10_k1
42,single_marginal,observed,-0.00817732968042717,-0.06018518518518523,-0.004386263567228196,-0.0032046380947800546,0.0,0.0,-0.125,0.0,-0.06018518518518523,-0.09259259259259259,0.0,steady_m05,steady_m2_r10_k1
42,pooled_marginal,clean,0.0,,0.0,,0.0,,,,,,0.0,steady_m05,steady_m2_r10_k1
42,pooled_marginal,observed,-0.08013033372073716,-0.06018518518518518,-0.11847434743474348,-0.07148617504194991,0.0,0.0,-0.22222222222222224,0.0,-0.06018518518518518,-0.05555555555555556,0.0,steady_m05,steady_m2_r10_k1
42,regime_marginal,clean,0.0,,0.0,,0.0,,,,,,0.0,steady_m05,steady_m2_r10_k1
42,regime_marginal,observed,-0.36805335026992697,-0.28240740740740744,-0.5190605854322669,-0.34638272265970843,0.0,0.0,-0.4305555555555556,0.0,-0.28240740740740744,-0.28240740740740744,0.0,steady_m05,steady_m2_r10_k1
42,pooled_conditional,clean,0.0,,0.0,,0.0,,,,,,0.0,steady_m05,steady_m2_r10_k1
42,pooled_conditional,observed,-0.2546462063086104,-0.20833333333333334,-0.3084163898117387,-0.18192943101799103,-0.004469987228607919,-0.06481481481481483,-0.28703703703703703,0.0,-0.20833333333333334,-0.07870370370370369,0.0,steady_m05,steady_m2_r10_k1
42,regime_conditional,clean,0.0,,0.0,,0.0,,,,,,0.0,steady_m05,steady_m2_r10_k1
42,regime_conditional,observed,-0.4150989324338422,-0.375,-0.45753228120516504,-0.3770624325481934,-0.0011174968071519797,-0.016203703703703703,-0.4027777777777778,0.0,-0.375,-0.33796296296296297,0.0,steady_m05,steady_m2_r10_k1
43,single_marginal,clean,0.0,,0.0,,0.0,,,,,,0.0,steady_m05,steady_m2_r10_k1
43,single_marginal,observed,-0.011694449811636587,-0.08796296296296297,-0.006263213683060764,-0.004634009857670946,0.0,0.0,-0.09722222222222224,0.0,-0.08796296296296297,-0.037037037037037035,0.0,steady_m05,steady_m2_r10_k1
43,pooled_marginal,clean,0.0,,0.0,,0.0,,,,,,0.0,steady_m05,steady_m2_r10_k1
43,pooled_marginal,observed,-0.12074149077030923,-0.1064814814814815,-0.13794983642311887,-0.09534364357318452,0.0,0.0,-0.12037037037037035,0.0,-0.1064814814814815,-0.09722222222222221,0.0,steady_m05,steady_m2_r10_k1
43,regime_marginal,clean,0.0,,0.0,,0.0,,,,,,0.0,steady_m05,steady_m2_r10_k1
43,regime_marginal,observed,-0.273315649867374,-0.24074074074074076,-0.3140919710524816,-0.21949026686926237,0.0,0.0,-0.39351851851851855,0.0,-0.24074074074074076,-0.2361111111111111,0.0,steady_m05,steady_m2_r10_k1
43,pooled_conditional,clean,0.0,,0.0,,0.0,,,,,,0.0,steady_m05,steady_m2_r10_k1
43,pooled_conditional,observed,-0.2699947451392538,-0.22222222222222224,-0.3229465449804433,-0.2341963986980015,-0.0036717752234993618,-0.05324074074074074,-0.20833333333333337,0.0,-0.22222222222222224,-0.125,0.0,steady_m05,steady_m2_r10_k1
43,regime_conditional,clean,0.0,,0.0,,0.0,,,,,,0.0,steady_m05,steady_m2_r10_k1
43,regime_conditional,observed,-0.3672810729398264,-0.3333333333333333,-0.39093214965123657,-0.3753881912254608,-0.0028735632183908046,-0.04166666666666667,-0.462962962962963,0.0,-0.3333333333333333,-0.2546296296296296,0.0,steady_m05,steady_m2_r10_k1
44,single_marginal,clean,0.0,,0.0,,0.0,,,,,,0.0,steady_m05,steady_m2_r10_k1
44,single_marginal,observed,-0.021060612789353804,-0.1527777777777778,-0.011308982387411667,-0.005574128548305607,0.0,0.0,-0.1018518518518518,0.0,-0.1527777777777778,-0.04166666666666667,0.0,steady_m05,steady_m2_r10_k1
44,pooled_marginal,clean,0.0,,0.0,,0.0,,,,,,0.0,steady_m05,steady_m2_r10_k1
44,pooled_marginal,observed,-0.1744381080174438,-0.12037037037037038,-0.3151515151515151,-0.0984699680769466,0.0,0.0,-0.26388888888888895,0.0,-0.12037037037037038,-0.12037037037037038,0.0,steady_m05,steady_m2_r10_k1
44,regime_marginal,clean,0.0,,0.0,,0.0,,,,,,0.0,steady_m05,steady_m2_r10_k1
44,regime_marginal,observed,-0.27137745974955274,-0.18981481481481483,-0.47139037433155084,-0.22535553593399094,0.0,0.0,-0.3425925925925926,0.0,-0.18981481481481483,-0.18981481481481483,0.0,steady_m05,steady_m2_r10_k1
44,pooled_conditional,clean,0.0,,0.0,,0.0,,,,,,0.0,steady_m05,steady_m2_r10_k1
44,pooled_conditional,observed,-0.23545454545454544,-0.17592592592592593,-0.35071707953063885,-0.1790347405373352,-0.0011174968071519797,-0.016203703703703703,-0.26851851851851855,0.0,-0.17592592592592593,-0.1527777777777778,0.0,steady_m05,steady_m2_r10_k1
44,regime_conditional,clean,0.0,,0.0,,0.0,,,,,,0.0,steady_m05,steady_m2_r10_k1
44,regime_conditional,observed,-0.4106555959176613,-0.3564814814814815,-0.46880570409982175,-0.37265753488729325,-0.0015964240102171127,-0.023148148148148147,-0.3888888888888889,0.0,-0.3564814814814815,-0.3101851851851852,0.0,steady_m05,steady_m2_r10_k1
45,single_marginal,clean,0.0,,0.0,,0.0,,,,,,0.0,steady_m05,steady_m2_r10_k1
45,single_marginal,observed,-0.029650780564450675,-0.21296296296296297,-0.015932990441944718,-0.015685048847305712,0.0,0.0,-0.1388888888888889,0.0,-0.21296296296296297,-0.1111111111111111,0.0,steady_m05,steady_m2_r10_k1
45,pooled_marginal,clean,0.0,,0.0,,0.0,,,,,,0.0,steady_m05,steady_m2_r10_k1
45,pooled_marginal,observed,-0.18892315647565053,-0.15277777777777776,-0.24599524187153055,-0.1071401739503747,0.0,0.0,-0.21759259259259262,0.0,-0.15277777777777776,-0.14814814814814814,0.0,steady_m05,steady_m2_r10_k1
45,regime_marginal,clean,0.0,,0.0,,0.0,,,,,,0.0,steady_m05,steady_m2_r10_k1
45,regime_marginal,observed,-0.3378503167615161,-0.2638888888888889,-0.4635402548116021,-0.3050688508394954,0.0,0.0,-0.4212962962962963,0.0,-0.2638888888888889,-0.2592592592592593,0.0,steady_m05,steady_m2_r10_k1
45,pooled_conditional,clean,0.0,,0.0,,0.0,,,,,,0.0,steady_m05,steady_m2_r10_k1
45,pooled_conditional,observed,-0.24573671942092992,-0.19907407407407407,-0.30952380952380953,-0.20784728699080357,-0.0020753512132822474,-0.03009259259259259,-0.20833333333333326,0.0,-0.19907407407407407,-0.14351851851851852,0.0,steady_m05,steady_m2_r10_k1
45,regime_conditional,clean,0.0,,0.0,,0.0,,,,,,0.0,steady_m05,steady_m2_r10_k1
45,regime_conditional,observed,-0.43455988455988454,-0.3935185185185185,-0.4710716633793557,-0.43749410476153505,-0.001915708812260537,-0.027777777777777776,-0.44907407407407407,0.0,-0.3935185185185185,-0.33796296296296297,0.0,steady_m05,steady_m2_r10_k1
46,single_marginal,clean,0.0,,0.0,,0.0,,,,,,0.0,steady_m05,steady_m2_r10_k1
46,single_marginal,observed,-0.018510958473052147,-0.1388888888888889,-0.009915199172584745,-0.013642655602735684,0.0,0.0,-0.09722222222222221,0.0,-0.1388888888888889,-0.06018518518518518,0.0,steady_m05,steady_m2_r10_k1
46,pooled_marginal,clean,0.0,,0.0,,0.0,,,,,,0.0,steady_m05,steady_m2_r10_k1
46,pooled_marginal,observed,-0.10684989879620752,-0.07870370370370369,-0.16543483616654348,-0.06679426963812293,0.0,0.0,-0.19907407407407407,0.0,-0.07870370370370369,-0.08333333333333333,0.0,steady_m05,steady_m2_r10_k1
46,regime_marginal,clean,0.0,,0.0,,0.0,,,,,,0.0,steady_m05,steady_m2_r10_k1
46,regime_marginal,observed,-0.2820623104494072,-0.21296296296296297,-0.41531964467744287,-0.2686673570251979,0.0,0.0,-0.3611111111111111,0.0,-0.21296296296296297,-0.20833333333333334,0.0,steady_m05,steady_m2_r10_k1
46,pooled_conditional,clean,0.0,,0.0,,0.0,,,,,,0.0,steady_m05,steady_m2_r10_k1
46,pooled_conditional,observed,-0.2525280898876405,-0.1898148148148148,-0.36425339366515835,-0.20712868728102946,-0.001915708812260536,-0.027777777777777776,-0.2731481481481482,0.0,-0.1898148148148148,-0.13425925925925927,0.0,steady_m05,steady_m2_r10_k1
46,regime_conditional,clean,0.0,,0.0,,0.0,,,,,,0.0,steady_m05,steady_m2_r10_k1
46,regime_conditional,observed,-0.3951486697965571,-0.34722222222222227,-0.43300653594771243,-0.38168909451187083,-0.0015964240102171144,-0.023148148148148147,-0.39814814814814814,0.0,-0.34722222222222227,-0.3148148148148148,0.0,steady_m05,steady_m2_r10_k1
42,single_marginal,clean,0.0,,0.0,,0.0,,,,,,0.0,steady_m1,steady_m2_r10_k1
42,single_marginal,observed,-0.008809227302377987,-0.06481481481481483,-0.00472532588454376,-0.002536073804161945,0.0,0.0,-0.07870370370370372,0.0,-0.06481481481481483,-0.08333333333333334,0.0,steady_m1,steady_m2_r10_k1
42,pooled_marginal,clean,0.0,,0.0,,0.0,,,,,,0.0,steady_m1,steady_m2_r10_k1
42,pooled_marginal,observed,-0.06735943588791983,-0.05092592592592592,-0.09801980198019802,-0.056466206496106036,0.0,0.0,-0.17592592592592593,0.0,-0.05092592592592592,-0.0462962962962963,0.0,steady_m1,steady_m2_r10_k1
42,regime_marginal,clean,0.0,,0.0,,0.0,,,,,,0.0,steady_m1,steady_m2_r10_k1
42,regime_marginal,observed,-0.30355634073277515,-0.24074074074074076,-0.3771942550413463,-0.30763183251508597,0.0,0.0,-0.2592592592592593,0.0,-0.24074074074074076,-0.24074074074074076,0.0,steady_m1,steady_m2_r10_k1
42,pooled_conditional,clean,0.0,,0.0,,0.0,,,,,,0.0,steady_m1,steady_m2_r10_k1
42,pooled_conditional,observed,-0.18649699540473666,-0.16203703703703703,-0.1826618626487608,-0.14956447244252297,-0.0036717752234993618,-0.05324074074074074,-0.22685185185185186,0.0,-0.16203703703703703,-0.05092592592592592,0.0,steady_m1,steady_m2_r10_k1
42,regime_conditional,clean,0.0,,0.0,,0.0,,,,,,0.0,steady_m1,steady_m2_r10_k1
42,regime_conditional,observed,-0.3387701381137231,-0.3194444444444444,-0.3362229102167183,-0.33091787227978464,-0.0009578544061302676,-0.013888888888888888,-0.27314814814814814,0.0,-0.3194444444444444,-0.28703703703703703,0.0,steady_m1,steady_m2_r10_k1
43,single_marginal,clean,0.0,,0.0,,0.0,,,,,,0.0,steady_m1,steady_m2_r10_k1
43,single_marginal,observed,-0.012313855089880324,-0.09259259259259256,-0.006595103562509721,-0.004130961063359504,0.0,0.0,-0.08796296296296299,0.0,-0.09259259259259256,-0.032407407407407406,0.0,steady_m1,steady_m2_r10_k1
43,pooled_marginal,clean,0.0,,0.0,,0.0,,,,,,0.0,steady_m1,steady_m2_r10_k1
43,pooled_marginal,observed,-0.09860629860629862,-0.08796296296296298,-0.11058201058201057,-0.0852599415306316,0.0,0.0,-0.10648148148148145,0.0,-0.08796296296296298,-0.08333333333333333,0.0,steady_m1,steady_m2_r10_k1
43,regime_marginal,clean,0.0,,0.0,,0.0,,,,,,0.0,steady_m1,steady_m2_r10_k1
43,regime_marginal,observed,-0.2257111222628464,-0.20370370370370372,-0.2475978128152041,-0.19916707884949544,0.0,0.0,-0.28240740740740744,0.0,-0.20370370370370372,-0.19907407407407407,0.0,steady_m1,steady_m2_r10_k1
43,pooled_conditional,clean,0.0,,0.0,,0.0,,,,,,0.0,steady_m1,steady_m2_r10_k1
43,pooled_conditional,observed,-0.19031742587149086,-0.16666666666666669,-0.18691308691308692,-0.19327411650994,-0.002713920817369094,-0.03935185185185185,-0.18055555555555558,0.0,-0.16666666666666669,-0.07407407407407407,0.0,steady_m1,steady_m2_r10_k1
43,regime_conditional,clean,0.0,,0.0,,0.0,,,,,,0.0,steady_m1,steady_m2_r10_k1
43,regime_conditional,observed,-0.3162717001928906,-0.2962962962962963,-0.31078860898138005,-0.32892297326592934,-0.0022349936143039595,-0.03240740740740741,-0.3240740740740741,0.0,-0.2962962962962963,-0.2222222222222222,0.0,steady_m1,steady_m2_r10_k1
44,single_marginal,clean,0.0,,0.0,,0.0,,,,,,0.0,steady_m1,steady_m2_r10_k1
44,single_marginal,observed,-0.017840093820103528,-0.12962962962962965,-0.009578432437654667,-0.004525592284197012,0.0,0.0,-0.08796296296296291,0.0,-0.12962962962962965,-0.03703703703703704,0.0,steady_m1,steady_m2_r10_k1
44,pooled_marginal,clean,0.0,,0.0,,0.0,,,,,,0.0,steady_m1,steady_m2_r10_k1
44,pooled_marginal,observed,-0.14545454545454545,-0.10185185185185186,-0.2485875706214689,-0.09063946489084014,0.0,0.0,-0.17129629629629634,0.0,-0.10185185185185186,-0.10185185185185186,0.0,steady_m1,steady_m2_r10_k1
44,regime_marginal,clean,0.0,,0.0,,0.0,,,,,,0.0,steady_m1,steady_m2_r10_k1
44,regime_marginal,observed,-0.2486515164912901,-0.17592592592592593,-0.40901126408010013,-0.20935636091805393,0.0,0.0,-0.22222222222222227,0.0,-0.17592592592592593,-0.17592592592592593,0.0,steady_m1,steady_m2_r10_k1
44,pooled_conditional,clean,0.0,,0.0,,0.0,,,,,,0.0,steady_m1,steady_m2_r10_k1
44,pooled_conditional,observed,-0.22132616487455198,-0.16666666666666666,-0.32112332112332115,-0.16357815526636496,-0.0007982120051085572,-0.011574074074074073,-0.18981481481481483,0.0,-0.16666666666666666,-0.14351851851851852,0.0,steady_m1,steady_m2_r10_k1
44,regime_conditional,clean,0.0,,0.0,,0.0,,,,,,0.0,steady_m1,steady_m2_r10_k1
44,regime_conditional,observed,-0.34313397928499834,-0.3101851851851852,-0.34520123839009287,-0.3347139628502259,-0.0015964240102171127,-0.023148148148148147,-0.2777777777777778,0.0,-0.3101851851851852,-0.27314814814814814,0.0,steady_m1,steady_m2_r10_k1
45,single_marginal,clean,0.0,,0.0,,0.0,,,,,,0.0,steady_m1,steady_m2_r10_k1
45,single_marginal,observed,-0.020529823783084794,-0.14814814814814814,-0.011027739397350467,-0.013015514655950466,0.0,0.0,-0.09259259259259256,0.0,-0.14814814814814814,-0.09259259259259259,0.0,steady_m1,steady_m2_r10_k1
45,pooled_marginal,clean,0.0,,0.0,,0.0,,,,,,0.0,steady_m1,steady_m2_r10_k1
45,pooled_marginal,observed,-0.15777802014032793,-0.12962962962962962,-0.19849170437405733,-0.09755817713432594,0.0,0.0,-0.18518518518518523,0.0,-0.12962962962962962,-0.125,0.0,steady_m1,steady_m2_r10_k1
45,regime_marginal,clean,0.0,,0.0,,0.0,,,,,,0.0,steady_m1,steady_m2_r10_k1
45,regime_marginal,observed,-0.28908091123330715,-0.23148148148148148,-0.36536353671903543,-0.27833929807321217,0.0,0.0,-0.32407407407407407,0.0,-0.23148148148148148,-0.2268518518518519,0.0,steady_m1,steady_m2_r10_k1
45,pooled_conditional,clean,0.0,,0.0,,0.0,,,,,,0.0,steady_m1,steady_m2_r10_k1
45,pooled_conditional,observed,-0.20612548319952423,-0.17129629629629628,-0.24171187462326701,-0.18560853850059839,-0.0015964240102171127,-0.023148148148148147,-0.17592592592592587,0.0,-0.17129629629629628,-0.12037037037037038,0.0,steady_m1,steady_m2_r10_k1
45,regime_conditional,clean,0.0,,0.0,,0.0,,,,,,0.0,steady_m1,steady_m2_r10_k1
45,regime_conditional,observed,-0.34469060351413294,-0.3287037037037037,-0.32662721893491126,-0.3860319606491162,-0.0012771392081736919,-0.018518518518518517,-0.3472222222222222,0.0,-0.3287037037037037,-0.28703703703703703,0.0,steady_m1,steady_m2_r10_k1
46,single_marginal,clean,0.0,,0.0,,0.0,,,,,,0.0,steady_m1,steady_m2_r10_k1
46,single_marginal,observed,-0.01230104758331152,-0.09259259259259256,-0.0065873470775462475,-0.011506423634929902,0.0,0.0,-0.08796296296296297,0.0,-0.09259259259259256,-0.05092592592592592,0.0,steady_m1,steady_m2_r10_k1
46,pooled_marginal,clean,0.0,,0.0,,0.0,,,,,,0.0,steady_m1,steady_m2_r10_k1
46,pooled_marginal,observed,-0.09365079365079365,-0.06944444444444445,-0.1424963924963925,-0.061481083024240185,0.0,0.0,-0.15740740740740738,0.0,-0.06944444444444445,-0.06944444444444445,0.0,steady_m1,steady_m2_r10_k1
46,regime_marginal,clean,0.0,,0.0,,0.0,,,,,,0.0,steady_m1,steady_m2_r10_k1
46,regime_marginal,observed,-0.2131062017567208,-0.16666666666666666,-0.28050772904360943,-0.2451301310075483,0.0,0.0,-0.21759259259259256,0.0,-0.16666666666666666,-0.16203703703703703,0.0,steady_m1,steady_m2_r10_k1
46,pooled_conditional,clean,0.0,,0.0,,0.0,,,,,,0.0,steady_m1,steady_m2_r10_k1
46,pooled_conditional,observed,-0.2163919413919414,-0.16666666666666666,-0.2827260458839406,-0.17770165918425682,-0.0017560664112388248,-0.02546296296296296,-0.19444444444444448,0.0,-0.16666666666666666,-0.11111111111111113,0.0,steady_m1,steady_m2_r10_k1
46,regime_conditional,clean,0.0,,0.0,,0.0,,,,,,0.0,steady_m1,steady_m2_r10_k1
46,regime_conditional,observed,-0.3685823754789272,-0.3287037037037037,-0.38729906376965195,-0.3379527676674973,-0.0012771392081736919,-0.018518518518518517,-0.2685185185185185,0.0,-0.3287037037037037,-0.2916666666666667,0.0,steady_m1,steady_m2_r10_k1
42,single_marginal,clean,0.0,,0.0,,0.0,,,,,,0.0,steady_m4,steady_m2_r10_k1
42,single_marginal,observed,0.0446663865788509,0.3379629629629629,0.02390933533438712,0.011869923507248178,0.0,0.0,0.060185185185185175,0.0,0.3379629629629629,0.20833333333333331,0.0,steady_m4,steady_m2_r10_k1
42,pooled_marginal,clean,0.0,,0.0,,0.0,,,,,,0.0,steady_m4,steady_m2_r10_k1
42,pooled_marginal,observed,0.3468247467825777,0.33333333333333337,0.3337721055342528,0.34083518981501365,0.0,0.0,0.2731481481481482,0.0,0.33333333333333337,0.3333333333333333,0.0,steady_m4,steady_m2_r10_k1
42,regime_marginal,clean,0.0,,0.0,,0.0,,,,,,0.0,steady_m4,steady_m2_r10_k1
42,regime_marginal,observed,0.4875095993133668,0.6574074074074074,0.24639944473364572,0.5787972350172449,0.0,0.0,0.16666666666666663,0.0,0.6574074074074074,0.6574074074074074,0.0,steady_m4,steady_m2_r10_k1
42,pooled_conditional,clean,0.0,,0.0,,0.0,,,,,,0.0,steady_m4,steady_m2_r10_k1
42,pooled_conditional,observed,0.2662775994553059,0.34259259259259256,0.15262257122722234,0.26931501983698375,0.004469987228607917,0.06481481481481481,0.17592592592592593,0.0,0.34259259259259256,0.212962962962963,0.0,steady_m4,steady_m2_r10_k1
42,regime_conditional,clean,0.0,,0.0,,0.0,,,,,,0.0,steady_m4,steady_m2_r10_k1
42,regime_conditional,observed,0.32190969652109547,0.5925925925925926,0.1221614227086183,0.5289878552835374,0.0073435504469987235,0.10648148148148148,0.17592592592592593,0.0,0.5925925925925926,0.375,0.0,steady_m4,steady_m2_r10_k1
43,single_marginal,clean,0.0,,0.0,,0.0,,,,,,0.0,steady_m4,steady_m2_r10_k1
43,single_marginal,observed,0.057007191965398205,0.4444444444444444,0.03045251229230718,0.01525746641517101,0.0,0.0,0.1111111111111111,0.0,0.4444444444444444,0.22222222222222227,0.0,steady_m4,steady_m2_r10_k1
43,pooled_marginal,clean,0.0,,0.0,,0.0,,,,,,0.0,steady_m4,steady_m2_r10_k1
43,pooled_marginal,observed,0.3205080358755192,0.3657407407407407,0.2664009809932557,0.374182505821016,0.0,0.0,0.21759259259259267,0.0,0.3657407407407407,0.36111111111111116,0.0,steady_m4,steady_m2_r10_k1
43,regime_marginal,clean,0.0,,0.0,,0.0,,,,,,0.0,steady_m4,steady_m2_r10_k1
43,regime_marginal,observed,0.4673750274707022,0.6574074074074074,0.30855010966935204,0.6618380726681165,0.0,0.0,0.2407407407407407,0.0,0.6574074074074074,0.6435185185185185,0.0,steady_m4,steady_m2_r10_k1
43,pooled_conditional,clean,0.0,,0.0,,0.0,,,,,,0.0,steady_m4,steady_m2_r10_k1
43,pooled_conditional,observed,0.2870026143477322,0.41666666666666674,0.12990167727009838,0.32428103412820636,0.007343550446998722,0.10648148148148148,0.17129629629629628,0.0,0.41666666666666674,0.2222222222222222,0.0,steady_m4,steady_m2_r10_k1
43,regime_conditional,clean,0.0,,0.0,,0.0,,,,,,0.0,steady_m4,steady_m2_r10_k1
43,regime_conditional,observed,0.3381019098886513,0.6203703703703705,0.13239320920043812,0.5401068681065275,0.008301404853128991,0.12037037037037038,0.19907407407407407,0.0,0.6203703703703705,0.38425925925925924,0.0,steady_m4,steady_m2_r10_k1
44,single_marginal,clean,0.0,,0.0,,0.0,,,,,,0.0,steady_m4,steady_m2_r10_k1
44,single_marginal,observed,0.046213456178788234,0.3472222222222222,0.02474964480180098,0.01301887014772099,0.0,0.0,0.11111111111111116,0.0,0.3472222222222222,0.24074074074074073,0.0,steady_m4,steady_m2_r10_k1
44,pooled_marginal,clean,0.0,,0.0,,0.0,,,,,,0.0,steady_m4,steady_m2_r10_k1
44,pooled_marginal,observed,0.34277198211624443,0.3194444444444444,0.3066666666666667,0.3599721045921736,0.0,0.0,0.19907407407407407,0.0,0.3194444444444444,0.3148148148148148,0.0,steady_m4,steady_m2_r10_k1
44,regime_marginal,clean,0.0,,0.0,,0.0,,,,,,0.0,steady_m4,steady_m2_r10_k1
44,regime_marginal,observed,0.5594952549796641,0.6712962962962963,0.318925831202046,0.6636872421037296,0.0,0.0,0.29166666666666663,0.0,0.6712962962962963,0.6666666666666667,0.0,steady_m4,steady_m2_r10_k1
44,pooled_conditional,clean,0.0,,0.0,,0.0,,,,,,0.0,steady_m4,steady_m2_r10_k1
44,pooled_conditional,observed,0.3382352941176471,0.4398148148148148,0.17094017094017094,0.3843025248173789,0.007024265644955299,0.10185185185185185,0.16666666666666663,0.0,0.4398148148148148,0.24074074074074076,0.0,steady_m4,steady_m2_r10_k1
44,regime_conditional,clean,0.0,,0.0,,0.0,,,,,,0.0,steady_m4,steady_m2_r10_k1
44,regime_conditional,observed,0.31909835343840803,0.5972222222222222,0.09189001044204659,0.534486008978313,0.008939974457215838,0.12962962962962962,0.2129629629629629,0.0,0.5972222222222222,0.34259259259259256,0.0,steady_m4,steady_m2_r10_k1
45,single_marginal,clean,0.0,,0.0,,0.0,,,,,,0.0,steady_m4,steady_m2_r10_k1
45,single_marginal,observed,0.043424154215416705,0.32407407407407407,0.02326554160718905,0.05888835094148297,0.0,0.0,0.05092592592592593,0.0,0.32407407407407407,0.19444444444444448,0.0,steady_m4,steady_m2_r10_k1
45,pooled_marginal,clean,0.0,,0.0,,0.0,,,,,,0.0,steady_m4,steady_m2_r10_k1
45,pooled_marginal,observed,0.3466860692294218,0.3842592592592593,0.2817623690863127,0.4147033269958564,0.0,0.0,0.21759259259259256,0.0,0.3842592592592593,0.3842592592592592,0.0,steady_m4,steady_m2_r10_k1
45,regime_marginal,clean,0.0,,0.0,,0.0,,,,,,0.0,steady_m4,steady_m2_r10_k1
45,regime_marginal,observed,0.4905284896273351,0.6574074074074074,0.2743166232010045,0.6142745883179145,0.0,0.0,0.17129629629629628,0.0,0.6574074074074074,0.6481481481481481,0.0,steady_m4,steady_m2_r10_k1
45,pooled_conditional,clean,0.0,,0.0,,0.0,,,,,,0.0,steady_m4,steady_m2_r10_k1
45,pooled_conditional,observed,0.3323250655374067,0.5185185185185185,0.14192343604108315,0.4208112599308781,0.010855683269476375,0.1574074074074074,0.25462962962962965,0.0,0.5185185185185185,0.22685185185185186,0.0,steady_m4,steady_m2_r10_k1
45,regime_conditional,clean,0.0,,0.0,,0.0,,,,,,0.0,steady_m4,steady_m2_r10_k1
45,regime_conditional,observed,0.270880926302613,0.5740740740740742,0.056934424900705216,0.4908805938405304,0.011494252873563216,0.16666666666666666,0.1527777777777778,0.0,0.5740740740740742,0.25,0.0,steady_m4,steady_m2_r10_k1
46,single_marginal,clean,0.0,,0.0,,0.0,,,,,,0.0,steady_m4,steady_m2_r10_k1
46,single_marginal,observed,0.030077161372122713,0.2314814814814815,0.01608035499155306,0.051084155750349816,0.0,0.0,0.09259259259259262,0.0,0.2314814814814815,0.23148148148148145,0.0,steady_m4,steady_m2_r10_k1
46,pooled_marginal,clean,0.0,,0.0,,0.0,,,,,,0.0,steady_m4,steady_m2_r10_k1
46,pooled_marginal,observed,0.3601953601953602,0.3472222222222222,0.34395680947405094,0.3857281082261108,0.0,0.0,0.25000000000000006,0.0,0.3472222222222222,0.337962962962963,0.0,steady_m4,steady_m2_r10_k1
46,regime_marginal,clean,0.0,,0.0,,0.0,,,,,,0.0,steady_m4,steady_m2_r10_k1
46,regime_marginal,observed,0.5252681646711497,0.6666666666666667,0.3237480509119918,0.6249576059102531,0.0,0.0,0.21759259259259256,0.0,0.6666666666666667,0.6527777777777777,0.0,steady_m4,steady_m2_r10_k1
46,pooled_conditional,clean,0.0,,0.0,,0.0,,,,,,0.0,steady_m4,steady_m2_r10_k1
46,pooled_conditional,observed,0.33080912863070533,0.4722222222222222,0.12579525737420477,0.35565301914454084,0.009578544061302681,0.1388888888888889,0.28240740740740733,0.0,0.4722222222222222,0.19907407407407404,0.0,steady_m4,steady_m2_r10_k1
46,regime_conditional,clean,0.0,,0.0,,0.0,,,,,,0.0,steady_m4,steady_m2_r10_k1
46,regime_conditional,observed,0.3298674821610602,0.5972222222222222,0.10538967359993645,0.5239818369854842,0.007503192848020434,0.10879629629629631,0.21759259259259256,0.0,0.5972222222222222,0.3518518518518518,0.0,steady_m4,steady_m2_r10_k1
42,single_marginal,clean,0.0,,0.0,,0.0,,,,,,0.0,steady_r02,steady_m2_r10_k1
42,single_marginal,observed,-0.052903662168014176,0.03703703703703698,-0.02897092765548632,-0.02689262553160809,0.0009501105583195057,0.02430555555555558,-0.07407407407407407,0.0,0.03703703703703698,0.020833333333333343,0.0,steady_r02,steady_m2_r10_k1
42,pooled_marginal,clean,0.0,,0.0,,0.0,,,,,,0.0,steady_r02,steady_m2_r10_k1
42,pooled_marginal,observed,-0.053190264569757534,0.011574074074074084,-0.14184002669929915,-0.06638110417532511,0.00012866700977869246,0.003472222222222222,-0.00462962962962965,0.0,0.011574074074074084,0.016203703703703706,0.0,steady_r02,steady_m2_r10_k1
42,regime_marginal,clean,0.0,,0.0,,0.0,,,,,,0.0,steady_r02,steady_m2_r10_k1
42,regime_marginal,observed,-0.16479690522243715,-0.041666666666666685,-0.3639737367970311,-0.23399671764798774,-0.00020848821028954852,0.0,-0.03703703703703709,0.0,-0.041666666666666685,-0.041666666666666685,0.0,steady_r02,steady_m2_r10_k1
42,pooled_conditional,clean,0.0,,0.0,,0.0,,,,,,0.0,steady_r02,steady_m2_r10_k1
42,pooled_conditional,observed,-0.1412008281573499,-0.0601851851851852,-0.2548449612403101,-0.13604606293393615,-0.0040649244200453676,-0.016203703703703706,-0.02546296296296291,0.0,-0.0601851851851852,-0.030092592592592587,0.0,steady_r02,steady_m2_r10_k1
42,regime_conditional,clean,0.0,,0.0,,0.0,,,,,,0.0,steady_r02,steady_m2_r10_k1
42,regime_conditional,observed,-0.19839105535860377,-0.013888888888888895,-0.3210407239819005,-0.25940906617131076,-0.00035859972169802364,0.01967592592592593,-0.01157407407407407,0.0,-0.013888888888888895,-0.013888888888888895,0.0,steady_r02,steady_m2_r10_k1
43,single_marginal,clean,0.0,,0.0,,0.0,,,,,,0.0,steady_r02,steady_m2_r10_k1
43,single_marginal,observed,-0.0458471809885458,0.013888888888888895,-0.025017858552894352,-0.02329360145691495,-0.0024333552543794323,0.0219907407407407,-0.00462962962962965,0.0,0.013888888888888895,0.037037037037037035,0.0,steady_r02,steady_m2_r10_k1
43,pooled_marginal,clean,0.0,,0.0,,0.0,,,,,,0.0,steady_r02,steady_m2_r10_k1
43,pooled_marginal,observed,-0.07837837837837838,0.03472222222222221,-0.1461038961038961,0.03503883436732247,-0.0001935961952688678,0.023148148148148147,0.01388888888888895,0.0,0.03472222222222221,-0.0046296296296296224,0.0,steady_r02,steady_m2_r10_k1
43,regime_marginal,clean,0.0,,0.0,,0.0,,,,,,0.0,steady_r02,steady_m2_r10_k1
43,regime_marginal,observed,-0.10892004547176962,0.07870370370370366,-0.21563065486379418,-0.1145907594509791,0.0003353681782657589,0.006944444444444444,-0.0023148148148148806,0.0,0.07870370370370366,0.08333333333333331,0.0,steady_r02,steady_m2_r10_k1
43,pooled_conditional,clean,0.0,,0.0,,0.0,,,,,,0.0,steady_r02,steady_m2_r10_k1
43,pooled_conditional,observed,-0.060456742158627896,0.06712962962962962,-0.20498960498960497,-0.029976862252323988,-0.003119579306532472,-0.016203703703703706,-0.05324074074074081,0.0,0.06712962962962962,0.10185185185185186,0.0,steady_r02,steady_m2_r10_k1
43,regime_conditional,clean,0.0,,0.0,,0.0,,,,,,0.0,steady_r02,steady_m2_r10_k1
43,regime_conditional,observed,-0.13440436061105931,0.05555555555555558,-0.26579788541922794,-0.09027410893575677,-0.001921665618268809,0.02430555555555556,-0.03240740740740744,0.0,0.05555555555555558,-0.01157407407407407,0.0,steady_r02,steady_m2_r10_k1
44,single_marginal,clean,0.0,,0.0,,0.0,,,,,,0.0,steady_r02,steady_m2_r10_k1
44,single_marginal,observed,-0.051805356179539,0.07870370370370372,-0.02845061881584425,-0.024412843511834727,-0.002366043346485991,-0.025462962962962965,0.10185185185185186,0.0,0.07870370370370372,0.034722222222222224,0.0,steady_r02,steady_m2_r10_k1
44,pooled_marginal,clean,0.0,,0.0,,0.0,,,,,,0.0,steady_r02,steady_m2_r10_k1
44,pooled_marginal,observed,-0.05337781484570475,0.020833333333333343,-0.21857923497267756,-0.06888861917610137,-0.00022516726711271223,-0.004629629629629629,0.08333333333333326,0.0,0.020833333333333343,0.020833333333333343,0.0,steady_r02,steady_m2_r10_k1
44,regime_marginal,clean,0.0,,0.0,,0.0,,,,,,0.0,steady_r02,steady_m2_r10_k1
44,regime_marginal,observed,-0.08299133606931144,0.013888888888888895,-0.3089324618736384,-0.1349683130795309,-2.382722403309126e-05,-0.0023148148148148147,0.08796296296296291,0.0,0.013888888888888895,0.013888888888888895,0.0,steady_r02,steady_m2_r10_k1
44,pooled_conditional,clean,0.0,,0.0,,0.0,,,,,,0.0,steady_r02,steady_m2_r10_k1
44,pooled_conditional,observed,-0.06512605042016806,0.04398148148148148,-0.22968580715059592,-0.11188883708853861,-0.000888755456434305,0.012731481481481483,0.0023148148148147696,0.0,0.04398148148148148,0.04629629629629631,0.0,steady_r02,steady_m2_r10_k1
44,regime_conditional,clean,0.0,,0.0,,0.0,,,,,,0.0,steady_r02,steady_m2_r10_k1
44,regime_conditional,observed,-0.132455047178209,0.0625,-0.29345670852610706,-0.1477036987413064,-0.0009221135700806307,0.009259259259259259,0.07638888888888884,0.0,0.0625,0.030092592592592615,0.0,steady_r02,steady_m2_r10_k1
45,single_marginal,clean,0.0,,0.0,,0.0,,,,,,0.0,steady_r02,steady_m2_r10_k1
45,single_marginal,observed,-0.0641635775082107,0.04398148148148151,-0.035217342976659405,-0.03075087997838656,-0.0016452698194849846,-0.03125,0.07870370370370372,0.0,0.04398148148148151,0.03935185185185186,0.0,steady_r02,steady_m2_r10_k1
45,pooled_marginal,clean,0.0,,0.0,,0.0,,,,,,0.0,steady_r02,steady_m2_r10_k1
45,pooled_marginal,observed,-0.07737353130076693,0.041666666666666685,-0.1816849816849817,-0.09400865176376622,-0.00023648519852842963,0.003472222222222222,-0.03240740740740744,0.0,0.041666666666666685,0.030092592592592587,0.0,steady_r02,steady_m2_r10_k1
45,regime_marginal,clean,0.0,,0.0,,0.0,,,,,,0.0,steady_r02,steady_m2_r10_k1
45,regime_marginal,observed,-0.10833636694575899,0.03935185185185186,-0.2957983193277311,-0.22531225390554394,-0.00025018585234745823,0.003472222222222222,0.03009259259259256,0.0,0.03935185185185186,0.043981481481481455,0.0,steady_r02,steady_m2_r10_k1
45,pooled_conditional,clean,0.0,,0.0,,0.0,,,,,,0.0,steady_r02,steady_m2_r10_k1
45,pooled_conditional,observed,-0.15371762740183792,-0.05555555555555555,-0.2783882783882784,-0.14879452892072004,-0.0015690227025790572,-0.016203703703703703,0.01620370370370372,0.0,-0.05555555555555555,-0.037037037037037035,0.0,steady_r02,steady_m2_r10_k1
45,regime_conditional,clean,0.0,,0.0,,0.0,,,,,,0.0,steady_r02,steady_m2_r10_k1
45,regime_conditional,observed,-0.1244998244998245,0.10879629629629634,-0.27662721893491127,-0.1790392522765809,-0.0011109443205428796,0.01967592592592593,0.00694444444444442,0.0,0.10879629629629634,0.08564814814814814,0.0,steady_r02,steady_m2_r10_k1
46,single_marginal,clean,0.0,,0.0,,0.0,,,,,,0.0,steady_r02,steady_m2_r10_k1
46,single_marginal,observed,-0.0651584894237892,-0.06018518518518523,-0.03549629739290815,-0.03707769645578799,-0.0009101999580640729,-0.033564814814814825,-0.0532407407407407,0.0,-0.06018518518518523,0.002314814814814825,0.0,steady_r02,steady_m2_r10_k1
46,pooled_marginal,clean,0.0,,0.0,,0.0,,,,,,0.0,steady_r02,steady_m2_r10_k1
46,pooled_marginal,observed,-0.08118260026656973,-0.030092592592592587,-0.165875623706949,-0.04997736226211586,-0.0001739387354415655,0.0023148148148148147,-0.020833333333333315,0.0,-0.030092592592592587,-0.030092592592592587,0.0,steady_r02,steady_m2_r10_k1
46,regime_marginal,clean,0.0,,0.0,,0.0,,,,,,0.0,steady_r02,steady_m2_r10_k1
46,regime_marginal,observed,-0.06875832828588735,0.0740740740740741,-0.253977470677041,-0.12677942144792295,0.00020789252968872116,-0.0011574074074074073,0.09953703703703698,0.0,0.0740740740740741,0.07870370370370372,0.0,steady_r02,steady_m2_r10_k1
46,pooled_conditional,clean,0.0,,0.0,,0.0,,,,,,0.0,steady_r02,steady_m2_r10_k1
46,pooled_conditional,observed,-0.06261061946902657,0.04629629629629631,-0.23846153846153845,-0.04950371715807589,-0.0013384943100588995,0.005787037037037042,0.0023148148148147696,0.0,0.04629629629629631,0.01157407407407407,0.0,steady_r02,steady_m2_r10_k1
46,regime_conditional,clean,0.0,,0.0,,0.0,,,,,,0.0,steady_r02,steady_m2_r10_k1
46,regime_conditional,observed,-0.16537467700258396,-0.00462962962962965,-0.3137254901960784,-0.16179661352098562,-0.0015398343531385222,-0.02662037037037037,0.11805555555555558,0.0,-0.00462962962962965,0.01620370370370372,0.0,steady_r02,steady_m2_r10_k1
42,single_marginal,clean,0.0,,0.0,,0.0,,,,,,0.0,steady_r20,steady_m2_r10_k1
42,single_marginal,observed,0.07988104332642149,0.07638888888888884,0.048493064920053945,0.06695123169952116,-0.0018187830687830808,0.0,0.023148148148148084,0.0,0.07638888888888884,-0.013888888888888895,0.0,steady_r20,steady_m2_r10_k1
42,pooled_marginal,clean,0.0,,0.0,,0.0,,,,,,0.0,steady_r20,steady_m2_r10_k1
42,pooled_marginal,observed,0.045245606128886895,0.018518518518518517,0.17698019801980197,0.07309026101268008,0.00029647874475460627,0.0023148148148148147,0.07407407407407413,0.0,0.018518518518518517,0.02083333333333333,0.0,steady_r20,steady_m2_r10_k1
42,regime_marginal,clean,0.0,,0.0,,0.0,,,,,,0.0,steady_r20,steady_m2_r10_k1
42,regime_marginal,observed,0.027617303085810896,-0.00462962962962965,0.1634081086643342,0.11035201887591589,-4.5612114577632534e-05,0.005787037037037037,-0.0023148148148148806,0.0,-0.00462962962962965,-0.006944444444444475,0.0,steady_r20,steady_m2_r10_k1
42,pooled_conditional,clean,0.0,,0.0,,0.0,,,,,,0.0,steady_r20,steady_m2_r10_k1
42,pooled_conditional,observed,0.04715222006830977,0.013888888888888867,0.15076728365764913,0.09011779195505437,0.0024402481299033007,-0.01967592592592593,0.03472222222222221,0.0,0.013888888888888867,0.04629629629629631,0.0,steady_r20,steady_m2_r10_k1
42,regime_conditional,clean,0.0,,0.0,,0.0,,,,,,0.0,steady_r20,steady_m2_r10_k1
42,regime_conditional,observed,0.06834337728954021,0.01851851851851849,0.1650583829037232,0.11602678067036237,0.0013170498084291177,0.0,0.0092592592592593,0.0,0.01851851851851849,0.02083333333333337,0.0,steady_r20,steady_m2_r10_k1
43,single_marginal,clean,0.0,,0.0,,0.0,,,,,,0.0,steady_r20,steady_m2_r10_k1
43,single_marginal,observed,0.07579581301978777,0.09722222222222221,0.04550169262017603,0.03751169710683991,0.0010832877212187397,-0.0092592592592593,0.12731481481481477,0.0,0.09722222222222221,0.037037037037037035,0.0,steady_r20,steady_m2_r10_k1
43,pooled_marginal,clean,0.0,,0.0,,0.0,,,,,,0.0,steady_r20,steady_m2_r10_k1
43,pooled_marginal,observed,0.07999482736324842,0.03472222222222221,0.20109890109890113,0.09824015614523177,-0.00046752417442072827,0.006944444444444444,-0.04166666666666663,0.0,0.03472222222222221,0.025462962962962965,0.0,steady_r20,steady_m2_r10_k1
43,regime_marginal,clean,0.0,,0.0,,0.0,,,,,,0.0,steady_r20,steady_m2_r10_k1
43,regime_marginal,observed,0.08017403118328265,0.027777777777777735,0.20302795031055898,0.13582362368609396,-5.70151432220424e-05,0.0057870370370370385,-0.00462962962962965,0.0,0.027777777777777735,0.02314814814814814,0.0,steady_r20,steady_m2_r10_k1
43,pooled_conditional,clean,0.0,,0.0,,0.0,,,,,,0.0,steady_r20,steady_m2_r10_k1
43,pooled_conditional,observed,0.0280572029126942,-0.0069444444444444475,0.15209030100334453,0.06760690735704533,0.0011003922641853667,-0.018518518518518517,-0.06481481481481488,0.0,-0.0069444444444444475,0.02777777777777779,0.0,steady_r20,steady_m2_r10_k1
43,regime_conditional,clean,0.0,,0.0,,0.0,,,,,,0.0,steady_r20,steady_m2_r10_k1
43,regime_conditional,observed,0.03799984824341757,-0.00462962962962965,0.12701970673391233,0.08431211465496169,0.0031472359058565946,0.008101851851851853,-0.01620370370370372,0.0,-0.00462962962962965,0.0,0.0,steady_r20,steady_m2_r10_k1
44,single_marginal,clean,0.0,,0.0,,0.0,,,,,,0.0,steady_r20,steady_m2_r10_k1
44,single_marginal,observed,0.06128215799182868,-0.0023148148148148806,0.03801465007019928,0.040711560158967874,-0.002126664842182102,-0.043981481481481455,0.057870370370370405,0.0,-0.0023148148148148806,0.0625,0.0,steady_r20,steady_m2_r10_k1
44,pooled_marginal,clean,0.0,,0.0,,0.0,,,,,,0.0,steady_r20,steady_m2_r10_k1
44,pooled_marginal,observed,0.01557474183172508,-0.0023148148148148112,0.17142857142857143,0.08116670592279082,-2.2806057288816267e-05,0.0,-0.02777777777777779,0.0,-0.0023148148148148112,-0.0023148148148148112,0.0,steady_r20,steady_m2_r10_k1
44,regime_marginal,clean,0.0,,0.0,,0.0,,,,,,0.0,steady_r20,steady_m2_r10_k1
44,regime_marginal,observed,0.10024057738572573,0.0601851851851852,0.24912559618441965,0.21379642042762342,-0.0005815544608648061,0.003472222222222222,0.06018518518518512,0.0,0.0601851851851852,0.05787037037037038,0.0,steady_r20,steady_m2_r10_k1
44,pooled_conditional,clean,0.0,,0.0,,0.0,,,,,,0.0,steady_r20,steady_m2_r10_k1
44,pooled_conditional,observed,0.06281198003327787,0.03240740740740741,0.1715976331360946,0.09815288501496125,0.002183679985404122,0.0150462962962963,0.02777777777777779,0.0,0.03240740740740741,0.002314814814814825,0.0,steady_r20,steady_m2_r10_k1
44,regime_conditional,clean,0.0,,0.0,,0.0,,,,,,0.0,steady_r20,steady_m2_r10_k1
44,regime_conditional,observed,0.07356820234869016,0.025462962962962965,0.18252239167271844,0.14096226576121768,7.98212005108552e-05,-0.009259259259259259,0.03009259259259256,0.0,0.025462962962962965,0.041666666666666685,0.0,steady_r20,steady_m2_r10_k1
45,single_marginal,clean,0.0,,0.0,,0.0,,,,,,0.0,steady_r20,steady_m2_r10_k1
45,single_marginal,observed,0.05831355420488407,-0.05092592592592593,0.03674253762422516,0.038924749322074265,0.007611521620142281,0.055555555555555525,-0.03935185185185186,0.0,-0.05092592592592593,-0.020833333333333315,0.0,steady_r20,steady_m2_r10_k1
45,pooled_marginal,clean,0.0,,0.0,,0.0,,,,,,0.0,steady_r20,steady_m2_r10_k1
45,pooled_marginal,observed,0.0360546716415025,0.002314814814814825,0.16283595922150135,0.08373354204818809,0.00037059843094325827,0.005787037037037037,0.07175925925925919,0.0,0.002314814814814825,0.0023148148148147973,0.0,steady_r20,steady_m2_r10_k1
45,regime_marginal,clean,0.0,,0.0,,0.0,,,,,,0.0,steady_r20,steady_m2_r10_k1
45,regime_marginal,observed,0.04580360838547881,0.009259259259259245,0.17823482984353967,0.1310674097091883,0.00017674694398832347,0.004629629629629629,-0.02546296296296291,0.0,0.009259259259259245,0.00694444444444442,0.0,steady_r20,steady_m2_r10_k1
45,pooled_conditional,clean,0.0,,0.0,,0.0,,,,,,0.0,steady_r20,steady_m2_r10_k1
45,pooled_conditional,observed,0.021122457886008583,-0.01157407407407407,0.15121136173767757,0.0699123841722343,0.0007754059478197409,-0.006944444444444444,0.02546296296296302,0.0,-0.01157407407407407,0.01157407407407407,0.0,steady_r20,steady_m2_r10_k1
45,regime_conditional,clean,0.0,,0.0,,0.0,,,,,,0.0,steady_r20,steady_m2_r10_k1
45,regime_conditional,observed,0.03331451157538118,-0.01620370370370372,0.1361634787395073,0.07652727007109383,0.001613528553183724,0.0011574074074074125,-0.03935185185185186,0.0,-0.01620370370370372,-0.002314814814814825,0.0,steady_r20,steady_m2_r10_k1
46,single_marginal,clean,0.0,,0.0,,0.0,,,,,,0.0,steady_r20,steady_m2_r10_k1
46,single_marginal,observed,0.06544220534293374,-0.02314814814814814,0.040557640178552394,0.047895469687775305,-0.0009521528918080557,-0.01967592592592593,0.1111111111111111,0.0,-0.02314814814814814,0.011574074074074084,0.0,steady_r20,steady_m2_r10_k1
46,pooled_marginal,clean,0.0,,0.0,,0.0,,,,,,0.0,steady_r20,steady_m2_r10_k1
46,pooled_marginal,observed,-0.0017539244058580872,-0.013888888888888881,0.10428610428610427,0.04412405148126286,0.0001197318007662828,-0.004629629629629629,-0.01851851851851849,0.0,-0.013888888888888881,-0.02083333333333333,0.0,steady_r20,steady_m2_r10_k1
46,regime_marginal,clean,0.0,,0.0,,0.0,,,,,,0.0,steady_r20,steady_m2_r10_k1
46,regime_marginal,observed,0.04803735893111949,0.013888888888888895,0.18992535187190146,0.13571461826301173,0.00018814997263272987,0.0,0.0,0.0,0.013888888888888895,0.01157407407407407,0.0,steady_r20,steady_m2_r10_k1
46,pooled_conditional,clean,0.0,,0.0,,0.0,,,,,,0.0,steady_r20,steady_m2_r10_k1
46,pooled_conditional,observed,-0.04012455516014238,-0.0509259259259259,0.08461538461538459,0.0069426768415099815,0.0010034665207079001,-0.012731481481481476,-0.06018518518518523,0.0,-0.0509259259259259,-0.03472222222222224,0.0,steady_r20,steady_m2_r10_k1
46,regime_conditional,clean,0.0,,0.0,,0.0,,,,,,0.0,steady_r20,steady_m2_r10_k1
46,regime_conditional,observed,0.03861888397970875,0.0,0.1280198989177318,0.09285401241445856,0.002388934501003465,0.0034722222222222238,-0.01620370370370372,0.0,0.0,-0.01157407407407407,0.0,steady_r20,steady_m2_r10_k1
42,single_marginal,clean,0.0,,0.0,,0.0,,,,,,0.0,steady_k2,steady_m2_r10_k1
42,single_marginal,observed,0.07783313374181772,0.07175925925925919,0.04724452680473339,0.04388527072342474,0.001653439153439129,0.030092592592592615,0.13425925925925924,0.3333333333333333,-0.17592592592592593,-0.004629629629629636,0.0,steady_k2,steady_m2_r10_k1
42,pooled_marginal,clean,0.0,,0.0,,0.0,,,,,,0.0,steady_k2,steady_m2_r10_k1
42,pooled_marginal,observed,0.09332922982226668,0.053240740740740755,0.2456421698507879,0.116160610252567,0.00013113482941069093,-0.0023148148148148147,0.40277777777777773,0.3333333333333333,-0.027777777777777776,-0.023148148148148154,0.0,steady_k2,steady_m2_r10_k1
42,regime_marginal,clean,0.0,,0.0,,0.0,,,,,,0.0,steady_k2,steady_m2_r10_k1
42,regime_marginal,observed,0.04954160179899669,0.016203703703703665,0.16925383239034775,0.1336719577034653,0.00028507571611019814,0.0,0.12962962962962965,0.3333333333333333,-0.19444444444444448,-0.19444444444444448,0.0,steady_k2,steady_m2_r10_k1
42,pooled_conditional,clean,0.0,,0.0,,0.0,,,,,,0.0,steady_k2,steady_m2_r10_k1
42,pooled_conditional,observed,0.06390950866030398,0.020833333333333315,0.20485449231160247,0.15820602572933268,-0.00020525451559934467,0.06018518518518519,0.35185185185185186,0.3333333333333333,-0.12037037037037038,-0.02314814814814814,0.0,steady_k2,steady_m2_r10_k1
42,regime_conditional,clean,0.0,,0.0,,0.0,,,,,,0.0,steady_k2,steady_m2_r10_k1
42,regime_conditional,observed,0.02814501576089906,-0.030092592592592615,0.15989079175974186,0.04653043399019041,-0.00017104542966612027,0.013888888888888888,0.10185185185185186,0.3333333333333333,-0.21296296296296297,-0.18518518518518517,0.0,steady_k2,steady_m2_r10_k1
43,single_marginal,clean,0.0,,0.0,,0.0,,,,,,0.0,steady_k2,steady_m2_r10_k1
43,single_marginal,observed,0.08132207951161213,0.11342592592592593,0.048783311507191215,0.05894980104677103,-0.00586115672322568,-0.11111111111111116,0.5,0.3333333333333333,-0.1157407407407407,0.12962962962962965,0.0,steady_k2,steady_m2_r10_k1
43,pooled_marginal,clean,0.0,,0.0,,0.0,,,,,,0.0,steady_k2,steady_m2_r10_k1
43,pooled_marginal,observed,0.012411095305832148,-0.018518518518518517,0.11525974025974026,0.031663613072510866,0.00019385148695493307,0.004629629629629629,0.24537037037037035,0.3333333333333333,-0.11574074074074076,-0.10648148148148148,0.0,steady_k2,steady_m2_r10_k1
43,regime_marginal,clean,0.0,,0.0,,0.0,,,,,,0.0,steady_k2,steady_m2_r10_k1
43,regime_marginal,observed,0.10461920806748393,0.05092592592592593,0.22248765727026598,0.18136054075768432,-5.70151432220424e-05,-0.004629629629629629,0.2222222222222222,0.3333333333333333,-0.16666666666666669,-0.16203703703703703,0.0,steady_k2,steady_m2_r10_k1
43,pooled_conditional,clean,0.0,,0.0,,0.0,,,,,,0.0,steady_k2,steady_m2_r10_k1
43,pooled_conditional,observed,0.1570941845935328,0.09953703703703701,0.29846882974845057,0.1949545532181884,-0.0020411421273490247,-0.011574074074074077,0.2222222222222222,0.3333333333333333,0.0,0.09722222222222224,0.0,steady_k2,steady_m2_r10_k1
43,regime_conditional,clean,0.0,,0.0,,0.0,,,,,,0.0,steady_k2,steady_m2_r10_k1
43,regime_conditional,observed,0.16746573327842817,0.11342592592592593,0.2622633390705679,0.1899555545388436,-0.0016477376391169501,-0.011574074074074077,0.14814814814814814,0.3333333333333333,-0.05092592592592593,0.023148148148148195,0.0,steady_k2,steady_m2_r10_k1
44,single_marginal,clean,0.0,,0.0,,0.0,,,,,,0.0,steady_k2,steady_m2_r10_k1
44,single_marginal,observed,0.08286136475881853,0.08333333333333326,0.05035532585094948,0.05867090385490212,-0.0046068235723408235,-0.08101851851851849,0.43055555555555564,0.3333333333333333,-0.125,0.12962962962962962,0.0,steady_k2,steady_m2_r10_k1
44,pooled_marginal,clean,0.0,,0.0,,0.0,,,,,,0.0,steady_k2,steady_m2_r10_k1
44,pooled_marginal,observed,0.028513921502851397,0.0069444444444444475,0.18484848484848487,0.08026770363947514,0.00014253785805509907,0.0,0.36111111111111105,0.3333333333333333,-0.1111111111111111,-0.1111111111111111,0.0,steady_k2,steady_m2_r10_k1
44,regime_marginal,clean,0.0,,0.0,,0.0,,,,,,0.0,steady_k2,steady_m2_r10_k1
44,regime_marginal,observed,0.09976982300182552,0.06249999999999997,0.2266615737203972,0.19653657002153868,0.00024516511585477054,0.0023148148148148147,0.2777777777777778,0.3333333333333333,-0.16666666666666669,-0.16666666666666669,0.0,steady_k2,steady_m2_r10_k1
44,pooled_conditional,clean,0.0,,0.0,,0.0,,,,,,0.0,steady_k2,steady_m2_r10_k1
44,pooled_conditional,observed,0.18558282208588955,0.14351851851851855,0.26083916083916087,0.23793951619776035,0.002679711731435868,0.08333333333333333,0.3379629629629629,0.3333333333333333,0.009259259259259273,-0.027777777777777762,0.0,steady_k2,steady_m2_r10_k1
44,regime_conditional,clean,0.0,,0.0,,0.0,,,,,,0.0,steady_k2,steady_m2_r10_k1
44,regime_conditional,observed,0.17316397540706713,0.13657407407407407,0.232657200811359,0.23940265889534879,-8.552271483306013e-05,0.018518518518518517,0.1527777777777778,0.3333333333333333,-0.05092592592592593,-0.00462962962962965,0.0,steady_k2,steady_m2_r10_k1
45,single_marginal,clean,0.0,,0.0,,0.0,,,,,,0.0,steady_k2,steady_m2_r10_k1
45,single_marginal,observed,0.08149468397907153,0.03703703703703698,0.05009209180163654,0.07512169021224671,0.0009977650063856536,0.01851851851851849,0.2407407407407408,0.3333333333333333,-0.18981481481481483,0.06944444444444445,0.0,steady_k2,steady_m2_r10_k1
45,pooled_marginal,clean,0.0,,0.0,,0.0,,,,,,0.0,steady_k2,steady_m2_r10_k1
45,pooled_marginal,observed,0.07668656518736461,0.03472222222222224,0.20911044262999567,0.11972910382093588,0.00020525451559934293,-0.0023148148148148147,0.4027777777777778,0.3333333333333333,-0.1111111111111111,-0.10185185185185186,0.0,steady_k2,steady_m2_r10_k1
45,regime_marginal,clean,0.0,,0.0,,0.0,,,,,,0.0,steady_k2,steady_m2_r10_k1
45,regime_marginal,observed,0.029968772283557543,-0.004629629629629595,0.1670588235294117,0.13498890246993167,0.00017674694398832347,0.0023148148148148147,0.14814814814814814,0.3333333333333333,-0.2175925925925926,-0.212962962962963,0.0,steady_k2,steady_m2_r10_k1
45,pooled_conditional,clean,0.0,,0.0,,0.0,,,,,,0.0,steady_k2,steady_m2_r10_k1
45,pooled_conditional,observed,0.12682175658582195,0.07870370370370372,0.25011558021266767,0.19532719785701383,0.0001140302864440796,0.027777777777777776,0.3287037037037037,0.3333333333333333,-0.06944444444444442,-0.037037037037037035,0.0,steady_k2,steady_m2_r10_k1
45,regime_conditional,clean,0.0,,0.0,,0.0,,,,,,0.0,steady_k2,steady_m2_r10_k1
45,regime_conditional,observed,0.1390228818800247,0.09953703703703703,0.20274571835881805,0.17608568385511303,0.0007868089764641473,0.041666666666666664,0.07870370370370372,0.3333333333333333,-0.037037037037037035,-0.00462962962962965,0.0,steady_k2,steady_m2_r10_k1
46,single_marginal,clean,0.0,,0.0,,0.0,,,,,,0.0,steady_k2,steady_m2_r10_k1
46,single_marginal,observed,0.08261122360557993,0.05092592592592593,0.05025275811421188,0.0589531748937568,-0.00012543331508846345,0.01157407407407407,0.25925925925925924,0.3333333333333333,-0.10185185185185186,0.08796296296296298,0.0,steady_k2,steady_m2_r10_k1
46,pooled_marginal,clean,0.0,,0.0,,0.0,,,,,,0.0,steady_k2,steady_m2_r10_k1
46,pooled_marginal,observed,0.12387497954508264,0.0763888888888889,0.2846464646464647,0.14916878141031384,0.0001197318007662828,0.009259259259259259,0.425925925925926,0.3333333333333333,-0.046296296296296294,-0.046296296296296294,0.0,steady_k2,steady_m2_r10_k1
46,regime_marginal,clean,0.0,,0.0,,0.0,,,,,,0.0,steady_k2,steady_m2_r10_k1
46,regime_marginal,observed,0.0917216117216117,0.05092592592592596,0.2241745710879593,0.18850656407981725,0.00018814997263272987,0.006944444444444444,0.2222222222222222,0.3333333333333333,-0.14351851851851852,-0.1388888888888889,0.0,steady_k2,steady_m2_r10_k1
46,pooled_conditional,clean,0.0,,0.0,,0.0,,,,,,0.0,steady_k2,steady_m2_r10_k1
46,pooled_conditional,observed,0.09815875613747954,0.0601851851851852,0.2137945853029652,0.20806137479465522,0.0011688104360518155,0.06944444444444445,0.34259259259259256,0.3333333333333333,-0.05555555555555555,-0.032407407407407426,0.0,steady_k2,steady_m2_r10_k1
46,regime_conditional,clean,0.0,,0.0,,0.0,,,,,,0.0,steady_k2,steady_m2_r10_k1
46,regime_conditional,observed,0.08000000000000007,0.03009259259259256,0.19244734931009444,0.1619174656702187,-0.00042191205984309574,0.013888888888888888,0.16203703703703698,0.3333333333333333,-0.11574074074074076,-0.10185185185185186,0.0,steady_k2,steady_m2_r10_k1
42,single_marginal,clean,0.0,,0.0,,-0.011882716049382736,,,,,,0.0,switch_d0,steady_m2_r10_k1
42,single_marginal,observed,0.007227989971352808,0.04629629629629628,0.003916649424098216,0.008558370819837471,-0.00622605363984674,-0.048611111111111105,0.06481481481481483,0.0,0.04629629629629628,0.06944444444444445,0.0,switch_d0,steady_m2_r10_k1
42,pooled_marginal,clean,0.0,,0.0,,-0.0030864197530864196,,,,,,0.0,switch_d0,steady_m2_r10_k1
42,pooled_marginal,observed,0.11281074539213937,0.08333333333333334,0.17452921762764512,0.08549540392737177,-0.0027139208173690924,-0.004629629629629629,0.2268518518518518,0.0,0.08333333333333334,0.08333333333333334,0.0,switch_d0,steady_m2_r10_k1
42,regime_marginal,clean,0.0,,0.0,,0.0,,,,,,0.0,switch_d0,steady_m2_r10_k1
42,regime_marginal,observed,0.019423678998147065,0.01851851851851849,0.015127448755767325,0.00879826825944735,0.0,0.0023148148148148147,0.0,0.0,0.01851851851851849,0.013888888888888895,0.0,switch_d0,steady_m2_r10_k1
42,pooled_conditional,clean,0.0,,0.0,,0.0016975308641975322,,,,,,0.0,switch_d0,steady_m2_r10_k1
42,pooled_conditional,observed,-0.0026208452659897685,-0.009259259259259273,0.01846012350545262,0.02201790282379576,-0.0014367816091954023,-0.04398148148148148,0.11574074074074081,0.0,-0.009259259259259273,0.06944444444444445,0.0,switch_d0,steady_m2_r10_k1
42,regime_conditional,clean,0.0,,0.0,,0.0006172839506172843,,,,,,0.0,switch_d0,steady_m2_r10_k1
42,regime_conditional,observed,-0.014720340108941132,-0.009259259259259245,-0.022853279242731617,0.009575170440811465,0.0009578544061302676,0.002314814814814818,0.00462962962962965,0.0,-0.009259259259259245,-0.004629629629629595,0.0,switch_d0,steady_m2_r10_k1
43,single_marginal,clean,0.0,,0.0,,0.0029320987654321007,,,,,,0.0,switch_d0,steady_m2_r10_k1
43,single_marginal,observed,0.022169346174036333,0.17129629629629628,0.011849808658855591,0.006508446423784998,0.0012771392081736832,0.02314814814814814,0.1111111111111111,0.0,0.17129629629629628,0.03240740740740741,0.0,switch_d0,steady_m2_r10_k1
43,pooled_marginal,clean,0.0,,0.0,,-0.0020061728395061734,,,,,,0.0,switch_d0,steady_m2_r10_k1
43,pooled_marginal,observed,0.1445382882882883,0.13425925925925924,0.1547619047619048,0.12831473341496524,-0.00239463601532567,0.006944444444444444,-0.02777777777777779,0.0,0.13425925925925924,0.11574074074074076,0.0,switch_d0,steady_m2_r10_k1
43,regime_marginal,clean,0.0,,0.0,,-0.002469135802469137,,,,,,0.0,switch_d0,steady_m2_r10_k1
43,regime_marginal,observed,0.012090214986004655,0.0,0.03509742193482518,0.02634171754162118,-0.0023946360153256716,-0.006944444444444444,0.01851851851851849,0.0,0.0,0.00462962962962965,0.0,switch_d0,steady_m2_r10_k1
43,pooled_conditional,clean,0.0,,0.0,,0.0009259259259259255,,,,,,0.0,switch_d0,steady_m2_r10_k1
43,pooled_conditional,observed,0.02217187786310404,0.018518518518518517,0.02742219612448621,-0.0019809561909150397,-0.00047892720306513467,-0.020833333333333336,-0.03703703703703709,0.0,0.018518518518518517,0.06944444444444445,0.0,switch_d0,steady_m2_r10_k1
43,regime_conditional,clean,0.0,,0.0,,0.0007716049382716049,,,,,,0.0,switch_d0,steady_m2_r10_k1
43,regime_conditional,observed,0.0061308086699400355,0.009259259259259245,0.0007087172218284699,0.004593305964824823,0.00031928480204342254,-0.0069444444444444475,0.01851851851851849,0.0,0.009259259259259245,0.018518518518518545,0.0,switch_d0,steady_m2_r10_k1
44,single_marginal,clean,0.0,,0.0,,-0.005864197530864201,,,,,,0.0,switch_d0,steady_m2_r10_k1
44,single_marginal,observed,0.018104791870707015,0.12037037037037035,0.009786070886316549,0.007032716697178337,-0.010057471264367845,-0.03009259259259256,0.06018518518518523,0.0,0.12037037037037035,0.050925925925925916,0.0,switch_d0,steady_m2_r10_k1
44,pooled_marginal,clean,0.0,,0.0,,-0.0007716049382716049,,,,,,0.0,switch_d0,steady_m2_r10_k1
44,pooled_marginal,observed,-0.03340828782524896,-0.027777777777777776,-0.019900497512437776,-0.02274055555673972,-0.001277139208173691,0.0,-0.16666666666666669,0.0,-0.027777777777777776,-0.027777777777777776,0.0,switch_d0,steady_m2_r10_k1
44,regime_marginal,clean,0.0,,0.0,,0.00015432098765432063,,,,,,0.0,switch_d0,steady_m2_r10_k1
44,regime_marginal,observed,-0.012403100775193798,-0.009259259259259273,-0.017927170868347386,0.013981762821214216,0.00015964240102171127,0.0023148148148148147,0.02314814814814814,0.0,-0.009259259259259273,-0.013888888888888895,0.0,switch_d0,steady_m2_r10_k1
44,pooled_conditional,clean,0.0,,0.0,,0.0010802469135802462,,,,,,0.0,switch_d0,steady_m2_r10_k1
44,pooled_conditional,observed,0.009587020648967548,0.018518518518518517,-0.026891807379612276,0.014817193959412167,0.00239463601532567,0.025462962962962965,-0.02777777777777779,0.0,0.018518518518518517,-0.013888888888888895,0.0,switch_d0,steady_m2_r10_k1
44,regime_conditional,clean,0.0,,0.0,,-0.00015432098765432063,,,,,,0.0,switch_d0,steady_m2_r10_k1
44,regime_conditional,observed,0.0042188529993408275,0.00462962962962965,0.0030557677616500634,0.016816094840463147,0.0,0.0,0.02777777777777779,0.0,0.00462962962962965,0.0,0.0,switch_d0,steady_m2_r10_k1
45,single_marginal,clean,0.0,,0.0,,-0.0032407407407407662,,,,,,0.0,switch_d0,steady_m2_r10_k1
45,single_marginal,observed,-0.014355289553342546,-0.10185185185185186,-0.007721602154946751,-0.011512301374236658,0.001915708812260497,-0.09953703703703703,0.02314814814814814,0.0,-0.10185185185185186,-0.050925925925925916,0.0,switch_d0,steady_m2_r10_k1
45,pooled_marginal,clean,0.0,,0.0,,-0.0006172839506172825,,,,,,0.0,switch_d0,steady_m2_r10_k1
45,pooled_marginal,observed,-0.13891009561202605,-0.11574074074074073,-0.16907993966817497,-0.06599458702754994,-0.00047892720306513294,-0.0023148148148148147,-0.05555555555555558,0.0,-0.11574074074074073,-0.10648148148148148,0.0,switch_d0,steady_m2_r10_k1
45,regime_marginal,clean,0.0,,0.0,,0.0009259259259259273,,,,,,0.0,switch_d0,steady_m2_r10_k1
45,regime_marginal,observed,-0.03487353650907138,-0.027777777777777762,-0.04664577695484973,-0.022614349454321947,0.0007982120051085572,-0.004629629629629629,-0.00462962962962965,0.0,-0.027777777777777762,-0.027777777777777818,0.0,switch_d0,steady_m2_r10_k1
45,pooled_conditional,clean,0.0,,0.0,,0.002932098765432099,,,,,,0.0,switch_d0,steady_m2_r10_k1
45,pooled_conditional,observed,-0.01840667241875177,0.0,-0.060952380952380925,0.016716419479478578,0.003831417624521072,0.0,-0.01388888888888884,0.0,0.0,-0.009259259259259245,0.0,switch_d0,steady_m2_r10_k1
45,regime_conditional,clean,0.0,,0.0,,0.00046296296296296363,,,,,,0.0,switch_d0,steady_m2_r10_k1
45,regime_conditional,observed,-0.037140811943961516,-0.037037037037037035,-0.03571812802582036,-0.030906277354954936,0.0006385696040868451,0.004629629629629629,-0.01388888888888884,0.0,-0.037037037037037035,-0.04629629629629628,0.0,switch_d0,steady_m2_r10_k1
46,single_marginal,clean,0.0,,0.0,,-0.0012345679012346067,,,,,,0.0,switch_d0,steady_m2_r10_k1
46,single_marginal,observed,0.0006641842264479975,0.00462962962962965,0.0003577072967129863,-0.008573185468672306,-0.0003192848020434069,-0.04629629629629628,0.06481481481481483,0.0,0.00462962962962965,0.06944444444444446,0.0,switch_d0,steady_m2_r10_k1
46,pooled_marginal,clean,0.0,,0.0,,-0.0013888888888888892,,,,,,0.0,switch_d0,steady_m2_r10_k1
46,pooled_marginal,observed,-0.0023939630497007425,-0.0046296296296296224,0.011462944047213708,0.004801723122424481,-0.0014367816091954023,-0.0023148148148148147,-0.032407407407407385,0.0,-0.0046296296296296224,-0.009259259259259259,0.0,switch_d0,steady_m2_r10_k1
46,regime_marginal,clean,0.0,,0.0,,-0.0007716049382716049,,,,,,0.0,switch_d0,steady_m2_r10_k1
46,regime_marginal,observed,0.024615384615384595,0.018518518518518517,0.03669724770642202,0.010077960659637175,-0.0006385696040868468,-0.0023148148148148147,0.0,0.0,0.018518518518518517,0.018518518518518517,0.0,switch_d0,steady_m2_r10_k1
46,pooled_conditional,clean,0.0,,0.0,,-0.00030864197530864213,,,,,,0.0,switch_d0,steady_m2_r10_k1
46,pooled_conditional,observed,-0.02034161490683234,-0.013888888888888867,-0.03628447024673437,-0.014065186161126647,0.0007982120051085572,0.0069444444444444475,-0.05555555555555558,0.0,-0.013888888888888867,-0.009259259259259273,0.0,switch_d0,steady_m2_r10_k1
46,regime_conditional,clean,0.0,,0.0,,-0.0006172839506172843,,,,,,0.0,switch_d0,steady_m2_r10_k1
46,regime_conditional,observed,0.004870624048706251,0.0,0.014387858051498004,0.005401435084382733,-0.0006385696040868468,0.0,0.0,0.0,0.0,-0.009259259259259245,0.0,switch_d0,steady_m2_r10_k1
42,single_marginal,clean,0.0,,0.0,,0.0,,,,,,0.0,switch_d4,switch_d0
42,single_marginal,observed,0.0,0.0,0.0,0.0,0.0,0.0,0.0,0.0,0.0,0.0,0.0,switch_d4,switch_d0
42,pooled_marginal,clean,0.0,,0.0,,0.0,,,,,,0.0,switch_d4,switch_d0
42,pooled_marginal,observed,0.0,0.0,0.0,0.0,0.0,0.0,0.0,0.0,0.0,0.0,0.0,switch_d4,switch_d0
42,regime_marginal,clean,0.0,,0.0,,0.0220679012345679,,,,,,0.0,switch_d4,switch_d0
42,regime_marginal,observed,-0.09082345503398132,0.03240740740740744,-0.2869352869352869,-0.21383109708730114,0.021551724137931036,0.03240740740740741,0.0,0.0,0.03240740740740744,0.004629629629629595,0.0,switch_d4,switch_d0
42,pooled_conditional,clean,0.0,,0.0,,0.0,,,,,,0.0,switch_d4,switch_d0
42,pooled_conditional,observed,0.0,0.0,0.0,0.0,0.0,0.0,0.0,0.0,0.0,0.0,0.0,switch_d4,switch_d0
42,regime_conditional,clean,0.0,,0.0,,0.020987654320987655,,,,,,0.0,switch_d4,switch_d0
42,regime_conditional,observed,-0.06869637691817426,0.04629629629629628,-0.1715901007151147,-0.22320438332129905,0.019636015325670497,0.006944444444444441,0.00462962962962965,0.0,0.04629629629629628,0.02314814814814814,0.0,switch_d4,switch_d0
43,single_marginal,clean,0.0,,0.0,,0.0,,,,,,0.0,switch_d4,switch_d0
43,single_marginal,observed,0.0,0.0,0.0,0.0,0.0,0.0,0.0,0.0,0.0,0.0,0.0,switch_d4,switch_d0
43,pooled_marginal,clean,0.0,,0.0,,0.0,,,,,,0.0,switch_d4,switch_d0
43,pooled_marginal,observed,0.0,0.0,0.0,0.0,0.0,0.0,0.0,0.0,0.0,0.0,0.0,switch_d4,switch_d0
43,regime_marginal,clean,0.0,,0.0,,0.023611111111111114,,,,,,0.0,switch_d4,switch_d0
43,regime_marginal,observed,-0.05968135680328923,0.037037037037037035,-0.1667123287671233,-0.14354871184397863,0.023307790549169857,0.034722222222222224,-0.02777777777777779,0.0,0.037037037037037035,0.0,0.0,switch_d4,switch_d0
43,pooled_conditional,clean,0.0,,0.0,,0.0,,,,,,0.0,switch_d4,switch_d0
43,pooled_conditional,observed,0.0,0.0,0.0,0.0,0.0,0.0,0.0,0.0,0.0,0.0,0.0,switch_d4,switch_d0
43,regime_conditional,clean,0.0,,0.0,,0.022839506172839506,,,,,,0.0,switch_d4,switch_d0
43,regime_conditional,observed,-0.10212681963977299,0.0092592592592593,-0.20521606700932798,-0.24683580288165508,0.02187100893997446,0.03472222222222223,-0.01851851851851849,0.0,0.0092592592592593,-0.00462962962962965,0.0,switch_d4,switch_d0
44,single_marginal,clean,0.0,,0.0,,0.0,,,,,,0.0,switch_d4,switch_d0
44,single_marginal,observed,0.0,0.0,0.0,0.0,0.0,0.0,0.0,0.0,0.0,0.0,0.0,switch_d4,switch_d0
44,pooled_marginal,clean,0.0,,0.0,,0.0,,,,,,0.0,switch_d4,switch_d0
44,pooled_marginal,observed,0.0,0.0,0.0,0.0,0.0,0.0,0.0,0.0,0.0,0.0,0.0,switch_d4,switch_d0
44,regime_marginal,clean,0.0,,0.0,,0.024074074074074074,,,,,,0.0,switch_d4,switch_d0
44,regime_marginal,observed,-0.030858806404657935,0.06481481481481483,-0.25304998032270754,-0.11197846321687191,0.022988505747126436,0.05787037037037037,-0.02314814814814814,0.0,0.06481481481481483,0.0,0.0,switch_d4,switch_d0
44,pooled_conditional,clean,0.0,,0.0,,0.0,,,,,,0.0,switch_d4,switch_d0
44,pooled_conditional,observed,0.0,0.0,0.0,0.0,0.0,0.0,0.0,0.0,0.0,0.0,0.0,switch_d4,switch_d0
44,regime_conditional,clean,0.0,,0.0,,0.02222222222222222,,,,,,0.0,switch_d4,switch_d0
44,regime_conditional,observed,-0.07996199324324327,0.05092592592592593,-0.21827834327834322,-0.21076130117979863,0.020913154533844187,0.041666666666666664,-0.03240740740740744,0.0,0.05092592592592593,0.00462962962962965,0.0,switch_d4,switch_d0
45,single_marginal,clean,0.0,,0.0,,0.0,,,,,,0.0,switch_d4,switch_d0
45,single_marginal,observed,0.0,0.0,0.0,0.0,0.0,0.0,0.0,0.0,0.0,0.0,0.0,switch_d4,switch_d0
45,pooled_marginal,clean,0.0,,0.0,,0.0,,,,,,0.0,switch_d4,switch_d0
45,pooled_marginal,observed,0.0,0.0,0.0,0.0,0.0,0.0,0.0,0.0,0.0,0.0,0.0,switch_d4,switch_d0
45,regime_marginal,clean,0.0,,0.0,,0.021913580246913582,,,,,,0.0,switch_d4,switch_d0
45,regime_marginal,observed,-0.0668433487930194,0.03240740740740741,-0.2210156602436038,-0.16713184146021015,0.022030651340996167,0.023148148148148147,-0.03240740740740733,0.0,0.03240740740740741,-0.0046296296296296224,0.0,switch_d4,switch_d0
45,pooled_conditional,clean,0.0,,0.0,,0.0,,,,,,0.0,switch_d4,switch_d0
45,pooled_conditional,observed,0.0,0.0,0.0,0.0,0.0,0.0,0.0,0.0,0.0,0.0,0.0,switch_d4,switch_d0
45,regime_conditional,clean,0.0,,0.0,,0.02222222222222222,,,,,,0.0,switch_d4,switch_d0
45,regime_conditional,observed,-0.09122372179485244,0.02777777777777779,-0.20566318926974664,-0.24772848299697958,0.02139208173690932,0.020833333333333336,-0.02777777777777779,0.0,0.02777777777777779,0.009259259259259245,0.0,switch_d4,switch_d0
46,single_marginal,clean,0.0,,0.0,,0.0,,,,,,0.0,switch_d4,switch_d0
46,single_marginal,observed,0.0,0.0,0.0,0.0,0.0,0.0,0.0,0.0,0.0,0.0,0.0,switch_d4,switch_d0
46,pooled_marginal,clean,0.0,,0.0,,0.0,,,,,,0.0,switch_d4,switch_d0
46,pooled_marginal,observed,0.0,0.0,0.0,0.0,0.0,0.0,0.0,0.0,0.0,0.0,0.0,switch_d4,switch_d0
46,regime_marginal,clean,0.0,,0.0,,0.022993827160493828,,,,,,0.0,switch_d4,switch_d0
46,regime_marginal,observed,-0.09774445893089959,0.0,-0.26867115825688076,-0.1854847984098588,0.023467432950191575,0.016203703703703703,-0.00462962962962965,0.0,0.0,0.0,0.0,switch_d4,switch_d0
46,pooled_conditional,clean,0.0,,0.0,,0.0,,,,,,0.0,switch_d4,switch_d0
46,pooled_conditional,observed,0.0,0.0,0.0,0.0,0.0,0.0,0.0,0.0,0.0,0.0,0.0,switch_d4,switch_d0
46,regime_conditional,clean,0.0,,0.0,,0.023148148148148147,,,,,,0.0,switch_d4,switch_d0
46,regime_conditional,observed,-0.1308684665514031,0.0,-0.27608807883100267,-0.24981039177365372,0.023946360153256706,0.0069444444444444475,-0.00462962962962965,0.0,0.0,-0.00462962962962965,0.0,switch_d4,switch_d0
42,single_marginal,clean,0.0,,0.0,,0.0,,,,,,0.0,switch_d12,switch_d0
42,single_marginal,observed,0.0,0.0,0.0,0.0,0.0,0.0,0.0,0.0,0.0,0.0,0.0,switch_d12,switch_d0
42,pooled_marginal,clean,0.0,,0.0,,0.0,,,,,,0.0,switch_d12,switch_d0
42,pooled_marginal,observed,0.0,0.0,0.0,0.0,0.0,0.0,0.0,0.0,0.0,0.0,0.0,switch_d12,switch_d0
42,regime_marginal,clean,0.0,,0.0,,0.06419753086419752,,,,,,0.0,switch_d12,switch_d0
42,regime_marginal,observed,-0.18734863896154216,0.060185185185185175,-0.4211344211344211,-0.2895304539953959,0.06353767560664111,0.0787037037037037,-0.02314814814814814,0.0,0.060185185185185175,0.004629629629629595,0.0,switch_d12,switch_d0
42,pooled_conditional,clean,0.0,,0.0,,0.0,,,,,,0.0,switch_d12,switch_d0
42,pooled_conditional,observed,0.0,0.0,0.0,0.0,0.0,0.0,0.0,0.0,0.0,0.0,0.0,switch_d12,switch_d0
42,regime_conditional,clean,0.0,,0.0,,0.06604938271604939,,,,,,0.0,switch_d12,switch_d0
42,regime_conditional,observed,-0.16347487681637007,0.10648148148148145,-0.2965555491804846,-0.30552475955932346,0.0644955300127714,0.027777777777777776,-0.01388888888888895,0.0,0.10648148148148145,0.04166666666666663,0.0,switch_d12,switch_d0
43,single_marginal,clean,0.0,,0.0,,0.0,,,,,,0.0,switch_d12,switch_d0
43,single_marginal,observed,0.0,0.0,0.0,0.0,0.0,0.0,0.0,0.0,0.0,0.0,0.0,switch_d12,switch_d0
43,pooled_marginal,clean,0.0,,0.0,,0.0,,,,,,0.0,switch_d12,switch_d0
43,pooled_marginal,observed,0.0,0.0,0.0,0.0,0.0,0.0,0.0,0.0,0.0,0.0,0.0,switch_d12,switch_d0
43,regime_marginal,clean,0.0,,0.0,,0.06913580246913581,,,,,,0.0,switch_d12,switch_d0
43,regime_marginal,observed,-0.11537291127085347,0.1018518518518518,-0.2485925284343446,-0.18224443686435823,0.06912515964240101,0.09722222222222222,-0.04166666666666663,0.0,0.1018518518518518,-0.00462962962962965,0.0,switch_d12,switch_d0
43,pooled_conditional,clean,0.0,,0.0,,0.0,,,,,,0.0,switch_d12,switch_d0
43,pooled_conditional,observed,0.0,0.0,0.0,0.0,0.0,0.0,0.0,0.0,0.0,0.0,0.0,switch_d12,switch_d0
43,regime_conditional,clean,0.0,,0.0,,0.06574074074074074,,,,,,0.0,switch_d12,switch_d0
43,regime_conditional,observed,-0.1978830868821863,0.02777777777777779,-0.3217993079584775,-0.3143331730417079,0.06417624521072797,0.10416666666666669,-0.03240740740740744,0.0,0.02777777777777779,-0.02314814814814814,0.0,switch_d12,switch_d0
44,single_marginal,clean,0.0,,0.0,,0.0,,,,,,0.0,switch_d12,switch_d0
44,single_marginal,observed,0.0,0.0,0.0,0.0,0.0,0.0,0.0,0.0,0.0,0.0,0.0,switch_d12,switch_d0
44,pooled_marginal,clean,0.0,,0.0,,0.0,,,,,,0.0,switch_d12,switch_d0
44,pooled_marginal,observed,0.0,0.0,0.0,0.0,0.0,0.0,0.0,0.0,0.0,0.0,0.0,switch_d12,switch_d0
44,regime_marginal,clean,0.0,,0.0,,0.07175925925925926,,,,,,0.0,switch_d12,switch_d0
44,regime_marginal,observed,-0.06926406926406925,0.16666666666666669,-0.33900636066701045,-0.13947734292055328,0.06928480204342273,0.09953703703703703,-0.01388888888888895,0.0,0.16666666666666669,0.04166666666666666,0.0,switch_d12,switch_d0
44,pooled_conditional,clean,0.0,,0.0,,0.0,,,,,,0.0,switch_d12,switch_d0
44,pooled_conditional,observed,0.0,0.0,0.0,0.0,0.0,0.0,0.0,0.0,0.0,0.0,0.0,switch_d12,switch_d0
44,regime_conditional,clean,0.0,,0.0,,0.06512345679012346,,,,,,0.0,switch_d12,switch_d0
44,regime_conditional,observed,-0.16553623687381652,0.125,-0.3409033848401159,-0.26973667882250285,0.06194125159642401,0.10648148148148148,-0.04629629629629628,0.0,0.125,0.02314814814814814,0.0,switch_d12,switch_d0
45,single_marginal,clean,0.0,,0.0,,0.0,,,,,,0.0,switch_d12,switch_d0
45,single_marginal,observed,0.0,0.0,0.0,0.0,0.0,0.0,0.0,0.0,0.0,0.0,0.0,switch_d12,switch_d0
45,pooled_marginal,clean,0.0,,0.0,,0.0,,,,,,0.0,switch_d12,switch_d0
45,pooled_marginal,observed,0.0,0.0,0.0,0.0,0.0,0.0,0.0,0.0,0.0,0.0,0.0,switch_d12,switch_d0
45,regime_marginal,clean,0.0,,0.0,,0.0712962962962963,,,,,,0.0,switch_d12,switch_d0
45,regime_marginal,observed,-0.15527050636880851,0.05555555555555555,-0.33823104066639675,-0.23052728419142166,0.07279693486590039,0.037037037037037035,-0.05092592592592593,0.0,0.05555555555555555,-0.009259259259259245,0.0,switch_d12,switch_d0
45,pooled_conditional,clean,0.0,,0.0,,0.0,,,,,,0.0,switch_d12,switch_d0
45,pooled_conditional,observed,0.0,0.0,0.0,0.0,0.0,0.0,0.0,0.0,0.0,0.0,0.0,switch_d12,switch_d0
45,regime_conditional,clean,0.0,,0.0,,0.06481481481481481,,,,,,0.0,switch_d12,switch_d0
45,regime_conditional,observed,-0.2035343818798469,0.032407407407407385,-0.338659955960994,-0.3340851090913663,0.06481481481481481,0.03240740740740741,-0.04629629629629628,0.0,0.032407407407407385,0.004629629629629595,0.0,switch_d12,switch_d0
46,single_marginal,clean,0.0,,0.0,,0.0,,,,,,0.0,switch_d12,switch_d0
46,single_marginal,observed,0.0,0.0,0.0,0.0,0.0,0.0,0.0,0.0,0.0,0.0,0.0,switch_d12,switch_d0
46,pooled_marginal,clean,0.0,,0.0,,0.0,,,,,,0.0,switch_d12,switch_d0
46,pooled_marginal,observed,0.0,0.0,0.0,0.0,0.0,0.0,0.0,0.0,0.0,0.0,0.0,switch_d12,switch_d0
46,regime_marginal,clean,0.0,,0.0,,0.07083333333333333,,,,,,0.0,switch_d12,switch_d0
46,regime_marginal,observed,-0.18341137123745818,0.0,-0.3777839011897429,-0.23949568225056128,0.07295657726692209,0.023148148148148147,-0.0092592592592593,0.0,0.0,0.0,0.0,switch_d12,switch_d0
46,pooled_conditional,clean,0.0,,0.0,,0.0,,,,,,0.0,switch_d12,switch_d0
46,pooled_conditional,observed,0.0,0.0,0.0,0.0,0.0,0.0,0.0,0.0,0.0,0.0,0.0,switch_d12,switch_d0
46,regime_conditional,clean,0.0,,0.0,,0.0669753086419753,,,,,,0.0,switch_d12,switch_d0
46,regime_conditional,observed,-0.23931506849315068,0.009259259259259245,-0.40649995403144246,-0.32441433636754885,0.06912515964240103,0.009259259259259259,-0.00462962962962965,0.0,0.009259259259259245,-0.00462962962962965,0.0,switch_d12,switch_d0
