scenario,compare_to,method,view,f1_mean,f1_std,f1_count,recall_mean,recall_std,recall_count,precision_mean,precision_std,precision_count,average_precision_mean,average_precision_std,average_precision_count,clean_channel_fpr_mean,clean_channel_fpr_std,clean_channel_fpr_count,bystander_fpr_mean,bystander_fpr_std,bystander_fpr_count,top1_localization_mean,top1_localization_std,top1_localization_count,top1_random_baseline_mean,top1_random_baseline_std,top1_random_baseline_count,all_faults_row_recall_mean,all_faults_row_recall_std,all_faults_row_recall_count,exact_fault_set_rate_mean,exact_fault_set_rate_std,exact_fault_set_rate_count,score_coverage_mean,score_coverage_std,score_coverage_count
steady_k2,steady_m2_r10_k1,pooled_conditional,clean,0.0,0.0,5,,,0,0.0,0.0,5,,,0,0.0,0.0,5,,,0,,,0,,,0,,,0,,,0,0.0,0.0,5
steady_k2,steady_m2_r10_k1,pooled_conditional,observed,0.12631340561260557,0.047821305780919816,5,0.08055555555555556,0.0455789329509123,5,0.24561452968296935,0.03781373887883439,5,0.19889773355939008,0.028689482370732745,5,0.00034323116219667877,0.0017449447091486582,5,0.04583333333333333,0.03805037362214248,5,0.31666666666666665,0.053451675545820754,5,0.3333333333333333,0.0,5,-0.047222222222222214,0.05323067537705485,5,-0.004629629629629625,0.0571717084964281,5,0.0,0.0,5
steady_k2,steady_m2_r10_k1,pooled_marginal,clean,0.0,0.0,5,,,0,0.0,0.0,5,,,0,0.0,0.0,5,,,0,,,0,,,0,,,0,,,0,0.0,0.0,5
steady_k2,steady_m2_r10_k1,pooled_marginal,observed,0.06696315827267948,0.04605144176258121,5,0.030555555555555565,0.037411303427475784,5,0.2079014604470947,0.06408889618529111,5,0.09939796243916055,0.045070458668976424,5,0.00015850209815726976,3.854324890794439e-05,5,0.0018518518518518517,0.005018398932564536,5,0.3675925925925926,0.07221331853948826,5,0.3333333333333333,0.0,5,-0.0824074074074074,0.041974173913493104,5,-0.07777777777777778,0.04028043839658556,5,0.0,0.0,5
steady_k2,steady_m2_r10_k1,regime_conditional,clean,0.0,0.0,5,,,0,0.0,0.0,5,,,0,0.0,0.0,5,,,0,,,0,,,0,,,0,,,0,0.0,0.0,5
steady_k2,steady_m2_r10_k1,regime_conditional,observed,0.11755952126528384,0.06214666644128219,5,0.06990740740740739,0.06855917212382694,5,0.21000087986211624,0.039103894481169,5,0.16277835938994292,0.07124129664916966,5,-0.0003078817733990158,0.0008767457186741452,5,0.015277777777777776,0.018919274760835693,5,0.1287037037037037,0.03636543867899161,5,0.3333333333333333,0.0,5,-0.09351851851851853,0.07344933305857156,5,-0.054629629629629625,0.08706904454809711,5,0.0,0.0,5
steady_k2,steady_m2_r10_k1,regime_marginal,clean,0.0,0.0,5,,,0,0.0,0.0,5,,,0,0.0,0.0,5,,,0,,,0,,,0,,,0,,,0,0.0,0.0,5
steady_k2,steady_m2_r10_k1,regime_marginal,observed,0.07512420337469508,0.033340359524435724,5,0.03518518518518519,0.028227455891701777,5,0.20192729159967637,0.030874017374793776,5,0.16701290700648747,0.03031762826085975,5,0.00016762452107279592,0.000133017685469774,5,0.0013888888888888887,0.004205069936246516,5,0.2,0.06057565642146713,5,0.3333333333333333,0.0,5,-0.17777777777777778,0.02865138601252926,5,-0.17500000000000002,0.028986066374997285,5,0.0,0.0,5
steady_k2,steady_m2_r10_k1,single_marginal,clean,0.0,0.0,5,,,0,0.0,0.0,5,,,0,0.0,0.0,5,,,0,,,0,,,0,,,0,,,0,0.0,0.0,5
steady_k2,steady_m2_r10_k1,single_marginal,observed,0.08122449711937997,0.0020116047597418234,5,0.07129629629629626,0.0296169677806703,5,0.0493456028157445,0.0013351412911317732,5,0.05911616814622028,0.011049994095145817,5,-0.001588441890166037,0.003417066465820673,5,-0.026388888888888896,0.06482721442239212,5,0.312962962962963,0.1490352491425047,5,0.3333333333333333,0.0,5,-0.14166666666666666,0.03881717373380479,5,0.0824074074074074,0.055304215403770195,5,0.0,0.0,5
steady_m05,steady_m2_r10_k1,pooled_conditional,clean,0.0,0.0,5,,,0,0.0,0.0,5,,,0,0.0,0.0,5,,,0,,,0,,,0,,,0,,,0,0.0,0.0,5
steady_m05,steady_m2_r10_k1,pooled_conditional,observed,-0.251672061242196,0.012683997496524574,5,-0.19907407407407407,0.017629104411722017,5,-0.3311714435023577,0.02515208140170514,5,-0.20202730890503212,0.02251293761411264,5,-0.0026500638569604087,0.001376076752203701,5,-0.03842592592592593,0.01995311290695366,5,-0.2490740740740741,0.037810216646473015,5,0.0,0.0,5,-0.19907407407407407,0.017629104411722017,5,-0.12685185185185185,0.02883779907851378,5,0.0,0.0,5
steady_m05,steady_m2_r10_k1,pooled_marginal,clean,0.0,0.0,5,,,0,0.0,0.0,5,,,0,0.0,0.0,5,,,0,,,0,,,0,,,0,,,0,0.0,0.0,5
steady_m05,steady_m2_r10_k1,pooled_marginal,observed,-0.13421659755606966,0.04600656510809594,5,-0.1037037037037037,0.036099238314107274,5,-0.1966011554094903,0.08217219476608305,5,-0.08784684605611573,0.017692991024597662,5,0.0,0.0,5,0.0,0.0,5,-0.20462962962962963,0.052724957324103504,5,0.0,0.0,5,-0.1037037037037037,0.036099238314107274,5,-0.10092592592592593,0.03531894652363083,5,0.0,0.0,5
steady_m05,steady_m2_r10_k1,regime_conditional,clean,0.0,0.0,5,,,0,0.0,0.0,5,,,0,0.0,0.0,5,,,0,,,0,,,0,,,0,,,0,0.0,0.0,5
steady_m05,steady_m2_r10_k1,regime_conditional,observed,-0.4045488311295543,0.025132197353596755,5,-0.3611111111111111,0.02360657182218881,5,-0.4442696668566583,0.03342158711098455,5,-0.38885827158687064,0.0273856263471586,5,-0.0018199233716475096,0.0006543391293716218,5,-0.02638888888888889,0.009487917375888518,5,-0.4203703703703704,0.03328829261527326,5,0.0,0.0,5,-0.3611111111111111,0.02360657182218881,5,-0.3111111111111111,0.03408363392464068,5,0.0,0.0,5
steady_m05,steady_m2_r10_k1,regime_marginal,clean,0.0,0.0,5,,,0,0.0,0.0,5,,,0,0.0,0.0,5,,,0,,,0,,,0,,,0,,,0,0.0,0.0,5
steady_m05,steady_m2_r10_k1,regime_marginal,observed,-0.3065318174195554,0.043885210568877675,5,-0.237962962962963,0.03741130342747578,5,-0.4366805660610688,0.07777681828489284,5,-0.27299294666553103,0.053771491567039836,5,0.0,0.0,5,0.0,0.0,5,-0.38981481481481484,0.037810216646473015,5,0.0,0.0,5,-0.237962962962963,0.03741130342747578,5,-0.23518518518518522,0.037382646737382154,5,0.0,0.0,5
steady_m05,steady_m2_r10_k1,single_marginal,clean,0.0,0.0,5,,,0,0.0,0.0,5,,,0,0.0,0.0,5,,,0,,,0,,,0,,,0,,,0,0.0,0.0,5
steady_m05,steady_m2_r10_k1,single_marginal,observed,-0.017818826263784077,0.008388233019236472,5,-0.1305555555555556,0.05941458232279843,5,-0.009561329850446018,0.004512107403133177,5,-0.008548096190159601,0.005692269508040242,5,0.0,0.0,5,0.0,0.0,5,-0.11203703703703702,0.0189192747608357,5,0.0,0.0,5,-0.1305555555555556,0.05941458232279843,5,-0.0685185185185185,0.03230804874512574,5,0.0,0.0,5
steady_m1,steady_m2_r10_k1,pooled_conditional,clean,0.0,0.0,5,,,0,0.0,0.0,5,,,0,0.0,0.0,5,,,0,,,0,,,0,,,0,,,0,0.0,0.0,5
steady_m1,steady_m2_r10_k1,pooled_conditional,observed,-0.20413160214844903,0.015425265707350908,5,-0.16666666666666666,0.003273642505493263,5,-0.24302723823847527,0.060144617840926694,5,-0.17394538838073664,0.01750462050855739,5,-0.0021072796934865903,0.0011083368427656313,5,-0.030555555555555558,0.016070884220101646,5,-0.1935185185185185,0.02002013732448117,5,0.0,0.0,5,-0.16666666666666666,0.003273642505493263,5,-0.1,0.03712374110505455,5,0.0,0.0,5
steady_m1,steady_m2_r10_k1,pooled_marginal,clean,0.0,0.0,5,,,0,0.0,0.0,5,,,0,0.0,0.0,5,,,0,,,0,,,0,,,0,,,0,0.0,0.0,5
steady_m1,steady_m2_r10_k1,pooled_marginal,observed,-0.11256981874797709,0.03782219866501985,5,-0.08796296296296298,0.030181492616678927,5,-0.15963549601082547,0.06308479127090313,5,-0.07828097461522879,0.018242596194216826,5,0.0,0.0,5,0.0,0.0,5,-0.15925925925925927,0.031159849389747876,5,0.0,0.0,5,-0.08796296296296298,0.030181492616678927,5,-0.08518518518518518,0.030110393595387225,5,0.0,0.0,5
steady_m1,steady_m2_r10_k1,regime_conditional,clean,0.0,0.0,5,,,0,0.0,0.0,5,,,0,0.0,0.0,5,,,0,,,0,,,0,,,0,,,0,0.0,0.0,5
steady_m1,steady_m2_r10_k1,regime_conditional,observed,-0.3422897593169344,0.018621933028366823,5,-0.31666666666666665,0.013733700902029024,5,-0.34122780805855085,0.028736387199078457,5,-0.34370790734251067,0.023913999200594907,5,-0.0014687100893997448,0.0004842193770147862,5,-0.021296296296296296,0.007021180966714401,5,-0.29814814814814816,0.035349276238557555,5,0.0,0.0,5,-0.31666666666666665,0.013733700902029024,5,-0.27222222222222225,0.02880061299073296,5,0.0,0.0,5
steady_m1,steady_m2_r10_k1,regime_marginal,clean,0.0,0.0,5,,,0,0.0,0.0,5,,,0,0.0,0.0,5,,,0,,,0,,,0,,,0,,,0,0.0,0.0,5
steady_m1,steady_m2_r10_k1,regime_marginal,observed,-0.25602121849538795,0.03926590197927519,5,-0.20370370370370372,0.03273642505493276,5,-0.33593491953985904,0.06852763361822997,5,-0.24792494027267917,0.045723684957826,5,0.0,0.0,5,0.0,0.0,5,-0.2611111111111111,0.044236589576263904,5,0.0,0.0,5,-0.20370370370370372,0.03273642505493276,5,-0.20092592592592595,0.03315926773975923,5,0.0,0.0,5
steady_m1,steady_m2_r10_k1,single_marginal,clean,0.0,0.0,5,,,0,0.0,0.0,5,,,0,0.0,0.0,5,,,0,,,0,,,0,,,0,,,0,0.0,0.0,5
steady_m1,steady_m2_r10_k1,single_marginal,observed,-0.01435880951575163,0.004727971103254539,5,-0.10555555555555554,0.03312693299999689,5,-0.0077027896719209735,0.0025450833859008196,5,-0.007142913088519766,0.004761115017643772,5,0.0,0.0,5,0.0,0.0,5,-0.08703703703703702,0.005071505162084852,5,0.0,0.0,5,-0.10555555555555554,0.03312693299999689,5,-0.059259259259259255,0.027271623101894706,5,0.0,0.0,5
steady_m4,steady_m2_r10_k1,pooled_conditional,clean,0.0,0.0,5,,,0,0.0,0.0,5,,,0,0.0,0.0,5,,,0,,,0,,,0,,,0,,,0,0.0,0.0,5
steady_m4,steady_m2_r10_k1,pooled_conditional,observed,0.31092994041775945,0.03226788004291444,5,0.437962962962963,0.06560366512562353,5,0.14423662257055592,0.018264234649945296,5,0.35087257157159757,0.05785883400781776,5,0.007854406130268199,0.002469044052258137,5,0.11388888888888889,0.03580113875774298,5,0.21018518518518517,0.05424772346085935,5,0.0,0.0,5,0.437962962962963,0.06560366512562353,5,0.22037037037037038,0.015562718809232986,5,0.0,0.0,5
steady_m4,steady_m2_r10_k1,pooled_marginal,clean,0.0,0.0,5,,,0,0.0,0.0,5,,,0,0.0,0.0,5,,,0,,,0,,,0,,,0,,,0,0.0,0.0,5
steady_m4,steady_m2_r10_k1,pooled_marginal,observed,0.34339723883982465,0.014396593828194438,5,0.35,0.025693401713910387,5,0.30651178635090776,0.03304046423689925,5,0.3750842470900341,0.027772068634185024,5,0.0,0.0,5,0.0,0.0,5,0.23148148148148148,0.029644093691818765,5,0.0,0.0,5,0.35,0.025693401713910387,5,0.34629629629629627,0.026875787543888856,5,0.0,0.0,5
steady_m4,steady_m2_r10_k1,regime_conditional,clean,0.0,0.0,5,,,0,0.0,0.0,5,,,0,0.0,0.0,5,,,0,,,0,,,0,,,0,,,0,0.0,0.0,5
steady_m4,steady_m2_r10_k1,regime_conditional,observed,0.31597167366236556,0.026272859516130648,5,0.5962962962962963,0.016498638593708762,5,0.10175374817034895,0.02947259221007445,5,0.5236886326388784,0.01930464277646055,5,0.00871647509578544,0.0016804211196603778,5,0.12638888888888888,0.02436610623507549,5,0.19166666666666665,0.027113982341382056,5,0.0,0.0,5,0.5962962962962963,0.016498638593708762,5,0.34074074074074073,0.05345167554582077,5,0.0,0.0,5
steady_m4,steady_m2_r10_k1,regime_marginal,clean,0.0,0.0,5,,,0,0.0,0.0,5,,,0,0.0,0.0,5,,,0,,,0,,,0,,,0,,,0,0.0,0.0,5
steady_m4,steady_m2_r10_k1,regime_marginal,observed,0.5060353072124435,0.036421660093240875,5,0.662037037037037,0.006547285010986531,5,0.29438801194360803,0.03305466950031451,5,0.6287109488034517,0.03547753634148511,5,0.0,0.0,5,0.0,0.0,5,0.21759259259259256,0.051864251162981656,5,0.0,0.0,5,0.662037037037037,0.006547285010986531,5,0.6537037037037037,0.008905270398921966,5,0.0,0.0,5
steady_m4,steady_m2_r10_k1,single_marginal,clean,0.0,0.0,5,,,0,0.0,0.0,5,,,0,0.0,0.0,5,,,0,,,0,,,0,,,0,,,0,0.0,0.0,5
steady_m4,steady_m2_r10_k1,single_marginal,observed,0.044277670062115346,0.00959585890711674,5,0.337037037037037,0.0757478716194038,5,0.02369147780544748,0.005123216244722757,5,0.03002375335239459,0.022986280494608862,5,0.0,0.0,5,0.0,0.0,5,0.0851851851851852,0.028274873119634218,5,0.0,0.0,5,0.337037037037037,0.0757478716194038,5,0.21944444444444447,0.018402413809584975,5,0.0,0.0,5
steady_r02,steady_m2_r10_k1,pooled_conditional,clean,0.0,0.0,5,,,0,0.0,0.0,5,,,0,0.0,0.0,5,,,0,,,0,,,0,,,0,,,0,0.0,0.0,5
steady_r02,steady_m2_r10_k1,pooled_conditional,observed,-0.09662237352140207,0.04664728638379024,5,0.008333333333333331,0.06112601529813398,5,-0.24127403804606556,0.02747905622447792,5,-0.09524200167071893,0.05282397848828807,5,-0.0021961552391300205,0.0013400729401086616,5,-0.0060185185185185185,0.014161105480724804,5,-0.011574074074074093,0.02777777777777779,5,0.0,0.0,5,0.008333333333333331,0.06112601529813398,5,0.018518518518518524,0.05747550471266267,5,0.0,0.0,5
steady_r02,steady_m2_r10_k1,pooled_marginal,clean,0.0,0.0,5,,,0,0.0,0.0,5,,,0,0.0,0.0,5,,,0,,,0,,,0,,,0,,,0,0.0,0.0,5
steady_r02,steady_m2_r10_k1,pooled_marginal,observed,-0.06870051787223547,0.01414246895306013,5,0.015740740740740746,0.02817995887691334,5,-0.17081675263356072,0.031121390556589416,5,-0.048843380601997215,0.04946412073237525,5,-0.00014010407731457653,0.00015229014644435856,5,0.005555555555555555,0.010397358648831345,5,0.007870370370370361,0.04564354645876382,5,0.0,0.0,5,0.015740740740740746,0.02817995887691334,5,0.006481481481481486,0.024078525229529336,5,0.0,0.0,5
steady_r02,steady_m2_r10_k1,regime_conditional,clean,0.0,0.0,5,,,0,0.0,0.0,5,,,0,0.0,0.0,5,,,0,,,0,,,0,,,0,,,0,0.0,0.0,5
steady_r02,steady_m2_r10_k1,regime_conditional,observed,-0.1510249929300561,0.030716974814947257,5,0.04166666666666667,0.050899614415037105,5,-0.294129605411645,0.023546123266449736,5,-0.1676445479291881,0.06117308789121675,5,-0.001170631516745773,0.0005968840598107509,5,0.009259259259259262,0.020801158281957676,5,0.031481481481481464,0.06334307917217434,5,0.0,0.0,5,0.04166666666666667,0.050899614415037105,5,0.021296296296296303,0.04050595224596673,5,0.0,0.0,5
steady_r02,steady_m2_r10_k1,regime_marginal,clean,0.0,0.0,5,,,0,0.0,0.0,5,,,0,0.0,0.0,5,,,0,,,0,,,0,,,0,,,0,0.0,0.0,5
steady_r02,steady_m2_r10_k1,regime_marginal,observed,-0.1067605963990329,0.03668960865601012,5,0.03287037037037037,0.04938753834479477,5,-0.28766252870784714,0.0562700533364393,5,-0.1671294931063929,0.05761780907363992,5,1.2151884256876403e-05,0.0002557248563341044,5,0.0013888888888888887,0.0037859785263416957,5,0.035648148148148096,0.05825336229014593,5,0.0,0.0,5,0.03287037037037037,0.04938753834479477,5,0.03564814814814814,0.0515949322805742,5,0.0,0.0,5
steady_r02,steady_m2_r10_k1,single_marginal,clean,0.0,0.0,5,,,0,0.0,0.0,5,,,0,0.0,0.0,5,,,0,,,0,,,0,,,0,,,0,0.0,0.0,5
steady_r02,steady_m2_r10_k1,single_marginal,observed,-0.05597565325361977,0.008378261172039065,5,0.022685185185185176,0.05182290858872491,5,-0.030630609078758496,0.004575011449694679,5,-0.02848552938690646,0.0055910056519679575,5,-0.001280951564018995,0.0013922357182111142,5,-0.008796296296296302,0.029321495284754525,5,0.009722222222222233,0.0781639991823319,5,0.0,0.0,5,0.022685185185185176,0.05182290858872491,5,0.02685185185185186,0.015493704195075468,5,0.0,0.0,5
steady_r20,steady_m2_r10_k1,pooled_conditional,clean,0.0,0.0,5,,,0,0.0,0.0,5,,,0,0.0,0.0,5,,,0,,,0,,,0,,,0,,,0,0.0,0.0,5
steady_r20,steady_m2_r10_k1,pooled_conditional,observed,0.02380386114802961,0.03930299751458995,5,-0.004629629629629628,0.03127142612524605,5,0.14205639283003008,0.03328861175941713,5,0.06654652906816105,0.035775825473608844,5,0.001500638569604086,0.0007554388142677345,5,-0.008564814814814813,0.014142173513061046,5,-0.007407407407407418,0.05043428508943947,5,0.0,0.0,5,-0.004629629629629628,0.03127142612524605,5,0.010648148148148151,0.03038497559835261,5,0.0,0.0,5
steady_r20,steady_m2_r10_k1,pooled_marginal,clean,0.0,0.0,5,,,0,0.0,0.0,5,,,0,0.0,0.0,5,,,0,,,0,,,0,,,0,,,0,0.0,0.0,5
steady_r20,steady_m2_r10_k1,pooled_marginal,observed,0.035023184511900965,0.031059653061471505,5,0.007870370370370371,0.01898994842777192,5,0.16332594681097604,0.03593337679165626,5,0.07607094332203072,0.02003524755422797,5,5.929574895092056e-05,0.00033207589039337083,5,0.0020833333333333333,0.004658474953124561,5,0.01157407407407408,0.05660657065109945,5,0.0,0.0,5,0.007870370370370371,0.01898994842777192,5,0.00509259259259259,0.018691323368691063,5,0.0,0.0,5
steady_r20,steady_m2_r10_k1,regime_conditional,clean,0.0,0.0,5,,,0,0.0,0.0,5,,,0,0.0,0.0,5,,,0,,,0,,,0,,,0,,,0,0.0,0.0,5
steady_r20,steady_m2_r10_k1,regime_conditional,observed,0.05036896468734757,0.018994722593717338,5,0.004629629629629617,0.017088915578973844,5,0.1477567717935186,0.02480911392327057,5,0.10213648871441883,0.026268259983778325,5,0.0017093139937967513,0.0011562651365629752,5,0.0006944444444444461,0.0063709995113531885,5,-0.006481481481481488,0.02671581119676576,5,0.0,0.0,5,0.004629629629629617,0.017088915578973844,5,0.009722222222222233,0.021429234835246527,5,0.0,0.0,5
steady_r20,steady_m2_r10_k1,regime_marginal,clean,0.0,0.0,5,,,0,0.0,0.0,5,,,0,0.0,0.0,5,,,0,,,0,,,0,,,0,,,0,0.0,0.0,5
steady_r20,steady_m2_r10_k1,regime_marginal,observed,0.060374575794283514,0.02923557525962279,5,0.021296296296296285,0.024628585330130355,5,0.1967443673749508,0.03272493179128606,5,0.14535081819236667,0.03967794085217995,5,-6.385696040868554e-05,0.0003121650684943604,5,0.003935185185185186,0.0024000510825610793,5,0.005555555555555536,0.03218341905822142,5,0.0,0.0,5,0.021296296296296285,0.024628585330130355,5,0.018518518518518507,0.02449769732467215,5,0.0,0.0,5
steady_r20,steady_m2_r10_k1,single_marginal,clean,0.0,0.0,5,,,0,0.0,0.0,5,,,0,0.0,0.0,5,,,0,,,0,,,0,,,0,,,0,0.0,0.0,5
steady_r20,steady_m2_r10_k1,single_marginal,observed,0.06814295477717115,0.009318404607528103,5,0.01944444444444442,0.06428770450573952,5,0.041861917082641364,0.004998268083848547,5,0.0463989415950357,0.012163769945999284,5,0.0007594417077175563,0.004029959226077099,5,-0.003472222222222232,0.03685574844465428,5,0.0560185185185185,0.06763459501669765,5,0.0,0.0,5,0.01944444444444442,0.06428770450573952,5,0.015277777777777782,0.034899240129137775,5,0.0,0.0,5
switch_d0,steady_m2_r10_k1,pooled_conditional,clean,0.0,0.0,5,,,0,0.0,0.0,5,,,0,0.0012654320987654322,0.0011823445252702445,5,,,0,,,0,,,0,,,0,,,0,0.0,0.0,5
switch_d0,steady_m2_r10_k1,pooled_conditional,observed,-0.0019220468159004578,0.01819675472127468,5,0.002777777777777779,0.01521451548625461,5,-0.015649267789757747,0.03749393256695373,5,0.007501074782128964,0.015034950918982593,5,0.0010217113665389524,0.0021286983781332418,5,-0.006481481481481481,0.02671581119676576,5,-0.0037037037037036978,0.0684653196881458,5,0.0,0.0,5,0.002777777777777779,0.01521451548625461,5,0.021296296296296296,0.04399366303038741,5,0.0,0.0,5
switch_d0,steady_m2_r10_k1,pooled_marginal,clean,0.0,0.0,5,,,0,0.0,0.0,5,,,0,-0.0015740740740740739,0.0010084141514015153,5,,,0,,,0,,,0,,,0,,,0,0.0,0.0,5
switch_d0,steady_m2_r10_k1,pooled_marginal,observed,0.016527337438690382,0.11474937479199722,5,0.013888888888888892,0.09771699499632144,5,0.030354725851230176,0.1404636100110985,5,0.025975343576094368,0.07952360885845122,5,-0.001660280970625798,0.0009002472656367615,5,-0.0004629629629629629,0.004452635199460959,5,-0.011111111111111127,0.14450823615109515,5,0.0,0.0,5,0.013888888888888892,0.09771699499632144,5,0.011111111111111117,0.08932906061276392,5,0.0,0.0,5
switch_d0,steady_m2_r10_k1,regime_conditional,clean,0.0,0.0,5,,,0,0.0,0.0,5,,,0,0.00021604938271604958,0.0005835700741107729,5,,,0,,,0,,,0,,,0,,,0,0.0,0.0,5
switch_d0,steady_m2_r10_k1,regime_conditional,observed,-0.007328173266983107,0.018753174543435842,5,-0.006481481481481477,0.018402413809584992,5,-0.008083812846715088,0.02054365685032301,5,0.0010959457951054464,0.018533290245688235,5,0.00025542784163473767,0.0006141565792359946,5,0.0,0.004330621975432804,5,0.007407407407407418,0.016236738811805707,5,0.0,0.0,5,-0.006481481481481477,0.018402413809584992,5,-0.008333333333333314,0.023697192392721722,5,0.0,0.0,5
switch_d0,steady_m2_r10_k1,regime_marginal,clean,0.0,0.0,5,,,0,0.0,0.0,5,,,0,-0.0004320987654320988,0.0012883723126383836,5,,,0,,,0,,,0,,,0,,,0,0.0,0.0,5
switch_d0,steady_m2_r10_k1,regime_marginal,observed,0.0017705282630542274,0.02491834850984291,5,-5.551115123125783e-18,0.01964185503295964,5,0.004469834114763482,0.0360717049761756,5,0.0073170719655195945,0.018111195988620283,5,-0.00041507024265644997,0.0012189405599502608,5,-0.0018518518518518517,0.00414086662499961,5,0.0074074074074073955,0.012508570450098417,5,0.0,0.0,5,-5.551115123125783e-18,0.01964185503295964,5,-0.0009259259259259301,0.01947748515552097,5,0.0,0.0,5
switch_d0,steady_m2_r10_k1,single_marginal,clean,0.0,0.0,5,,,0,0.0,0.0,5,,,0,-0.003858024691358042,0.005517919499623806,5,,,0,,,0,,,0,,,0,,,0,0.0,0.0,5
switch_d0,steady_m2_r10_k1,single_marginal,observed,0.006762204537840322,0.014572110908177319,5,0.04814814814814814,0.10580501711209414,5,0.0036377268222073183,0.007828012256300405,5,0.00040280941957836837,0.009621408485155592,5,-0.0026819923371647625,0.005228623749898824,5,-0.040277777777777767,0.043999752540144633,5,0.06481481481481483,0.031228559174148244,5,0.0,0.0,5,0.04814814814814814,0.10580501711209414,5,0.03425925925925927,0.05003428180039368,5,0.0,0.0,5
switch_d12,switch_d0,pooled_conditional,clean,0.0,0.0,5,,,0,0.0,0.0,5,,,0,0.0,0.0,5,,,0,,,0,,,0,,,0,,,0,0.0,0.0,5
switch_d12,switch_d0,pooled_conditional,observed,0.0,0.0,5,0.0,0.0,5,0.0,0.0,5,0.0,0.0,5,0.0,0.0,5,0.0,0.0,5,0.0,0.0,5,0.0,0.0,5,0.0,0.0,5,0.0,0.0,5,0.0,0.0,5
switch_d12,switch_d0,pooled_marginal,clean,0.0,0.0,5,,,0,0.0,0.0,5,,,0,0.0,0.0,5,,,0,,,0,,,0,,,0,,,0,0.0,0.0,5
switch_d12,switch_d0,pooled_marginal,observed,0.0,0.0,5,0.0,0.0,5,0.0,0.0,5,0.0,0.0,5,0.0,0.0,5,0.0,0.0,5,0.0,0.0,5,0.0,0.0,5,0.0,0.0,5,0.0,0.0,5,0.0,0.0,5
switch_d12,switch_d0,regime_conditional,clean,0.0,0.0,5,,,0,0.0,0.0,5,,,0,0.06574074074074074,0.0008452508603474788,5,,,0,,,0,,,0,,,0,,,0,0.0,0.0,5
switch_d12,switch_d0,regime_conditional,observed,-0.1939487301890741,0.031230570150959466,5,0.060185185185185175,0.05186425116298166,5,-0.3408836303943029,0.04074198446569195,5,-0.30961881137648983,0.024733975857511914,5,0.06491060025542784,0.002612483386248614,5,0.05601851851851852,0.045842685166389924,5,-0.02870370370370372,0.01891927476083567,5,0.0,0.0,5,0.060185185185185175,0.05186425116298166,5,0.008333333333333314,0.025017140900196834,5,0.0,0.0,5
switch_d12,switch_d0,regime_marginal,clean,0.0,0.0,5,,,0,0.0,0.0,5,,,0,0.06944444444444445,0.00309604979131773,5,,,0,,,0,,,0,,,0,,,0,0.0,0.0,5
switch_d12,switch_d0,regime_marginal,observed,-0.14213349942054632,0.04986716210706951,5,0.07685185185185184,0.06190560981646955,5,-0.34494965041838316,0.0637325754223987,5,-0.21625504004445806,0.05736864691873996,5,0.06954022988505747,0.0038257594448611073,5,0.06712962962962962,0.03510590483357199,5,-0.02777777777777779,0.017930478454663938,5,0.0,0.0,5,0.07685185185185184,0.06190560981646955,5,0.006481481481481472,0.020338780218971106,5,0.0,0.0,5
switch_d12,switch_d0,single_marginal,clean,0.0,0.0,5,,,0,0.0,0.0,5,,,0,0.0,0.0,5,,,0,,,0,,,0,,,0,,,0,0.0,0.0,5
switch_d12,switch_d0,single_marginal,observed,0.0,0.0,5,0.0,0.0,5,0.0,0.0,5,0.0,0.0,5,0.0,0.0,5,0.0,0.0,5,0.0,0.0,5,0.0,0.0,5,0.0,0.0,5,0.0,0.0,5,0.0,0.0,5
switch_d4,switch_d0,pooled_conditional,clean,0.0,0.0,5,,,0,0.0,0.0,5,,,0,0.0,0.0,5,,,0,,,0,,,0,,,0,,,0,0.0,0.0,5
switch_d4,switch_d0,pooled_conditional,observed,0.0,0.0,5,0.0,0.0,5,0.0,0.0,5,0.0,0.0,5,0.0,0.0,5,0.0,0.0,5,0.0,0.0,5,0.0,0.0,5,0.0,0.0,5,0.0,0.0,5,0.0,0.0,5
switch_d4,switch_d0,pooled_marginal,clean,0.0,0.0,5,,,0,0.0,0.0,5,,,0,0.0,0.0,5,,,0,,,0,,,0,,,0,,,0,0.0,0.0,5
switch_d4,switch_d0,pooled_marginal,observed,0.0,0.0,5,0.0,0.0,5,0.0,0.0,5,0.0,0.0,5,0.0,0.0,5,0.0,0.0,5,0.0,0.0,5,0.0,0.0,5,0.0,0.0,5,0.0,0.0,5,0.0,0.0,5
switch_d4,switch_d0,regime_conditional,clean,0.0,0.0,5,,,0,0.0,0.0,5,,,0,0.02228395061728395,0.0008281733249999209,5,,,0,,,0,,,0,,,0,,,0,0.0,0.0,5
switch_d4,switch_d0,regime_conditional,observed,-0.09457547562948922,0.023815540397768002,5,0.02685185185185186,0.022299249219985724,5,-0.21536715582070703,0.03810888225936468,5,-0.23566807243067722,0.017648425589914727,5,0.021551724137931032,0.001576342405661838,5,0.022222222222222223,0.015835769793043585,5,-0.015740740740740743,0.015562718809232988,5,0.0,0.0,5,0.02685185185185186,0.022299249219985724,5,0.005555555555555547,0.011527684812952535,5,0.0,0.0,5
switch_d4,switch_d0,regime_marginal,clean,0.0,0.0,5,,,0,0.0,0.0,5,,,0,0.022932098765432098,0.0009424957706544732,5,,,0,,,0,,,0,,,0,,,0,0.0,0.0,5
switch_d4,switch_d0,regime_marginal,observed,-0.0691902851931695,0.026685974644512316,5,0.03333333333333334,0.023008840073683666,5,-0.23927688290512047,0.047233811726801814,5,-0.1643949824036441,0.03898159389888777,5,0.022669220945083012,0.0008371718136734926,5,0.03287037037037037,0.01581884218821286,5,-0.017592592592592583,0.014418899539256862,5,0.0,0.0,5,0.03333333333333334,0.023008840073683666,5,-5.551115123125783e-18,0.0032736425054932607,5,0.0,0.0,5
switch_d4,switch_d0,single_marginal,clean,0.0,0.0,5,,,0,0.0,0.0,5,,,0,0.0,0.0,5,,,0,,,0,,,0,,,0,,,0,0.0,0.0,5
switch_d4,switch_d0,single_marginal,observed,0.0,0.0,5,0.0,0.0,5,0.0,0.0,5,0.0,0.0,5,0.0,0.0,5,0.0,0.0,5,0.0,0.0,5,0.0,0.0,5,0.0,0.0,5,0.0,0.0,5,0.0,0.0,5
